last_name,ip,user_type,telnet_id,home,client_password,phone_model,first_name,middle_name,sip_trunk_did,sip_password,vm_password,fax,company,pri_trunk_dnis,robot_address,mac,client_id,cas_session_id,pager,hq_username,hq_password,extension,mobile,user_name,work,server,client_email,tenant_id,client_link
auto,,Manhattan,tel_id,NIL,Test123!!,p8cg,maha1,,NIL,111111,shoreadmin1,NIL,,NIL,localhost:8888,0010493F2DF4 ,maha1-auto@mitel-test.com,0,NIL,administrator,Shoreadmin1,6432,NIL,USER_01,NIL,clientstart.sky.shoretel.com,maha1-auto@mitel-test.com,0,clientstart.sky.shoretel.com
auto,,Manhattan,tel_id,NIL,Test123!!,p8cg,maha2,,NIL,111111,shoreadmin1,NIL,shoretel,NIL,localhost:8888,00104940F567,maha2-auto@mitel-test.com,0,NIL,administrator,Shoreadmin1,6443,NIL,USER_02,NIL,clientstart.sky.shoretel.com,maha2-auto@mitel-test.com,0,clientstart.sky.shoretel.com
auto,,Manhattan,tel_id,NIL,Test123!!,p8cg,maha3,,NIL,111111,shoreadmin1,NIL,shoretel,NIL,localhost:8888,1049415117,maha3-auto@mitel-test.com,0,NIL,administrator,Shoreadmin1,4422,NIL,USER_03,NIL,clientstart.sky.shoretel.com,maha3-auto@mitel-test.com,0,clientstart.sky.shoretel.com
auto,,Manhattan,tel_id,NIL,Abc123!!,p8cg,maha4,,NIL,111111,shoreadmin1,NIL,shoretel,NIL,localhost:8888,001049337A3D,maha4-auto@mitel-test.com,0,NIL,administrator,Shoreadmin1,4423,NIL,USER_04,NIL,clientstart.sky.shoretel.com,maha4-auto@mitel-test.com,0,clientstart.sky.shoretel.com
auto,,Manhattan,tel_id,NIL,Abc123!!!,p8cg,maha5,,NIL,111111,shoreadmin1,NIL,shoretel,NIL,localhost:8888,001049454AC5 ,maha5-auto@mitel-test.com,0,NIL,administrator,Shoreadmin1,7654,NIL,USER_05,NIL,clientstart.sky.shoretel.com,maha5-auto@mitel-test.com,0,clientstart.sky.shoretel.com
auto,,Manhattan,tel_id,NIL,Abc123!!!,p8cg,maha6,,NIL,111111,shoreadmin1,NIL,shoretel,NIL,localhost:8888,001049454B23,maha6-auto@mitel-test.com,0,NIL,administrator,Shoreadmin1,6434,NIL,USER_06,NIL,clientstart.sky.shoretel.com,maha6-auto@mitel-test.com,0,clientstart.sky.shoretel.com
auto,,Manhattan,tel_id,NIL,Abc123!!,p8cg,maha7,,14086107655,111111,shoreadmin1,NIL,shoretel,NIL,localhost:8888,00104933723E ,maha6-auto@mitel-test.com,0,NIL,administrator,Shoreadmin1,7655,NIL,USER_07,NIL,clientstart.sky.shoretel.com,maha6-auto@mitel-test.com,0,clientstart.sky.shoretel.com
