<?xml version="1.0" encoding="UTF-8"?>
<robot rpa="false" generated="20190911 19:22:03.328" generator="Robot 3.1.2 (Python 2.7.12 on win32)">
<suite source="C:\atf-robot\automation-connect-client\Regression_TestCases\Contact_Feature_5to10_TC.robot" id="s1" name="Contact Feature 5to10 TC">
<kw type="setup" name="Suite case PreCondition">
<kw name="Create Dictionary" library="BuiltIn">
<doc>Creates and returns a dictionary based on the given ``items``.</doc>
<arguments>
<arg>user1=${user01}</arg>
<arg>user2=${user02}</arg>
<arg>user3=${user03}</arg>
<arg>user4=${user04}</arg>
<arg>client_count=4</arg>
</arguments>
<assign>
<var>&amp;{params}</var>
</assign>
<msg timestamp="20190911 19:22:03.853" level="INFO">&amp;{params} = { user1={'ip': '', 'extension': '6432', 'server': 'clientstart.sky.shoretel.com', 'phone_type': 'p8cg', 'user_type': 'Manhattan', 'mac': '0010493F2DF4 ', 'first_name': 'maha1', 'middle_name': '', 'las...</msg>
<status status="PASS" endtime="20190911 19:22:03.854" starttime="20190911 19:22:03.852"></status>
</kw>
<kw name="Launch Login" library="mnh_parallel_executor">
<arguments>
<arg>&amp;{params}</arg>
</arguments>
<assign>
<var>${objects_list}</var>
</assign>
<msg timestamp="20190911 19:22:17.423" level="INFO">manhattancomponent
Map directory for &lt;manhattancomponent&gt; is &lt;C:\atf-robot\automation-connect-client\map&gt;
manhattancomponent
Map directory for &lt;manhattancomponent&gt; is &lt;C:\atf-robot\automation-connect-client\map&gt;
manhattancomponent
Map directory for &lt;manhattancomponent&gt; is &lt;C:\atf-robot\automation-connect-client\map&gt;
manhattancomponent
Map directory for &lt;manhattancomponent&gt; is &lt;C:\atf-robot\automation-connect-client\map&gt;</msg>
<msg timestamp="20190911 19:22:17.423" level="INFO">${objects_list} = [&lt;ManhattanComponent.ManhattanComponent instance at 0x03400378&gt;, &lt;ManhattanComponent.ManhattanComponent instance at 0x03400DC8&gt;, &lt;ManhattanComponent.ManhattanComponent instance at 0x034007B0&gt;, &lt;Manhat...</msg>
<status status="PASS" endtime="20190911 19:22:17.423" starttime="20190911 19:22:03.854"></status>
</kw>
<kw name="Get From List" library="Collections">
<doc>Returns the value specified with an ``index`` from ``list``.</doc>
<arguments>
<arg>${objects_list}</arg>
<arg>0</arg>
</arguments>
<assign>
<var>${client_one}</var>
</assign>
<msg timestamp="20190911 19:22:17.424" level="INFO">${client_one} = &lt;ManhattanComponent.ManhattanComponent instance at 0x03400378&gt;</msg>
<status status="PASS" endtime="20190911 19:22:17.424" starttime="20190911 19:22:17.424"></status>
</kw>
<kw name="Get From List" library="Collections">
<doc>Returns the value specified with an ``index`` from ``list``.</doc>
<arguments>
<arg>${objects_list}</arg>
<arg>1</arg>
</arguments>
<assign>
<var>${client_two}</var>
</assign>
<msg timestamp="20190911 19:22:17.425" level="INFO">${client_two} = &lt;ManhattanComponent.ManhattanComponent instance at 0x03400DC8&gt;</msg>
<status status="PASS" endtime="20190911 19:22:17.425" starttime="20190911 19:22:17.424"></status>
</kw>
<kw name="Get From List" library="Collections">
<doc>Returns the value specified with an ``index`` from ``list``.</doc>
<arguments>
<arg>${objects_list}</arg>
<arg>2</arg>
</arguments>
<assign>
<var>${client_three}</var>
</assign>
<msg timestamp="20190911 19:22:17.425" level="INFO">${client_three} = &lt;ManhattanComponent.ManhattanComponent instance at 0x034007B0&gt;</msg>
<status status="PASS" endtime="20190911 19:22:17.425" starttime="20190911 19:22:17.425"></status>
</kw>
<kw name="Get From List" library="Collections">
<doc>Returns the value specified with an ``index`` from ``list``.</doc>
<arguments>
<arg>${objects_list}</arg>
<arg>3</arg>
</arguments>
<assign>
<var>${client_four}</var>
</assign>
<msg timestamp="20190911 19:22:17.426" level="INFO">${client_four} = &lt;ManhattanComponent.ManhattanComponent instance at 0x03400AD0&gt;</msg>
<status status="PASS" endtime="20190911 19:22:17.426" starttime="20190911 19:22:17.425"></status>
</kw>
<kw name="Set Suite Variable" library="BuiltIn">
<doc>Makes a variable available everywhere within the scope of the current suite.</doc>
<arguments>
<arg>${client1}</arg>
<arg>${client_one}</arg>
</arguments>
<msg timestamp="20190911 19:22:17.429" level="INFO">${client1} = &lt;ManhattanComponent.ManhattanComponent instance at 0x03400378&gt;</msg>
<status status="PASS" endtime="20190911 19:22:17.429" starttime="20190911 19:22:17.426"></status>
</kw>
<kw name="Set Suite Variable" library="BuiltIn">
<doc>Makes a variable available everywhere within the scope of the current suite.</doc>
<arguments>
<arg>${client2}</arg>
<arg>${client_two}</arg>
</arguments>
<msg timestamp="20190911 19:22:17.431" level="INFO">${client2} = &lt;ManhattanComponent.ManhattanComponent instance at 0x03400DC8&gt;</msg>
<status status="PASS" endtime="20190911 19:22:17.431" starttime="20190911 19:22:17.429"></status>
</kw>
<kw name="Set Suite Variable" library="BuiltIn">
<doc>Makes a variable available everywhere within the scope of the current suite.</doc>
<arguments>
<arg>${client3}</arg>
<arg>${client_three}</arg>
</arguments>
<msg timestamp="20190911 19:22:17.433" level="INFO">${client3} = &lt;ManhattanComponent.ManhattanComponent instance at 0x034007B0&gt;</msg>
<status status="PASS" endtime="20190911 19:22:17.433" starttime="20190911 19:22:17.431"></status>
</kw>
<kw name="Set Suite Variable" library="BuiltIn">
<doc>Makes a variable available everywhere within the scope of the current suite.</doc>
<arguments>
<arg>${client4}</arg>
<arg>${client_four}</arg>
</arguments>
<msg timestamp="20190911 19:22:17.436" level="INFO">${client4} = &lt;ManhattanComponent.ManhattanComponent instance at 0x03400AD0&gt;</msg>
<status status="PASS" endtime="20190911 19:22:17.436" starttime="20190911 19:22:17.434"></status>
</kw>
<kw name="Call Method" library="BuiltIn">
<doc>Calls the named method of the given object with the provided arguments.</doc>
<arguments>
<arg>${client1}</arg>
<arg>cleanup_groups</arg>
</arguments>
<msg timestamp="20190911 19:22:17.436" level="INFO">cleanup_groups- Open the People tab and unmark number of users</msg>
<msg timestamp="20190911 19:22:17.437" level="INFO">{'ELEMENT_TYPE': 'span', 'BY_TYPE': 'xpath', 'BY_VALUE': "//span[contains(@class,'icon icon-dashboard-people')]"}</msg>
<msg timestamp="20190911 19:22:17.732" level="INFO">{'ELEMENT_TYPE': 'div', 'BY_TYPE': 'xpath', 'BY_VALUE': "//div[contains(text(),'Groups')]"}</msg>
<msg timestamp="20190911 19:22:17.970" level="INFO">{'ELEMENT_TYPE': 'button', 'BY_TYPE': 'xpath', 'BY_VALUE': '//button[@class="group-header-button icon icon-group-more"]'}</msg>
<msg timestamp="20190911 19:22:21.019" level="INFO">{'ELEMENT_TYPE': 'span', 'BY_TYPE': 'xpath', 'BY_VALUE': "//span[contains(@class,'icon icon-dashboard-people')]"}</msg>
<status status="PASS" endtime="20190911 19:22:21.132" starttime="20190911 19:22:17.436"></status>
</kw>
<kw name="Call Method" library="BuiltIn">
<doc>Calls the named method of the given object with the provided arguments.</doc>
<arguments>
<arg>${client1}</arg>
<arg>cleanup_favorites</arg>
</arguments>
<msg timestamp="20190911 19:22:21.132" level="INFO">cleanup_favorites- Open the People tab and unmark number of users</msg>
<msg timestamp="20190911 19:22:21.133" level="INFO">{'ELEMENT_TYPE': 'span', 'BY_TYPE': 'xpath', 'BY_VALUE': "//span[contains(@class,'icon icon-dashboard-people')]"}</msg>
<msg timestamp="20190911 19:22:21.308" level="INFO">{'ELEMENT_TYPE': 'div', 'BY_TYPE': 'xpath', 'BY_VALUE': "//div[contains(text(),'Favorites')]"}</msg>
<msg timestamp="20190911 19:22:21.670" level="INFO">{'ELEMENT_TYPE': 'button', 'BY_TYPE': 'xpath', 'BY_VALUE': '//button[@class="peopleFavIcon icon icon-buttons-favorite-on"]'}</msg>
<msg timestamp="20190911 19:22:25.227" level="INFO">{'ELEMENT_TYPE': 'span', 'BY_TYPE': 'xpath', 'BY_VALUE': '//span[@class="icon  listIcon "]'}</msg>
<msg timestamp="20190911 19:22:25.289" level="INFO">{'ELEMENT_TYPE': 'button', 'BY_TYPE': 'xpath', 'BY_VALUE': '//button[@class="peopleFavIcon icon icon-buttons-favorite-on"]'}</msg>
<msg timestamp="20190911 19:22:28.299" level="INFO">{'ELEMENT_TYPE': 'span', 'BY_TYPE': 'xpath', 'BY_VALUE': "//span[contains(@class,'icon icon-dashboard-people')]"}</msg>
<status status="PASS" endtime="20190911 19:22:28.393" starttime="20190911 19:22:21.132"></status>
</kw>
<status status="PASS" endtime="20190911 19:22:28.394" starttime="20190911 19:22:03.852"></status>
</kw>
<test id="s1-t1" name="tc_680529_Group_Fav_Search">
<kw name="Log" library="BuiltIn">
<doc>Logs the given message with the given level.</doc>
<arguments>
<arg>Step 2.1 --User add userB as Favorite</arg>
</arguments>
<msg timestamp="20190911 19:22:28.398" level="INFO">Step 2.1 --User add userB as Favorite</msg>
<status status="PASS" endtime="20190911 19:22:28.398" starttime="20190911 19:22:28.398"></status>
</kw>
<kw name="Create Dictionary" library="BuiltIn">
<doc>Creates and returns a dictionary based on the given ``items``.</doc>
<arguments>
<arg>peopleName=${user02.first_name} ${user02.last_name}</arg>
<arg>option=add</arg>
</arguments>
<assign>
<var>&amp;{params}</var>
</assign>
<msg timestamp="20190911 19:22:28.400" level="INFO">&amp;{params} = { peopleName=maha2 auto | option=add }</msg>
<status status="PASS" endtime="20190911 19:22:28.400" starttime="20190911 19:22:28.399"></status>
</kw>
<kw name="Call Method" library="BuiltIn">
<doc>Calls the named method of the given object with the provided arguments.</doc>
<arguments>
<arg>${client1}</arg>
<arg>add_or_delete_to_favorite_group</arg>
<arg>&amp;{params}</arg>
</arguments>
<msg timestamp="20190911 19:22:28.402" level="INFO">{'ELEMENT_TYPE': 'a', 'BY_TYPE': 'xpath', 'BY_VALUE': "//a[contains(@id,'dashboardSearch')]"}</msg>
<msg timestamp="20190911 19:22:29.581" level="INFO">{'ELEMENT_TYPE': 'input', 'BY_TYPE': 'xpath', 'BY_VALUE': "//input[contains(@id,'searchText')]"}</msg>
<msg timestamp="20190911 19:22:29.641" level="INFO">{'ELEMENT_TYPE': 'input', 'BY_TYPE': 'xpath', 'BY_VALUE': "//input[contains(@id,'searchText')]"}</msg>
<msg timestamp="20190911 19:22:29.745" level="INFO">{'ELEMENT_TYPE': 'input', 'BY_TYPE': 'xpath', 'BY_VALUE': "//input[contains(@id,'searchText')]"}</msg>
<msg timestamp="20190911 19:22:29.786" level="INFO">{'ELEMENT_TYPE': 'input', 'BY_TYPE': 'xpath', 'BY_VALUE': "//input[contains(@id,'searchText')]"}</msg>
<msg timestamp="20190911 19:22:29.828" level="INFO">{'ELEMENT_TYPE': 'input', 'BY_TYPE': 'xpath', 'BY_VALUE': "//input[contains(@id,'searchText')]"}</msg>
<msg timestamp="20190911 19:22:29.867" level="INFO">{'ELEMENT_TYPE': 'input', 'BY_TYPE': 'xpath', 'BY_VALUE': "//input[contains(@id,'searchText')]"}</msg>
<msg timestamp="20190911 19:22:29.909" level="INFO">{'ELEMENT_TYPE': 'input', 'BY_TYPE': 'xpath', 'BY_VALUE': "//input[contains(@id,'searchText')]"}</msg>
<msg timestamp="20190911 19:22:29.948" level="INFO">{'ELEMENT_TYPE': 'input', 'BY_TYPE': 'xpath', 'BY_VALUE': "//input[contains(@id,'searchText')]"}</msg>
<msg timestamp="20190911 19:22:29.988" level="INFO">{'ELEMENT_TYPE': 'input', 'BY_TYPE': 'xpath', 'BY_VALUE': "//input[contains(@id,'searchText')]"}</msg>
<msg timestamp="20190911 19:22:30.027" level="INFO">{'ELEMENT_TYPE': 'input', 'BY_TYPE': 'xpath', 'BY_VALUE': "//input[contains(@id,'searchText')]"}</msg>
<msg timestamp="20190911 19:22:30.066" level="INFO">{'ELEMENT_TYPE': 'input', 'BY_TYPE': 'xpath', 'BY_VALUE': "//input[contains(@id,'searchText')]"}</msg>
<msg timestamp="20190911 19:22:33.104" level="INFO">{'ELEMENT_TYPE': 'div', 'BY_TYPE': 'xpath', 'BY_VALUE': "//div[@class='contactName font-m']"}</msg>
<msg timestamp="20190911 19:22:33.142" level="INFO">search_people_or_extension - maha2 auto is available</msg>
<msg timestamp="20190911 19:22:37.142" level="INFO">{'ELEMENT_TYPE': 'div', 'BY_TYPE': 'xpath', 'BY_VALUE': '//div[@class="contactName font-m"]'}</msg>
<msg timestamp="20190911 19:22:37.178" level="INFO">click_favorite_button - l</msg>
<msg timestamp="20190911 19:22:37.178" level="INFO">{'ELEMENT_TYPE': 'button', 'BY_TYPE': 'xpath', 'BY_VALUE': '//button[@class="contactFavIcon icon icon-buttons-favorite"]'}</msg>
<msg timestamp="20190911 19:22:38.345" level="INFO">click_favorite_button - favorite button clicked for adding the user</msg>
<msg timestamp="20190911 19:22:38.345" level="INFO">add_or_delete_to_favorite_group - user maha2 auto added to Favorites</msg>
<status status="PASS" endtime="20190911 19:22:38.345" starttime="20190911 19:22:28.401"></status>
</kw>
<kw name="Log" library="BuiltIn">
<doc>Logs the given message with the given level.</doc>
<arguments>
<arg>Step 2.2 --Close second panel</arg>
</arguments>
<msg timestamp="20190911 19:22:38.346" level="INFO">Step 2.2 --Close second panel</msg>
<status status="PASS" endtime="20190911 19:22:38.346" starttime="20190911 19:22:38.346"></status>
</kw>
<kw name="Create Dictionary" library="BuiltIn">
<doc>Creates and returns a dictionary based on the given ``items``.</doc>
<arguments>
<arg>panel=second_search</arg>
</arguments>
<assign>
<var>&amp;{params}</var>
</assign>
<msg timestamp="20190911 19:22:38.347" level="INFO">&amp;{params} = { panel=second_search }</msg>
<status status="PASS" endtime="20190911 19:22:38.347" starttime="20190911 19:22:38.347"></status>
</kw>
<kw name="Call Method" library="BuiltIn">
<doc>Calls the named method of the given object with the provided arguments.</doc>
<arguments>
<arg>${client1}</arg>
<arg>close_panel</arg>
<arg>&amp;{params}</arg>
</arguments>
<msg timestamp="20190911 19:22:38.348" level="INFO">close_panel- closing the panel...</msg>
<msg timestamp="20190911 19:22:38.348" level="INFO">{'ELEMENT_TYPE': 'button', 'BY_TYPE': 'xpath', 'BY_VALUE': '//div[@id="contactSearch"]/button[contains(@class,"close-panel")]'}</msg>
<msg timestamp="20190911 19:22:38.452" level="INFO">close_panel - second panel for search result closed successfully</msg>
<msg timestamp="20190911 19:22:38.453" level="INFO">close_panel- closed the panel successfully</msg>
<status status="PASS" endtime="20190911 19:22:38.453" starttime="20190911 19:22:38.348"></status>
</kw>
<kw name="Log" library="BuiltIn">
<doc>Logs the given message with the given level.</doc>
<arguments>
<arg>Step 2.3 --User add userC as Favorite</arg>
</arguments>
<msg timestamp="20190911 19:22:38.454" level="INFO">Step 2.3 --User add userC as Favorite</msg>
<status status="PASS" endtime="20190911 19:22:38.454" starttime="20190911 19:22:38.453"></status>
</kw>
<kw name="Create Dictionary" library="BuiltIn">
<doc>Creates and returns a dictionary based on the given ``items``.</doc>
<arguments>
<arg>peopleName=${user03.first_name} ${user03.last_name}</arg>
<arg>option=add</arg>
</arguments>
<assign>
<var>&amp;{params}</var>
</assign>
<msg timestamp="20190911 19:22:38.455" level="INFO">&amp;{params} = { peopleName=maha3 auto | option=add }</msg>
<status status="PASS" endtime="20190911 19:22:38.455" starttime="20190911 19:22:38.454"></status>
</kw>
<kw name="Call Method" library="BuiltIn">
<doc>Calls the named method of the given object with the provided arguments.</doc>
<arguments>
<arg>${client1}</arg>
<arg>add_or_delete_to_favorite_group</arg>
<arg>&amp;{params}</arg>
</arguments>
<msg timestamp="20190911 19:22:38.456" level="INFO">{'ELEMENT_TYPE': 'a', 'BY_TYPE': 'xpath', 'BY_VALUE': "//a[contains(@id,'dashboardSearch')]"}</msg>
<msg timestamp="20190911 19:22:39.673" level="INFO">{'ELEMENT_TYPE': 'input', 'BY_TYPE': 'xpath', 'BY_VALUE': "//input[contains(@id,'searchText')]"}</msg>
<msg timestamp="20190911 19:22:39.720" level="INFO">{'ELEMENT_TYPE': 'input', 'BY_TYPE': 'xpath', 'BY_VALUE': "//input[contains(@id,'searchText')]"}</msg>
<msg timestamp="20190911 19:22:39.793" level="INFO">{'ELEMENT_TYPE': 'input', 'BY_TYPE': 'xpath', 'BY_VALUE': "//input[contains(@id,'searchText')]"}</msg>
<msg timestamp="20190911 19:22:39.843" level="INFO">{'ELEMENT_TYPE': 'input', 'BY_TYPE': 'xpath', 'BY_VALUE': "//input[contains(@id,'searchText')]"}</msg>
<msg timestamp="20190911 19:22:39.881" level="INFO">{'ELEMENT_TYPE': 'input', 'BY_TYPE': 'xpath', 'BY_VALUE': "//input[contains(@id,'searchText')]"}</msg>
<msg timestamp="20190911 19:22:39.920" level="INFO">{'ELEMENT_TYPE': 'input', 'BY_TYPE': 'xpath', 'BY_VALUE': "//input[contains(@id,'searchText')]"}</msg>
<msg timestamp="20190911 19:22:39.960" level="INFO">{'ELEMENT_TYPE': 'input', 'BY_TYPE': 'xpath', 'BY_VALUE': "//input[contains(@id,'searchText')]"}</msg>
<msg timestamp="20190911 19:22:39.999" level="INFO">{'ELEMENT_TYPE': 'input', 'BY_TYPE': 'xpath', 'BY_VALUE': "//input[contains(@id,'searchText')]"}</msg>
<msg timestamp="20190911 19:22:40.038" level="INFO">{'ELEMENT_TYPE': 'input', 'BY_TYPE': 'xpath', 'BY_VALUE': "//input[contains(@id,'searchText')]"}</msg>
<msg timestamp="20190911 19:22:40.077" level="INFO">{'ELEMENT_TYPE': 'input', 'BY_TYPE': 'xpath', 'BY_VALUE': "//input[contains(@id,'searchText')]"}</msg>
<msg timestamp="20190911 19:22:40.115" level="INFO">{'ELEMENT_TYPE': 'input', 'BY_TYPE': 'xpath', 'BY_VALUE': "//input[contains(@id,'searchText')]"}</msg>
<msg timestamp="20190911 19:22:43.153" level="INFO">{'ELEMENT_TYPE': 'div', 'BY_TYPE': 'xpath', 'BY_VALUE': "//div[@class='contactName font-m']"}</msg>
<msg timestamp="20190911 19:22:43.175" level="INFO">search_people_or_extension - maha3 auto is available</msg>
<msg timestamp="20190911 19:22:47.175" level="INFO">{'ELEMENT_TYPE': 'div', 'BY_TYPE': 'xpath', 'BY_VALUE': '//div[@class="contactName font-m"]'}</msg>
<msg timestamp="20190911 19:22:47.196" level="INFO">click_favorite_button - l</msg>
<msg timestamp="20190911 19:22:47.196" level="INFO">{'ELEMENT_TYPE': 'button', 'BY_TYPE': 'xpath', 'BY_VALUE': '//button[@class="contactFavIcon icon icon-buttons-favorite"]'}</msg>
<msg timestamp="20190911 19:22:48.263" level="INFO">click_favorite_button - favorite button clicked for adding the user</msg>
<msg timestamp="20190911 19:22:48.263" level="INFO">add_or_delete_to_favorite_group - user maha3 auto added to Favorites</msg>
<status status="PASS" endtime="20190911 19:22:48.263" starttime="20190911 19:22:38.456"></status>
</kw>
<kw name="Log" library="BuiltIn">
<doc>Logs the given message with the given level.</doc>
<arguments>
<arg>Step 2.4 --Close second panel</arg>
</arguments>
<msg timestamp="20190911 19:22:48.265" level="INFO">Step 2.4 --Close second panel</msg>
<status status="PASS" endtime="20190911 19:22:48.265" starttime="20190911 19:22:48.264"></status>
</kw>
<kw name="Create Dictionary" library="BuiltIn">
<doc>Creates and returns a dictionary based on the given ``items``.</doc>
<arguments>
<arg>panel=second_search</arg>
</arguments>
<assign>
<var>&amp;{params}</var>
</assign>
<msg timestamp="20190911 19:22:48.266" level="INFO">&amp;{params} = { panel=second_search }</msg>
<status status="PASS" endtime="20190911 19:22:48.266" starttime="20190911 19:22:48.265"></status>
</kw>
<kw name="Call Method" library="BuiltIn">
<doc>Calls the named method of the given object with the provided arguments.</doc>
<arguments>
<arg>${client1}</arg>
<arg>close_panel</arg>
<arg>&amp;{params}</arg>
</arguments>
<msg timestamp="20190911 19:22:48.267" level="INFO">close_panel- closing the panel...</msg>
<msg timestamp="20190911 19:22:48.267" level="INFO">{'ELEMENT_TYPE': 'button', 'BY_TYPE': 'xpath', 'BY_VALUE': '//div[@id="contactSearch"]/button[contains(@class,"close-panel")]'}</msg>
<msg timestamp="20190911 19:22:48.356" level="INFO">close_panel - second panel for search result closed successfully</msg>
<msg timestamp="20190911 19:22:48.356" level="INFO">close_panel- closed the panel successfully</msg>
<status status="PASS" endtime="20190911 19:22:48.356" starttime="20190911 19:22:48.266"></status>
</kw>
<kw name="Log" library="BuiltIn">
<doc>Logs the given message with the given level.</doc>
<arguments>
<arg>Step 3 --User search for userB in favorite panel</arg>
</arguments>
<msg timestamp="20190911 19:22:48.357" level="INFO">Step 3 --User search for userB in favorite panel</msg>
<status status="PASS" endtime="20190911 19:22:48.357" starttime="20190911 19:22:48.356"></status>
</kw>
<kw name="Create Dictionary" library="BuiltIn">
<doc>Creates and returns a dictionary based on the given ``items``.</doc>
<arguments>
<arg>searchItem=${user02.first_name} ${user02.last_name}</arg>
</arguments>
<assign>
<var>&amp;{params}</var>
</assign>
<msg timestamp="20190911 19:22:48.358" level="INFO">&amp;{params} = { searchItem=maha2 auto }</msg>
<status status="PASS" endtime="20190911 19:22:48.358" starttime="20190911 19:22:48.357"></status>
</kw>
<kw name="Call Method" library="BuiltIn">
<doc>Calls the named method of the given object with the provided arguments.</doc>
<arguments>
<arg>${client1}</arg>
<arg>search_Fav_Tab</arg>
<arg>&amp;{params}</arg>
</arguments>
<msg timestamp="20190911 19:22:48.359" level="INFO">{'ELEMENT_TYPE': 'span', 'BY_TYPE': 'xpath', 'BY_VALUE': "//span[contains(@class,'icon icon-dashboard-people')]"}</msg>
<msg timestamp="20190911 19:22:48.679" level="INFO">{'ELEMENT_TYPE': 'div', 'BY_TYPE': 'xpath', 'BY_VALUE': "//div[contains(text(),'Favorites')]"}</msg>
<msg timestamp="20190911 19:22:48.837" level="INFO">{'ELEMENT_TYPE': 'input', 'BY_TYPE': 'xpath', 'BY_VALUE': "//input[contains(@class,'searchInPeople people-search')]"}</msg>
<msg timestamp="20190911 19:22:49.006" level="INFO">{'ELEMENT_TYPE': 'input', 'BY_TYPE': 'xpath', 'BY_VALUE': "//input[contains(@class,'searchInPeople people-search')]"}</msg>
<msg timestamp="20190911 19:22:49.098" level="INFO">{'ELEMENT_TYPE': 'input', 'BY_TYPE': 'xpath', 'BY_VALUE': "//input[contains(@class,'searchInPeople people-search')]"}</msg>
<msg timestamp="20190911 19:22:49.179" level="INFO">{'ELEMENT_TYPE': 'input', 'BY_TYPE': 'xpath', 'BY_VALUE': "//input[contains(@class,'searchInPeople people-search')]"}</msg>
<msg timestamp="20190911 19:22:49.230" level="INFO">{'ELEMENT_TYPE': 'input', 'BY_TYPE': 'xpath', 'BY_VALUE': "//input[contains(@class,'searchInPeople people-search')]"}</msg>
<msg timestamp="20190911 19:22:49.274" level="INFO">{'ELEMENT_TYPE': 'input', 'BY_TYPE': 'xpath', 'BY_VALUE': "//input[contains(@class,'searchInPeople people-search')]"}</msg>
<msg timestamp="20190911 19:22:49.316" level="INFO">{'ELEMENT_TYPE': 'input', 'BY_TYPE': 'xpath', 'BY_VALUE': "//input[contains(@class,'searchInPeople people-search')]"}</msg>
<msg timestamp="20190911 19:22:49.358" level="INFO">{'ELEMENT_TYPE': 'input', 'BY_TYPE': 'xpath', 'BY_VALUE': "//input[contains(@class,'searchInPeople people-search')]"}</msg>
<msg timestamp="20190911 19:22:49.403" level="INFO">{'ELEMENT_TYPE': 'input', 'BY_TYPE': 'xpath', 'BY_VALUE': "//input[contains(@class,'searchInPeople people-search')]"}</msg>
<msg timestamp="20190911 19:22:49.446" level="INFO">{'ELEMENT_TYPE': 'input', 'BY_TYPE': 'xpath', 'BY_VALUE': "//input[contains(@class,'searchInPeople people-search')]"}</msg>
<msg timestamp="20190911 19:22:49.487" level="INFO">{'ELEMENT_TYPE': 'input', 'BY_TYPE': 'xpath', 'BY_VALUE': "//input[contains(@class,'searchInPeople people-search')]"}</msg>
<msg timestamp="20190911 19:22:51.529" level="INFO">{'ELEMENT_TYPE': 'div', 'BY_TYPE': 'xpath', 'BY_VALUE': '//div[contains(@class,"details")]'}</msg>
<status status="PASS" endtime="20190911 19:22:53.636" starttime="20190911 19:22:48.359"></status>
</kw>
<kw name="Log" library="BuiltIn">
<doc>Logs the given message with the given level.</doc>
<arguments>
<arg>Step 4 --UserA places a call to UserB</arg>
</arguments>
<msg timestamp="20190911 19:22:53.637" level="INFO">Step 4 --UserA places a call to UserB</msg>
<status status="PASS" endtime="20190911 19:22:53.637" starttime="20190911 19:22:53.636"></status>
</kw>
<kw name="Create Dictionary" library="BuiltIn">
<doc>Creates and returns a dictionary based on the given ``items``.</doc>
<arguments>
<arg>option=start</arg>
<arg>user=${EMPTY}</arg>
</arguments>
<assign>
<var>&amp;{params}</var>
</assign>
<msg timestamp="20190911 19:22:53.638" level="INFO">&amp;{params} = { option=start | user= }</msg>
<status status="PASS" endtime="20190911 19:22:53.638" starttime="20190911 19:22:53.637"></status>
</kw>
<kw name="Call Method" library="BuiltIn">
<doc>Calls the named method of the given object with the provided arguments.</doc>
<arguments>
<arg>${client1}</arg>
<arg>place_end_call</arg>
<arg>&amp;{params}</arg>
</arguments>
<msg timestamp="20190911 19:22:53.640" level="INFO">place_end_call - operation to be start</msg>
<msg timestamp="20190911 19:22:53.640" level="INFO">{'ELEMENT_TYPE': 'button', 'BY_TYPE': 'xpath', 'BY_VALUE': '//button[@class="any-contact-action icon  icon-contactcard-call  call  generic-tooltip-contact-call-info"]'}</msg>
<msg timestamp="20190911 19:22:53.705" level="INFO">{'ELEMENT_TYPE': 'button', 'BY_TYPE': 'xpath', 'BY_VALUE': '//button[@class="any-contact-action icon  icon-contactcard-call  call  generic-tooltip-contact-call-info"]'}</msg>
<msg timestamp="20190911 19:22:53.821" level="INFO">{'ELEMENT_TYPE': 'button', 'BY_TYPE': 'xpath', 'BY_VALUE': "//div[contains(@class,'call-cell-buttons')]/button[@data-title='Hangup']"}</msg>
<msg timestamp="20190911 19:22:55.379" level="INFO">start_call - Call placed successfully</msg>
<msg timestamp="20190911 19:22:55.379" level="INFO">place_end_call - operation start performed</msg>
<status status="PASS" endtime="20190911 19:22:55.379" starttime="20190911 19:22:53.639"></status>
</kw>
<kw name="Sleep" library="BuiltIn">
<doc>Pauses the test executed for the given time.</doc>
<arguments>
<arg>2s</arg>
</arguments>
<msg timestamp="20190911 19:22:57.381" level="INFO">Slept 2 seconds</msg>
<status status="PASS" endtime="20190911 19:22:57.381" starttime="20190911 19:22:55.380"></status>
</kw>
<kw name="Log" library="BuiltIn">
<doc>Logs the given message with the given level.</doc>
<arguments>
<arg>Step 5.1 --UserA receives the call to UserB</arg>
</arguments>
<msg timestamp="20190911 19:22:57.382" level="INFO">Step 5.1 --UserA receives the call to UserB</msg>
<status status="PASS" endtime="20190911 19:22:57.382" starttime="20190911 19:22:57.381"></status>
</kw>
<kw name="Create Dictionary" library="BuiltIn">
<doc>Creates and returns a dictionary based on the given ``items``.</doc>
<arguments>
<arg>option=recv</arg>
<arg>user=${EMPTY}</arg>
</arguments>
<assign>
<var>&amp;{params}</var>
</assign>
<msg timestamp="20190911 19:22:57.383" level="INFO">&amp;{params} = { option=recv | user= }</msg>
<status status="PASS" endtime="20190911 19:22:57.383" starttime="20190911 19:22:57.382"></status>
</kw>
<kw name="Call Method" library="BuiltIn">
<doc>Calls the named method of the given object with the provided arguments.</doc>
<arguments>
<arg>${client2}</arg>
<arg>place_end_call</arg>
<arg>&amp;{params}</arg>
</arguments>
<msg timestamp="20190911 19:22:57.384" level="INFO">place_end_call - operation to be recv</msg>
<msg timestamp="20190911 19:22:57.384" level="INFO">{'ELEMENT_TYPE': 'div', 'BY_TYPE': 'xpath', 'BY_VALUE': "//div[contains(@class, 'call-action-buttons')]/div[@data-title='Answer']"}</msg>
<msg timestamp="20190911 19:22:57.473" level="INFO">{'ELEMENT_TYPE': 'div', 'BY_TYPE': 'xpath', 'BY_VALUE': "//div[contains(@class, 'call-action-buttons')]/div[@data-title='Answer']"}</msg>
<msg timestamp="20190911 19:22:59.440" level="INFO">receive_call - Call received successfully</msg>
<msg timestamp="20190911 19:22:59.440" level="INFO">place_end_call - operation recv performed</msg>
<status status="PASS" endtime="20190911 19:22:59.440" starttime="20190911 19:22:57.383"></status>
</kw>
<kw name="Sleep" library="BuiltIn">
<doc>Pauses the test executed for the given time.</doc>
<arguments>
<arg>5s</arg>
</arguments>
<msg timestamp="20190911 19:23:04.441" level="INFO">Slept 5 seconds</msg>
<status status="PASS" endtime="20190911 19:23:04.441" starttime="20190911 19:22:59.441"></status>
</kw>
<kw name="Log" library="BuiltIn">
<doc>Logs the given message with the given level.</doc>
<arguments>
<arg>Step 5.2 UserA ends the call to UserB</arg>
</arguments>
<msg timestamp="20190911 19:23:04.442" level="INFO">Step 5.2 UserA ends the call to UserB</msg>
<status status="PASS" endtime="20190911 19:23:04.442" starttime="20190911 19:23:04.441"></status>
</kw>
<kw name="Create Dictionary" library="BuiltIn">
<doc>Creates and returns a dictionary based on the given ``items``.</doc>
<arguments>
<arg>option=end</arg>
<arg>user=${EMPTY}</arg>
</arguments>
<assign>
<var>&amp;{params}</var>
</assign>
<msg timestamp="20190911 19:23:04.443" level="INFO">&amp;{params} = { option=end | user= }</msg>
<status status="PASS" endtime="20190911 19:23:04.443" starttime="20190911 19:23:04.442"></status>
</kw>
<kw name="Call Method" library="BuiltIn">
<doc>Calls the named method of the given object with the provided arguments.</doc>
<arguments>
<arg>${client1}</arg>
<arg>place_end_call</arg>
<arg>&amp;{params}</arg>
</arguments>
<msg timestamp="20190911 19:23:04.445" level="INFO">place_end_call - operation to be end</msg>
<msg timestamp="20190911 19:23:04.445" level="INFO">{'ELEMENT_TYPE': 'div', 'BY_TYPE': 'xpath', 'BY_VALUE': "//div/button[contains(@class,'any-contact-action icon icon-maincontrols-end')]"}</msg>
<msg timestamp="20190911 19:23:04.511" level="INFO">{'ELEMENT_TYPE': 'div', 'BY_TYPE': 'xpath', 'BY_VALUE': "//div/button[contains(@class,'any-contact-action icon icon-maincontrols-end')]"}</msg>
<msg timestamp="20190911 19:23:04.619" level="INFO">{'ELEMENT_TYPE': 'div', 'BY_TYPE': 'xpath', 'BY_VALUE': "//div/button[contains(@class,'any-contact-action icon icon-maincontrols-end')]"}</msg>
<msg timestamp="20190911 19:23:04.636" level="INFO">end_call - Call ended successfully</msg>
<msg timestamp="20190911 19:23:04.636" level="INFO">place_end_call - operation end performed</msg>
<msg timestamp="20190911 19:23:04.636" level="INFO">('element_not_displayed len -- ', 1)</msg>
<status status="PASS" endtime="20190911 19:23:04.636" starttime="20190911 19:23:04.444"></status>
</kw>
<kw name="Sleep" library="BuiltIn">
<doc>Pauses the test executed for the given time.</doc>
<arguments>
<arg>2s</arg>
</arguments>
<msg timestamp="20190911 19:23:06.637" level="INFO">Slept 2 seconds</msg>
<status status="PASS" endtime="20190911 19:23:06.637" starttime="20190911 19:23:04.637"></status>
</kw>
<kw name="Log" library="BuiltIn">
<doc>Logs the given message with the given level.</doc>
<arguments>
<arg>Step 6--UserA creates a group1</arg>
</arguments>
<msg timestamp="20190911 19:23:06.638" level="INFO">Step 6--UserA creates a group1</msg>
<status status="PASS" endtime="20190911 19:23:06.638" starttime="20190911 19:23:06.637"></status>
</kw>
<kw name="Create Dictionary" library="BuiltIn">
<doc>Creates and returns a dictionary based on the given ``items``.</doc>
<arguments>
<arg>option=people</arg>
</arguments>
<assign>
<var>&amp;{params}</var>
</assign>
<msg timestamp="20190911 19:23:06.639" level="INFO">&amp;{params} = { option=people }</msg>
<status status="PASS" endtime="20190911 19:23:06.639" starttime="20190911 19:23:06.638"></status>
</kw>
<kw name="Call Method" library="BuiltIn">
<doc>Calls the named method of the given object with the provided arguments.</doc>
<arguments>
<arg>${client1}</arg>
<arg>invoke_dashboard_tab</arg>
<arg>&amp;{params}</arg>
</arguments>
<msg timestamp="20190911 19:23:06.640" level="INFO">{'ELEMENT_TYPE': 'span', 'BY_TYPE': 'xpath', 'BY_VALUE': "//span[contains(@class,'icon icon-dashboard-people')]"}</msg>
<msg timestamp="20190911 19:23:07.834" level="INFO">{'ELEMENT_TYPE': 'div', 'BY_TYPE': 'xpath', 'BY_VALUE': "//div[contains(text(),'Groups')]"}</msg>
<msg timestamp="20190911 19:23:07.894" level="INFO">Clicked on People tab</msg>
<msg timestamp="20190911 19:23:07.894" level="INFO">invoke_dashboard_tab - People tab opened successfully</msg>
<status status="PASS" endtime="20190911 19:23:07.894" starttime="20190911 19:23:06.639"></status>
</kw>
<kw name="Create Dictionary" library="BuiltIn">
<doc>Creates and returns a dictionary based on the given ``items``.</doc>
<arguments>
<arg>groupName=Group1</arg>
<arg>choice=save</arg>
<arg>contact1=${user02.first_name} ${user02.last_name}</arg>
<arg>contact2=${user03.first_name} ${user03.last_name}</arg>
<arg>contact3=${user04.first_name} ${user04.last_name}</arg>
</arguments>
<assign>
<var>&amp;{params}</var>
</assign>
<msg timestamp="20190911 19:23:07.897" level="INFO">&amp;{params} = { groupName=Group1 | choice=save | contact1=maha2 auto | contact2=maha3 auto | contact3=maha4 auto }</msg>
<status status="PASS" endtime="20190911 19:23:07.897" starttime="20190911 19:23:07.895"></status>
</kw>
<kw name="Call Method" library="BuiltIn">
<doc>Calls the named method of the given object with the provided arguments.</doc>
<arguments>
<arg>${client1}</arg>
<arg>create_new_group</arg>
<arg>&amp;{params}</arg>
</arguments>
<msg timestamp="20190911 19:23:07.898" level="INFO">{'ELEMENT_TYPE': 'button', 'BY_TYPE': 'xpath', 'BY_VALUE': '//st-panel[contains(@class,\'panelB\')]/*/button[contains(@class,"close-panel")]'}</msg>
<msg timestamp="20190911 19:23:10.914" level="INFO">{'ELEMENT_TYPE': 'button', 'BY_TYPE': 'xpath', 'BY_VALUE': '//st-panel[contains(@class,\'panelB\')]/*/button[contains(@class,"close-panel")]'}</msg>
<msg timestamp="20190911 19:23:13.970" level="INFO">{'ELEMENT_TYPE': 'div', 'BY_TYPE': 'xpath', 'BY_VALUE': "//div[contains(text(),'Groups')]"}</msg>
<msg timestamp="20190911 19:23:16.056" level="INFO">{'ELEMENT_TYPE': 'div', 'BY_TYPE': 'xpath', 'BY_VALUE': "//div[contains(text(),'Groups')]"}</msg>
<msg timestamp="20190911 19:23:16.119" level="INFO">{'ELEMENT_TYPE': 'div', 'BY_TYPE': 'xpath', 'BY_VALUE': "//div[contains(@class,'group-header ui-draggable')]"}</msg>
<msg timestamp="20190911 19:23:19.155" level="INFO"> delete_group - No Such Group Present</msg>
<msg timestamp="20190911 19:23:19.155" level="INFO">delete_group - group Group1 deleted successfully</msg>
<msg timestamp="20190911 19:23:19.155" level="INFO">{'ELEMENT_TYPE': 'div', 'BY_TYPE': 'xpath', 'BY_VALUE': "//div[contains(text(),'Groups')]"}</msg>
<msg timestamp="20190911 19:23:19.471" level="INFO">{'ELEMENT_TYPE': 'a', 'BY_TYPE': 'xpath', 'BY_VALUE': "//a[contains(@class, 'add')]"}</msg>
<msg timestamp="20190911 19:23:22.581" level="INFO">{'ELEMENT_TYPE': 'div', 'BY_TYPE': 'xpath', 'BY_VALUE': "//div[contains(text(),'Add Group')]"}</msg>
<msg timestamp="20190911 19:23:22.683" level="INFO">add_new_group_button - creating new group</msg>
<msg timestamp="20190911 19:23:22.683" level="INFO">{'ELEMENT_TYPE': 'input', 'BY_TYPE': 'xpath', 'BY_VALUE': "//input[contains(@can-value,'{group.name}')]"}</msg>
<msg timestamp="20190911 19:23:24.960" level="INFO">{'ELEMENT_TYPE': 'st-autosuggest', 'BY_TYPE': 'xpath', 'BY_VALUE': "//div[@class='memberlist']/st-autosuggest/div/div/input"}</msg>
<msg timestamp="20190911 19:23:27.139" level="INFO">{'ELEMENT_TYPE': 'ul', 'BY_TYPE': 'xpath', 'BY_VALUE': "//ul[contains(@class,'user-suggestion-wrap')]/li[1]"}</msg>
<msg timestamp="20190911 19:23:28.344" level="INFO">{'ELEMENT_TYPE': 'st-autosuggest', 'BY_TYPE': 'xpath', 'BY_VALUE': "//div[@class='memberlist']/st-autosuggest/div/div/input"}</msg>
<msg timestamp="20190911 19:23:30.472" level="INFO">{'ELEMENT_TYPE': 'ul', 'BY_TYPE': 'xpath', 'BY_VALUE': "//ul[contains(@class,'user-suggestion-wrap')]/li[1]"}</msg>
<msg timestamp="20190911 19:23:31.602" level="INFO">{'ELEMENT_TYPE': 'st-autosuggest', 'BY_TYPE': 'xpath', 'BY_VALUE': "//div[@class='memberlist']/st-autosuggest/div/div/input"}</msg>
<msg timestamp="20190911 19:23:33.725" level="INFO">{'ELEMENT_TYPE': 'ul', 'BY_TYPE': 'xpath', 'BY_VALUE': "//ul[contains(@class,'user-suggestion-wrap')]/li[1]"}</msg>
<msg timestamp="20190911 19:23:34.859" level="INFO">{'ELEMENT_TYPE': 'span', 'BY_TYPE': 'xpath', 'BY_VALUE': "//stc-button/button[contains(@class,'submit')]"}</msg>
<msg timestamp="20190911 19:23:34.973" level="INFO">add_new_group - clicked on save button</msg>
<msg timestamp="20190911 19:23:35.973" level="INFO">create_new_group - group Group1 added</msg>
<msg timestamp="20190911 19:23:35.973" level="INFO">('element_not_displayed len -- ', 0)
('element_not_displayed len -- ', 0)
[u'maha4 auto', u'maha2 auto', u'maha3 auto']</msg>
<status status="PASS" endtime="20190911 19:23:35.973" starttime="20190911 19:23:07.897"></status>
</kw>
<kw name="Create Dictionary" library="BuiltIn">
<doc>Creates and returns a dictionary based on the given ``items``.</doc>
<arguments>
<arg>panel=second</arg>
</arguments>
<assign>
<var>&amp;{params}</var>
</assign>
<msg timestamp="20190911 19:23:35.974" level="INFO">&amp;{params} = { panel=second }</msg>
<status status="PASS" endtime="20190911 19:23:35.975" starttime="20190911 19:23:35.974"></status>
</kw>
<kw name="Call Method" library="BuiltIn">
<doc>Calls the named method of the given object with the provided arguments.</doc>
<arguments>
<arg>${client1}</arg>
<arg>close_panel</arg>
<arg>&amp;{params}</arg>
</arguments>
<msg timestamp="20190911 19:23:35.976" level="INFO">close_panel- closing the panel...</msg>
<msg timestamp="20190911 19:23:35.976" level="INFO">{'ELEMENT_TYPE': 'button', 'BY_TYPE': 'xpath', 'BY_VALUE': "//st-panel[contains(@params,'{panelA}')]/div/button[contains(@class,'icon icon-buttons-min close-panel')]"}</msg>
<msg timestamp="20190911 19:23:36.107" level="INFO">close_panel - closed the second panel successfully</msg>
<msg timestamp="20190911 19:23:36.108" level="INFO">close_panel- closed the panel successfully</msg>
<status status="PASS" endtime="20190911 19:23:36.108" starttime="20190911 19:23:35.975"></status>
</kw>
<kw name="Log" library="BuiltIn">
<doc>Logs the given message with the given level.</doc>
<arguments>
<arg>Step 7 --UserA search for the userB and userB should come up as match</arg>
</arguments>
<msg timestamp="20190911 19:23:36.109" level="INFO">Step 7 --UserA search for the userB and userB should come up as match</msg>
<status status="PASS" endtime="20190911 19:23:36.109" starttime="20190911 19:23:36.108"></status>
</kw>
<kw name="Create Dictionary" library="BuiltIn">
<doc>Creates and returns a dictionary based on the given ``items``.</doc>
<arguments>
<arg>searchItem=${user02.first_name} ${user02.last_name}</arg>
</arguments>
<assign>
<var>&amp;{params}</var>
</assign>
<msg timestamp="20190911 19:23:36.110" level="INFO">&amp;{params} = { searchItem=maha2 auto }</msg>
<status status="PASS" endtime="20190911 19:23:36.110" starttime="20190911 19:23:36.109"></status>
</kw>
<kw name="Call Method" library="BuiltIn">
<doc>Calls the named method of the given object with the provided arguments.</doc>
<arguments>
<arg>${client1}</arg>
<arg>search_Group_Tab</arg>
<arg>&amp;{params}</arg>
</arguments>
<msg timestamp="20190911 19:23:36.111" level="INFO">{'ELEMENT_TYPE': 'span', 'BY_TYPE': 'xpath', 'BY_VALUE': "//span[contains(@class,'icon icon-dashboard-people')]"}</msg>
<msg timestamp="20190911 19:23:36.400" level="INFO">{'ELEMENT_TYPE': 'div', 'BY_TYPE': 'xpath', 'BY_VALUE': "//div[contains(text(),'Groups')]"}</msg>
<msg timestamp="20190911 19:23:36.536" level="INFO">{'ELEMENT_TYPE': 'input', 'BY_TYPE': 'xpath', 'BY_VALUE': "//input[contains(@class,'searchInGroup group-search')]"}</msg>
<msg timestamp="20190911 19:23:36.677" level="INFO">{'ELEMENT_TYPE': 'input', 'BY_TYPE': 'xpath', 'BY_VALUE': "//input[contains(@class,'searchInGroup group-search')]"}</msg>
<msg timestamp="20190911 19:23:36.756" level="INFO">{'ELEMENT_TYPE': 'input', 'BY_TYPE': 'xpath', 'BY_VALUE': "//input[contains(@class,'searchInGroup group-search')]"}</msg>
<msg timestamp="20190911 19:23:36.808" level="INFO">{'ELEMENT_TYPE': 'input', 'BY_TYPE': 'xpath', 'BY_VALUE': "//input[contains(@class,'searchInGroup group-search')]"}</msg>
<msg timestamp="20190911 19:23:36.874" level="INFO">{'ELEMENT_TYPE': 'input', 'BY_TYPE': 'xpath', 'BY_VALUE': "//input[contains(@class,'searchInGroup group-search')]"}</msg>
<msg timestamp="20190911 19:23:36.956" level="INFO">{'ELEMENT_TYPE': 'input', 'BY_TYPE': 'xpath', 'BY_VALUE': "//input[contains(@class,'searchInGroup group-search')]"}</msg>
<msg timestamp="20190911 19:23:36.999" level="INFO">{'ELEMENT_TYPE': 'input', 'BY_TYPE': 'xpath', 'BY_VALUE': "//input[contains(@class,'searchInGroup group-search')]"}</msg>
<msg timestamp="20190911 19:23:37.037" level="INFO">{'ELEMENT_TYPE': 'input', 'BY_TYPE': 'xpath', 'BY_VALUE': "//input[contains(@class,'searchInGroup group-search')]"}</msg>
<msg timestamp="20190911 19:23:37.077" level="INFO">{'ELEMENT_TYPE': 'input', 'BY_TYPE': 'xpath', 'BY_VALUE': "//input[contains(@class,'searchInGroup group-search')]"}</msg>
<msg timestamp="20190911 19:23:37.121" level="INFO">{'ELEMENT_TYPE': 'input', 'BY_TYPE': 'xpath', 'BY_VALUE': "//input[contains(@class,'searchInGroup group-search')]"}</msg>
<msg timestamp="20190911 19:23:37.218" level="INFO">{'ELEMENT_TYPE': 'input', 'BY_TYPE': 'xpath', 'BY_VALUE': "//input[contains(@class,'searchInGroup group-search')]"}</msg>
<msg timestamp="20190911 19:23:39.262" level="INFO">{'ELEMENT_TYPE': 'div', 'BY_TYPE': 'xpath', 'BY_VALUE': '//div[contains(@class,"details")]'}</msg>
<status status="PASS" endtime="20190911 19:23:41.585" starttime="20190911 19:23:36.110"></status>
</kw>
<kw name="Log" library="BuiltIn">
<doc>Logs the given message with the given level.</doc>
<arguments>
<arg>Step 8.1 --UserA places a call to UserB</arg>
</arguments>
<msg timestamp="20190911 19:23:41.586" level="INFO">Step 8.1 --UserA places a call to UserB</msg>
<status status="PASS" endtime="20190911 19:23:41.586" starttime="20190911 19:23:41.585"></status>
</kw>
<kw name="Create Dictionary" library="BuiltIn">
<doc>Creates and returns a dictionary based on the given ``items``.</doc>
<arguments>
<arg>option=start</arg>
<arg>user=${EMPTY}</arg>
</arguments>
<assign>
<var>&amp;{params}</var>
</assign>
<msg timestamp="20190911 19:23:41.587" level="INFO">&amp;{params} = { option=start | user= }</msg>
<status status="PASS" endtime="20190911 19:23:41.587" starttime="20190911 19:23:41.586"></status>
</kw>
<kw name="Call Method" library="BuiltIn">
<doc>Calls the named method of the given object with the provided arguments.</doc>
<arguments>
<arg>${client1}</arg>
<arg>place_end_call</arg>
<arg>&amp;{params}</arg>
</arguments>
<msg timestamp="20190911 19:23:41.588" level="INFO">place_end_call - operation to be start</msg>
<msg timestamp="20190911 19:23:41.588" level="INFO">{'ELEMENT_TYPE': 'button', 'BY_TYPE': 'xpath', 'BY_VALUE': '//button[@class="any-contact-action icon  icon-contactcard-call  call  generic-tooltip-contact-call-info"]'}</msg>
<msg timestamp="20190911 19:23:41.649" level="INFO">{'ELEMENT_TYPE': 'button', 'BY_TYPE': 'xpath', 'BY_VALUE': '//button[@class="any-contact-action icon  icon-contactcard-call  call  generic-tooltip-contact-call-info"]'}</msg>
<msg timestamp="20190911 19:23:41.820" level="INFO">{'ELEMENT_TYPE': 'button', 'BY_TYPE': 'xpath', 'BY_VALUE': "//div[contains(@class,'call-cell-buttons')]/button[@data-title='Hangup']"}</msg>
<msg timestamp="20190911 19:23:43.271" level="INFO">start_call - Call placed successfully</msg>
<msg timestamp="20190911 19:23:43.271" level="INFO">place_end_call - operation start performed</msg>
<status status="PASS" endtime="20190911 19:23:43.271" starttime="20190911 19:23:41.588"></status>
</kw>
<kw name="Sleep" library="BuiltIn">
<doc>Pauses the test executed for the given time.</doc>
<arguments>
<arg>2s</arg>
</arguments>
<msg timestamp="20190911 19:23:45.272" level="INFO">Slept 2 seconds</msg>
<status status="PASS" endtime="20190911 19:23:45.272" starttime="20190911 19:23:43.272"></status>
</kw>
<kw name="Create Dictionary" library="BuiltIn">
<doc>Creates and returns a dictionary based on the given ``items``.</doc>
<arguments>
<arg>option=recv</arg>
<arg>user=${EMPTY}</arg>
</arguments>
<assign>
<var>&amp;{params}</var>
</assign>
<msg timestamp="20190911 19:23:45.274" level="INFO">&amp;{params} = { option=recv | user= }</msg>
<status status="PASS" endtime="20190911 19:23:45.274" starttime="20190911 19:23:45.273"></status>
</kw>
<kw name="Call Method" library="BuiltIn">
<doc>Calls the named method of the given object with the provided arguments.</doc>
<arguments>
<arg>${client2}</arg>
<arg>place_end_call</arg>
<arg>&amp;{params}</arg>
</arguments>
<msg timestamp="20190911 19:23:45.275" level="INFO">place_end_call - operation to be recv</msg>
<msg timestamp="20190911 19:23:45.275" level="INFO">{'ELEMENT_TYPE': 'div', 'BY_TYPE': 'xpath', 'BY_VALUE': "//div[contains(@class, 'call-action-buttons')]/div[@data-title='Answer']"}</msg>
<msg timestamp="20190911 19:23:45.351" level="INFO">{'ELEMENT_TYPE': 'div', 'BY_TYPE': 'xpath', 'BY_VALUE': "//div[contains(@class, 'call-action-buttons')]/div[@data-title='Answer']"}</msg>
<msg timestamp="20190911 19:23:47.350" level="INFO">receive_call - Call received successfully</msg>
<msg timestamp="20190911 19:23:47.350" level="INFO">place_end_call - operation recv performed</msg>
<status status="PASS" endtime="20190911 19:23:47.350" starttime="20190911 19:23:45.274"></status>
</kw>
<kw name="Sleep" library="BuiltIn">
<doc>Pauses the test executed for the given time.</doc>
<arguments>
<arg>2s</arg>
</arguments>
<msg timestamp="20190911 19:23:49.351" level="INFO">Slept 2 seconds</msg>
<status status="PASS" endtime="20190911 19:23:49.351" starttime="20190911 19:23:47.351"></status>
</kw>
<kw name="Log" library="BuiltIn">
<doc>Logs the given message with the given level.</doc>
<arguments>
<arg>Step 8.2 -UserA ends the call to UserB</arg>
</arguments>
<msg timestamp="20190911 19:23:49.352" level="INFO">Step 8.2 -UserA ends the call to UserB</msg>
<status status="PASS" endtime="20190911 19:23:49.352" starttime="20190911 19:23:49.352"></status>
</kw>
<kw name="Create Dictionary" library="BuiltIn">
<doc>Creates and returns a dictionary based on the given ``items``.</doc>
<arguments>
<arg>option=end</arg>
<arg>user=${EMPTY}</arg>
</arguments>
<assign>
<var>&amp;{params}</var>
</assign>
<msg timestamp="20190911 19:23:49.354" level="INFO">&amp;{params} = { option=end | user= }</msg>
<status status="PASS" endtime="20190911 19:23:49.354" starttime="20190911 19:23:49.353"></status>
</kw>
<kw name="Call Method" library="BuiltIn">
<doc>Calls the named method of the given object with the provided arguments.</doc>
<arguments>
<arg>${client1}</arg>
<arg>place_end_call</arg>
<arg>&amp;{params}</arg>
</arguments>
<msg timestamp="20190911 19:23:49.354" level="INFO">place_end_call - operation to be end</msg>
<msg timestamp="20190911 19:23:49.355" level="INFO">{'ELEMENT_TYPE': 'div', 'BY_TYPE': 'xpath', 'BY_VALUE': "//div/button[contains(@class,'any-contact-action icon icon-maincontrols-end')]"}</msg>
<msg timestamp="20190911 19:23:49.421" level="INFO">{'ELEMENT_TYPE': 'div', 'BY_TYPE': 'xpath', 'BY_VALUE': "//div/button[contains(@class,'any-contact-action icon icon-maincontrols-end')]"}</msg>
<msg timestamp="20190911 19:23:49.522" level="INFO">{'ELEMENT_TYPE': 'div', 'BY_TYPE': 'xpath', 'BY_VALUE': "//div/button[contains(@class,'any-contact-action icon icon-maincontrols-end')]"}</msg>
<msg timestamp="20190911 19:23:49.540" level="INFO">end_call - Call ended successfully</msg>
<msg timestamp="20190911 19:23:49.540" level="INFO">place_end_call - operation end performed</msg>
<msg timestamp="20190911 19:23:49.540" level="INFO">('element_not_displayed len -- ', 1)</msg>
<status status="PASS" endtime="20190911 19:23:49.540" starttime="20190911 19:23:49.354"></status>
</kw>
<kw name="Sleep" library="BuiltIn">
<doc>Pauses the test executed for the given time.</doc>
<arguments>
<arg>2s</arg>
</arguments>
<msg timestamp="20190911 19:23:51.541" level="INFO">Slept 2 seconds</msg>
<status status="PASS" endtime="20190911 19:23:51.541" starttime="20190911 19:23:49.541"></status>
</kw>
<kw name="Run Keyword" library="BuiltIn">
<doc>Executes the given keyword with the given arguments.</doc>
<arguments>
<arg>Delete Contact</arg>
</arguments>
<kw name="Delete Contact">
<kw name="Call Method" library="BuiltIn">
<doc>Calls the named method of the given object with the provided arguments.</doc>
<arguments>
<arg>${client1}</arg>
<arg>cleanup_groups</arg>
</arguments>
<msg timestamp="20190911 19:23:51.543" level="INFO">cleanup_groups- Open the People tab and unmark number of users</msg>
<msg timestamp="20190911 19:23:51.543" level="INFO">{'ELEMENT_TYPE': 'span', 'BY_TYPE': 'xpath', 'BY_VALUE': "//span[contains(@class,'icon icon-dashboard-people')]"}</msg>
<msg timestamp="20190911 19:23:51.731" level="INFO">{'ELEMENT_TYPE': 'div', 'BY_TYPE': 'xpath', 'BY_VALUE': "//div[contains(text(),'Groups')]"}</msg>
<msg timestamp="20190911 19:23:51.866" level="INFO">{'ELEMENT_TYPE': 'button', 'BY_TYPE': 'xpath', 'BY_VALUE': '//button[@class="group-header-button icon icon-group-more"]'}</msg>
<msg timestamp="20190911 19:23:52.208" level="INFO">{'ELEMENT_TYPE': 'div', 'BY_TYPE': 'xpath', 'BY_VALUE': "//div[@class='editGroupItem group-edit icon icon-group-edit']"}</msg>
<msg timestamp="20190911 19:23:52.350" level="INFO">{'ELEMENT_TYPE': 'button', 'BY_TYPE': 'xpath', 'BY_VALUE': "//stc-button/button/div[@class='delete-btn']"}</msg>
<msg timestamp="20190911 19:23:52.664" level="INFO">{'ELEMENT_TYPE': 'st-dialog', 'BY_TYPE': 'xpath', 'BY_VALUE': '//st-dialog'}</msg>
<msg timestamp="20190911 19:23:52.735" level="INFO">{'ELEMENT_TYPE': 'button', 'BY_TYPE': 'xpath', 'BY_VALUE': "//div/stc-button/button[@id='delete']"}</msg>
<msg timestamp="20190911 19:23:54.882" level="INFO">{'ELEMENT_TYPE': 'span', 'BY_TYPE': 'xpath', 'BY_VALUE': "//span[contains(@class,'icon icon-dashboard-people')]"}</msg>
<status status="PASS" endtime="20190911 19:23:54.938" starttime="20190911 19:23:51.542"></status>
</kw>
<kw name="Call Method" library="BuiltIn">
<doc>Calls the named method of the given object with the provided arguments.</doc>
<arguments>
<arg>${client1}</arg>
<arg>cleanup_favorites</arg>
</arguments>
<msg timestamp="20190911 19:23:54.938" level="INFO">cleanup_favorites- Open the People tab and unmark number of users</msg>
<msg timestamp="20190911 19:23:54.939" level="INFO">{'ELEMENT_TYPE': 'span', 'BY_TYPE': 'xpath', 'BY_VALUE': "//span[contains(@class,'icon icon-dashboard-people')]"}</msg>
<msg timestamp="20190911 19:23:55.101" level="INFO">{'ELEMENT_TYPE': 'div', 'BY_TYPE': 'xpath', 'BY_VALUE': "//div[contains(text(),'Favorites')]"}</msg>
<msg timestamp="20190911 19:23:55.222" level="INFO">{'ELEMENT_TYPE': 'button', 'BY_TYPE': 'xpath', 'BY_VALUE': '//button[@class="peopleFavIcon icon icon-buttons-favorite-on"]'}</msg>
<msg timestamp="20190911 19:23:59.686" level="INFO">{'ELEMENT_TYPE': 'span', 'BY_TYPE': 'xpath', 'BY_VALUE': "//span[contains(@class,'icon icon-dashboard-people')]"}</msg>
<status status="PASS" endtime="20190911 19:23:59.733" starttime="20190911 19:23:54.938"></status>
</kw>
<status status="PASS" endtime="20190911 19:23:59.733" starttime="20190911 19:23:51.542"></status>
</kw>
<status status="PASS" endtime="20190911 19:23:59.733" starttime="20190911 19:23:51.541"></status>
</kw>
<kw type="teardown" name="Run Keyword Unless" library="BuiltIn">
<doc>Runs the given keyword with the given arguments if ``condition`` is false.</doc>
<arguments>
<arg>'${TEST STATUS}'=='PASS'</arg>
<arg>Test case PostCondition</arg>
</arguments>
<status status="PASS" endtime="20190911 19:23:59.734" starttime="20190911 19:23:59.734"></status>
</kw>
<tags>
<tag>Contact_Feature</tag>
<tag>P3</tag>
</tags>
<status status="PASS" endtime="20190911 19:23:59.735" critical="yes" starttime="20190911 19:22:28.394"></status>
</test>
<test id="s1-t2" name="tc_680710_Large_A_view_and_small_a_view_in_groups_tab">
<kw name="Log" library="BuiltIn">
<doc>Logs the given message with the given level.</doc>
<arguments>
<arg>Pre-requiste--open people tab</arg>
</arguments>
<msg timestamp="20190911 19:23:59.738" level="INFO">Pre-requiste--open people tab</msg>
<status status="PASS" endtime="20190911 19:23:59.738" starttime="20190911 19:23:59.738"></status>
</kw>
<kw name="Create Dictionary" library="BuiltIn">
<doc>Creates and returns a dictionary based on the given ``items``.</doc>
<arguments>
<arg>option=people</arg>
</arguments>
<assign>
<var>&amp;{params}</var>
</assign>
<msg timestamp="20190911 19:23:59.739" level="INFO">&amp;{params} = { option=people }</msg>
<status status="PASS" endtime="20190911 19:23:59.739" starttime="20190911 19:23:59.739"></status>
</kw>
<kw name="Call Method" library="BuiltIn">
<doc>Calls the named method of the given object with the provided arguments.</doc>
<arguments>
<arg>${client1}</arg>
<arg>invoke_dashboard_tab</arg>
<arg>&amp;{params}</arg>
</arguments>
<msg timestamp="20190911 19:23:59.740" level="INFO">{'ELEMENT_TYPE': 'span', 'BY_TYPE': 'xpath', 'BY_VALUE': "//span[contains(@class,'icon icon-dashboard-people')]"}</msg>
<msg timestamp="20190911 19:24:00.903" level="INFO">{'ELEMENT_TYPE': 'div', 'BY_TYPE': 'xpath', 'BY_VALUE': "//div[contains(text(),'Groups')]"}</msg>
<msg timestamp="20190911 19:24:00.945" level="INFO">Clicked on People tab</msg>
<msg timestamp="20190911 19:24:00.945" level="INFO">invoke_dashboard_tab - People tab opened successfully</msg>
<status status="PASS" endtime="20190911 19:24:00.945" starttime="20190911 19:23:59.740"></status>
</kw>
<kw name="Create Dictionary" library="BuiltIn">
<doc>Creates and returns a dictionary based on the given ``items``.</doc>
<arguments>
<arg>option=list</arg>
</arguments>
<assign>
<var>&amp;{params}</var>
</assign>
<msg timestamp="20190911 19:24:00.947" level="INFO">&amp;{params} = { option=list }</msg>
<status status="PASS" endtime="20190911 19:24:00.947" starttime="20190911 19:24:00.946"></status>
</kw>
<kw name="Call Method" library="BuiltIn">
<doc>Calls the named method of the given object with the provided arguments.</doc>
<arguments>
<arg>${client1}</arg>
<arg>select_people_view</arg>
<arg>&amp;{params}</arg>
</arguments>
<msg timestamp="20190911 19:24:00.948" level="INFO">select_people_view - shifting from big A to small a or vice versa</msg>
<msg timestamp="20190911 19:24:00.948" level="INFO">{'ELEMENT_TYPE': 'span', 'BY_TYPE': 'xpath', 'BY_VALUE': "//span[contains(@class,'listIcon')]"}</msg>
<msg timestamp="20190911 19:24:00.976" level="INFO">('element_not_displayed len -- ', 1)</msg>
<status status="PASS" endtime="20190911 19:24:00.976" starttime="20190911 19:24:00.947"></status>
</kw>
<kw name="Log" library="BuiltIn">
<doc>Logs the given message with the given level.</doc>
<arguments>
<arg>Step 2.1 --create new groups : groupA, groupB, groupC, groupD, groupE</arg>
</arguments>
<msg timestamp="20190911 19:24:00.978" level="INFO">Step 2.1 --create new groups : groupA, groupB, groupC, groupD, groupE</msg>
<status status="PASS" endtime="20190911 19:24:00.978" starttime="20190911 19:24:00.976"></status>
</kw>
<kw name="Create Dictionary" library="BuiltIn">
<doc>Creates and returns a dictionary based on the given ``items``.</doc>
<arguments>
<arg>groupName=groupA</arg>
<arg>choice=save</arg>
<arg>contact1=${user02.first_name} ${user02.last_name}</arg>
<arg>contact2=${user03.first_name} ${user03.last_name}</arg>
</arguments>
<assign>
<var>&amp;{params}</var>
</assign>
<msg timestamp="20190911 19:24:00.978" level="INFO">&amp;{params} = { groupName=groupA | choice=save | contact1=maha2 auto | contact2=maha3 auto }</msg>
<status status="PASS" endtime="20190911 19:24:00.979" starttime="20190911 19:24:00.978"></status>
</kw>
<kw name="Call Method" library="BuiltIn">
<doc>Calls the named method of the given object with the provided arguments.</doc>
<arguments>
<arg>${client1}</arg>
<arg>create_new_group</arg>
<arg>&amp;{params}</arg>
</arguments>
<msg timestamp="20190911 19:24:00.980" level="INFO">{'ELEMENT_TYPE': 'button', 'BY_TYPE': 'xpath', 'BY_VALUE': '//st-panel[contains(@class,\'panelB\')]/*/button[contains(@class,"close-panel")]'}</msg>
<msg timestamp="20190911 19:24:04.014" level="INFO">{'ELEMENT_TYPE': 'button', 'BY_TYPE': 'xpath', 'BY_VALUE': '//st-panel[contains(@class,\'panelB\')]/*/button[contains(@class,"close-panel")]'}</msg>
<msg timestamp="20190911 19:24:07.068" level="INFO">{'ELEMENT_TYPE': 'div', 'BY_TYPE': 'xpath', 'BY_VALUE': "//div[contains(text(),'Groups')]"}</msg>
<msg timestamp="20190911 19:24:09.218" level="INFO">{'ELEMENT_TYPE': 'div', 'BY_TYPE': 'xpath', 'BY_VALUE': "//div[contains(text(),'Groups')]"}</msg>
<msg timestamp="20190911 19:24:09.274" level="INFO">{'ELEMENT_TYPE': 'div', 'BY_TYPE': 'xpath', 'BY_VALUE': "//div[contains(@class,'group-header ui-draggable')]"}</msg>
<msg timestamp="20190911 19:24:12.305" level="INFO"> delete_group - No Such Group Present</msg>
<msg timestamp="20190911 19:24:12.305" level="INFO">delete_group - group groupA deleted successfully</msg>
<msg timestamp="20190911 19:24:12.305" level="INFO">{'ELEMENT_TYPE': 'div', 'BY_TYPE': 'xpath', 'BY_VALUE': "//div[contains(text(),'Groups')]"}</msg>
<msg timestamp="20190911 19:24:12.633" level="INFO">{'ELEMENT_TYPE': 'a', 'BY_TYPE': 'xpath', 'BY_VALUE': "//a[contains(@class, 'add')]"}</msg>
<msg timestamp="20190911 19:24:15.741" level="INFO">{'ELEMENT_TYPE': 'div', 'BY_TYPE': 'xpath', 'BY_VALUE': "//div[contains(text(),'Add Group')]"}</msg>
<msg timestamp="20190911 19:24:15.977" level="INFO">add_new_group_button - creating new group</msg>
<msg timestamp="20190911 19:24:15.977" level="INFO">{'ELEMENT_TYPE': 'input', 'BY_TYPE': 'xpath', 'BY_VALUE': "//input[contains(@can-value,'{group.name}')]"}</msg>
<msg timestamp="20190911 19:24:18.142" level="INFO">{'ELEMENT_TYPE': 'st-autosuggest', 'BY_TYPE': 'xpath', 'BY_VALUE': "//div[@class='memberlist']/st-autosuggest/div/div/input"}</msg>
<msg timestamp="20190911 19:24:20.316" level="INFO">{'ELEMENT_TYPE': 'ul', 'BY_TYPE': 'xpath', 'BY_VALUE': "//ul[contains(@class,'user-suggestion-wrap')]/li[1]"}</msg>
<msg timestamp="20190911 19:24:21.518" level="INFO">{'ELEMENT_TYPE': 'st-autosuggest', 'BY_TYPE': 'xpath', 'BY_VALUE': "//div[@class='memberlist']/st-autosuggest/div/div/input"}</msg>
<msg timestamp="20190911 19:24:23.648" level="INFO">{'ELEMENT_TYPE': 'ul', 'BY_TYPE': 'xpath', 'BY_VALUE': "//ul[contains(@class,'user-suggestion-wrap')]/li[1]"}</msg>
<msg timestamp="20190911 19:24:24.819" level="INFO">{'ELEMENT_TYPE': 'span', 'BY_TYPE': 'xpath', 'BY_VALUE': "//stc-button/button[contains(@class,'submit')]"}</msg>
<msg timestamp="20190911 19:24:24.942" level="INFO">add_new_group - clicked on save button</msg>
<msg timestamp="20190911 19:24:25.943" level="INFO">create_new_group - group groupA added</msg>
<msg timestamp="20190911 19:24:25.943" level="INFO">('element_not_displayed len -- ', 0)
('element_not_displayed len -- ', 0)
[u'maha2 auto', u'maha3 auto']</msg>
<status status="PASS" endtime="20190911 19:24:25.943" starttime="20190911 19:24:00.979"></status>
</kw>
<kw name="Create Dictionary" library="BuiltIn">
<doc>Creates and returns a dictionary based on the given ``items``.</doc>
<arguments>
<arg>groupName=groupB</arg>
<arg>choice=save</arg>
<arg>contact1=${user02.first_name} ${user02.last_name}</arg>
<arg>contact2=${user03.first_name} ${user03.last_name}</arg>
</arguments>
<assign>
<var>&amp;{params}</var>
</assign>
<msg timestamp="20190911 19:24:25.945" level="INFO">&amp;{params} = { groupName=groupB | choice=save | contact1=maha2 auto | contact2=maha3 auto }</msg>
<status status="PASS" endtime="20190911 19:24:25.945" starttime="20190911 19:24:25.944"></status>
</kw>
<kw name="Call Method" library="BuiltIn">
<doc>Calls the named method of the given object with the provided arguments.</doc>
<arguments>
<arg>${client1}</arg>
<arg>create_new_group</arg>
<arg>&amp;{params}</arg>
</arguments>
<msg timestamp="20190911 19:24:25.947" level="INFO">{'ELEMENT_TYPE': 'button', 'BY_TYPE': 'xpath', 'BY_VALUE': '//st-panel[contains(@class,\'panelB\')]/*/button[contains(@class,"close-panel")]'}</msg>
<msg timestamp="20190911 19:24:25.962" level="INFO">{'ELEMENT_TYPE': 'button', 'BY_TYPE': 'xpath', 'BY_VALUE': '//st-panel[contains(@class,\'panelB\')]/*/button[contains(@class,"close-panel")]'}</msg>
<msg timestamp="20190911 19:24:26.049" level="INFO">{'ELEMENT_TYPE': 'button', 'BY_TYPE': 'xpath', 'BY_VALUE': '//*[@id="discard"]'}</msg>
<msg timestamp="20190911 19:24:26.117" level="INFO">{'ELEMENT_TYPE': 'button', 'BY_TYPE': 'xpath', 'BY_VALUE': '//*[@id="discard"]'}</msg>
<msg timestamp="20190911 19:24:29.182" level="ERROR">create_new_group - group addition failed(&lt;type 'exceptions.AssertionError'&gt;, AssertionError('Browser- element_finder - No element returned for provided locator: default_discard_pop',), &lt;traceback object at 0x03400E40&gt;)</msg>
<msg timestamp="20190911 19:24:29.183" level="INFO">('element_not_displayed len -- ', 1)
('element_not_displayed len -- ', 1)
Traceback (most recent call last):
  File "C:\atf-robot\Framework\web_wrappers\selenium_wrappers\Browser.py", line 361, in element_finder
    ByValue=self.elementAttr["BY_VALUE"])
  File "C:\atf-robot\Framework\web_wrappers\selenium_wrappers\Browser.py", line 278, in get_element
    raise Exception("0 elements found.")
Exception: 0 elements found.</msg>
<msg timestamp="20190911 19:24:29.183" level="FAIL">Calling method 'create_new_group' failed: ManhattanComponent error create_new_group - group addition failed</msg>
<status status="FAIL" endtime="20190911 19:24:29.183" starttime="20190911 19:24:25.946"></status>
</kw>
<kw type="teardown" name="Run Keyword Unless" library="BuiltIn">
<doc>Runs the given keyword with the given arguments if ``condition`` is false.</doc>
<arguments>
<arg>'${TEST STATUS}'=='PASS'</arg>
<arg>Test case PostCondition</arg>
</arguments>
<kw name="Test case PostCondition">
<kw name="Run Keyword" library="BuiltIn">
<doc>Executes the given keyword with the given arguments.</doc>
<arguments>
<arg>Delete Contact</arg>
</arguments>
<kw name="Delete Contact">
<kw name="Call Method" library="BuiltIn">
<doc>Calls the named method of the given object with the provided arguments.</doc>
<arguments>
<arg>${client1}</arg>
<arg>cleanup_groups</arg>
</arguments>
<msg timestamp="20190911 19:24:29.186" level="INFO">cleanup_groups- Open the People tab and unmark number of users</msg>
<msg timestamp="20190911 19:24:29.186" level="INFO">{'ELEMENT_TYPE': 'span', 'BY_TYPE': 'xpath', 'BY_VALUE': "//span[contains(@class,'icon icon-dashboard-people')]"}</msg>
<msg timestamp="20190911 19:24:29.339" level="INFO">{'ELEMENT_TYPE': 'div', 'BY_TYPE': 'xpath', 'BY_VALUE': "//div[contains(text(),'Groups')]"}</msg>
<msg timestamp="20190911 19:24:32.365" level="ERROR">cleanup_groups- Failed to open People tab(&lt;type 'exceptions.AssertionError'&gt;, AssertionError('Browser- element_finder - No element returned for provided locator: peoples_group',), &lt;traceback object at 0x03FC7030&gt;)</msg>
<msg timestamp="20190911 19:24:32.365" level="INFO">Traceback (most recent call last):
  File "C:\atf-robot\Framework\web_wrappers\selenium_wrappers\Browser.py", line 361, in element_finder
    ByValue=self.elementAttr["BY_VALUE"])
  File "C:\atf-robot\Framework\web_wrappers\selenium_wrappers\Browser.py", line 278, in get_element
    raise Exception("0 elements found.")
Exception: 0 elements found.</msg>
<status status="PASS" endtime="20190911 19:24:32.365" starttime="20190911 19:24:29.185"></status>
</kw>
<kw name="Call Method" library="BuiltIn">
<doc>Calls the named method of the given object with the provided arguments.</doc>
<arguments>
<arg>${client1}</arg>
<arg>cleanup_favorites</arg>
</arguments>
<msg timestamp="20190911 19:24:32.366" level="INFO">cleanup_favorites- Open the People tab and unmark number of users</msg>
<msg timestamp="20190911 19:24:32.366" level="INFO">{'ELEMENT_TYPE': 'span', 'BY_TYPE': 'xpath', 'BY_VALUE': "//span[contains(@class,'icon icon-dashboard-people')]"}</msg>
<msg timestamp="20190911 19:24:32.517" level="INFO">{'ELEMENT_TYPE': 'div', 'BY_TYPE': 'xpath', 'BY_VALUE': "//div[contains(text(),'Favorites')]"}</msg>
<msg timestamp="20190911 19:24:32.696" level="INFO">{'ELEMENT_TYPE': 'button', 'BY_TYPE': 'xpath', 'BY_VALUE': '//button[@class="peopleFavIcon icon icon-buttons-favorite-on"]'}</msg>
<msg timestamp="20190911 19:24:35.987" level="INFO">{'ELEMENT_TYPE': 'span', 'BY_TYPE': 'xpath', 'BY_VALUE': '//span[@class="icon  listIcon "]'}</msg>
<msg timestamp="20190911 19:24:36.048" level="INFO">{'ELEMENT_TYPE': 'button', 'BY_TYPE': 'xpath', 'BY_VALUE': '//button[@class="peopleFavIcon icon icon-buttons-favorite-on"]'}</msg>
<msg timestamp="20190911 19:24:39.098" level="INFO">{'ELEMENT_TYPE': 'span', 'BY_TYPE': 'xpath', 'BY_VALUE': "//span[contains(@class,'icon icon-dashboard-people')]"}</msg>
<status status="PASS" endtime="20190911 19:24:39.142" starttime="20190911 19:24:32.366"></status>
</kw>
<status status="PASS" endtime="20190911 19:24:39.143" starttime="20190911 19:24:29.185"></status>
</kw>
<status status="PASS" endtime="20190911 19:24:39.143" starttime="20190911 19:24:29.185"></status>
</kw>
<kw name="Create Dictionary" library="BuiltIn">
<doc>Creates and returns a dictionary based on the given ``items``.</doc>
<arguments>
<arg>client_count=4</arg>
</arguments>
<assign>
<var>&amp;{params}</var>
</assign>
<msg timestamp="20190911 19:24:39.144" level="INFO">&amp;{params} = { client_count=4 }</msg>
<status status="PASS" endtime="20190911 19:24:39.144" starttime="20190911 19:24:39.143"></status>
</kw>
<kw name="End Calls" library="mnh_parallel_executor">
<arguments>
<arg>&amp;{params}</arg>
</arguments>
<status status="PASS" endtime="20190911 19:24:42.201" starttime="20190911 19:24:39.144"></status>
</kw>
<status status="PASS" endtime="20190911 19:24:42.201" starttime="20190911 19:24:29.184"></status>
</kw>
<status status="PASS" endtime="20190911 19:24:42.201" starttime="20190911 19:24:29.184"></status>
</kw>
<tags>
<tag>Contact_Feature</tag>
<tag>P3</tag>
</tags>
<status status="FAIL" endtime="20190911 19:24:42.201" critical="yes" starttime="20190911 19:23:59.737">Calling method 'create_new_group' failed: ManhattanComponent error create_new_group - group addition failed</status>
</test>
<kw type="teardown" name="Suite case PostCondition">
<kw name="Create Dictionary" library="BuiltIn">
<doc>Creates and returns a dictionary based on the given ``items``.</doc>
<arguments>
<arg>params=4</arg>
</arguments>
<assign>
<var>&amp;{params}</var>
</assign>
<msg timestamp="20190911 19:24:42.206" level="INFO">&amp;{params} = { params=4 }</msg>
<status status="PASS" endtime="20190911 19:24:42.206" starttime="20190911 19:24:42.205"></status>
</kw>
<kw name="Close Applications" library="mnh_parallel_executor">
<arguments>
<arg>&amp;{params}</arg>
</arguments>
<status status="PASS" endtime="20190911 19:24:43.152" starttime="20190911 19:24:42.206"></status>
</kw>
<status status="PASS" endtime="20190911 19:24:43.153" starttime="20190911 19:24:42.205"></status>
</kw>
<doc>Call-Control-Feature
Shailashree
Comments:</doc>
<status status="FAIL" endtime="20190911 19:24:43.153" starttime="20190911 19:22:03.332"></status>
</suite>
<statistics>
<total>
<stat fail="1" pass="1">Critical Tests</stat>
<stat fail="1" pass="1">All Tests</stat>
</total>
<tag>
<stat fail="1" pass="1">Contact_Feature</stat>
<stat fail="1" pass="1">P3</stat>
</tag>
<suite>
<stat fail="1" id="s1" name="Contact Feature 5to10 TC" pass="1">Contact Feature 5to10 TC</stat>
</suite>
</statistics>
<errors>
<msg timestamp="20190911 19:24:29.182" level="ERROR">create_new_group - group addition failed(&lt;type 'exceptions.AssertionError'&gt;, AssertionError('Browser- element_finder - No element returned for provided locator: default_discard_pop',), &lt;traceback object at 0x03400E40&gt;)</msg>
<msg timestamp="20190911 19:24:32.365" level="ERROR">cleanup_groups- Failed to open People tab(&lt;type 'exceptions.AssertionError'&gt;, AssertionError('Browser- element_finder - No element returned for provided locator: peoples_group',), &lt;traceback object at 0x03FC7030&gt;)</msg>
</errors>
</robot>
