<?xml version="1.0" encoding="UTF-8"?>
<robot rpa="false" generated="20190911 19:18:43.751" generator="Robot 3.1.2 (Python 2.7.12 on win32)">
<suite source="C:\atf-robot\automation-connect-client\Regression_TestCases\Contact_Feature_1to5_TC.robot" id="s1" name="Contact Feature 1to5 TC">
<kw type="setup" name="Suite case PreCondition">
<kw name="Create Dictionary" library="BuiltIn">
<doc>Creates and returns a dictionary based on the given ``items``.</doc>
<arguments>
<arg>user1=${user01}</arg>
<arg>user2=${user02}</arg>
<arg>user3=${user03}</arg>
<arg>user4=${user04}</arg>
<arg>client_count=4</arg>
</arguments>
<assign>
<var>&amp;{params}</var>
</assign>
<msg timestamp="20190911 19:18:44.259" level="INFO">&amp;{params} = { user1={'ip': '', 'extension': '6432', 'server': 'clientstart.sky.shoretel.com', 'phone_type': 'p8cg', 'user_type': 'Manhattan', 'mac': '0010493F2DF4 ', 'first_name': 'maha1', 'middle_name': '', 'las...</msg>
<status status="PASS" endtime="20190911 19:18:44.259" starttime="20190911 19:18:44.257"></status>
</kw>
<kw name="Launch Login" library="mnh_parallel_executor">
<arguments>
<arg>&amp;{params}</arg>
</arguments>
<assign>
<var>${objects_list}</var>
</assign>
<msg timestamp="20190911 19:18:58.021" level="INFO">manhattancomponent
Map directory for &lt;manhattancomponent&gt; is &lt;C:\atf-robot\automation-connect-client\map&gt;
manhattancomponent
Map directory for &lt;manhattancomponent&gt; is &lt;C:\atf-robot\automation-connect-client\map&gt;
manhattancomponent
Map directory for &lt;manhattancomponent&gt; is &lt;C:\atf-robot\automation-connect-client\map&gt;
manhattancomponent
Map directory for &lt;manhattancomponent&gt; is &lt;C:\atf-robot\automation-connect-client\map&gt;
Traceback (most recent call last):
  File "C:\atf-robot\Framework\web_wrappers\selenium_wrappers\Browser.py", line 361, in element_finder
    ByValue=self.elementAttr["BY_VALUE"])
  File "C:\atf-robot\Framework\web_wrappers\selenium_wrappers\Browser.py", line 278, in get_element
    raise Exception("0 elements found.")
Exception: 0 elements found.
Traceback (most recent call last):
  File "C:\atf-robot\Framework\web_wrappers\selenium_wrappers\Browser.py", line 361, in element_finder
    ByValue=self.elementAttr["BY_VALUE"])
  File "C:\atf-robot\Framework\web_wrappers\selenium_wrappers\Browser.py", line 278, in get_element
    raise Exception("0 elements found.")
Exception: 0 elements found.</msg>
<msg timestamp="20190911 19:18:58.021" level="INFO">Exception in thread Thread-7:
Traceback (most recent call last):
  File "C:\Python27\lib\threading.py", line 801, in __bootstrap_inner
    self.run()
  File "C:\Python27\lib\threading.py", line 754, in run
    self.__target(*self.__args, **self.__kwargs)
  File "C:\atf-robot\automation-connect-client\lib\mnh_parallel_executor.py", line 16, in parallel_login
    obj.client_login(**user)
  File "C:\atf-robot\automation-connect-client\lib\ManhattanComponent.py", line 155, in client_login
    raise Exception("ManhattanComponent error Client_login - Failed to Login to Connect Client")
Exception: ManhattanComponent error Client_login - Failed to Login to Connect Client

Exception in thread Thread-6:
Traceback (most recent call last):
  File "C:\Python27\lib\threading.py", line 801, in __bootstrap_inner
    self.run()
  File "C:\Python27\lib\threading.py", line 754, in run
    self.__target(*self.__args, **self.__kwargs)
  File "C:\atf-robot\automation-connect-client\lib\mnh_parallel_executor.py", line 16, in parallel_login
    obj.client_login(**user)
  File "C:\atf-robot\automation-connect-client\lib\ManhattanComponent.py", line 155, in client_login
    raise Exception("ManhattanComponent error Client_login - Failed to Login to Connect Client")
Exception: ManhattanComponent error Client_login - Failed to Login to Connect Client</msg>
<msg timestamp="20190911 19:18:58.022" level="INFO">${objects_list} = [&lt;ManhattanComponent.ManhattanComponent instance at 0x03191F08&gt;, &lt;ManhattanComponent.ManhattanComponent instance at 0x03191238&gt;, &lt;ManhattanComponent.ManhattanComponent instance at 0x031911C0&gt;, &lt;Manhat...</msg>
<status status="PASS" endtime="20190911 19:18:58.022" starttime="20190911 19:18:44.259"></status>
</kw>
<kw name="Get From List" library="Collections">
<doc>Returns the value specified with an ``index`` from ``list``.</doc>
<arguments>
<arg>${objects_list}</arg>
<arg>0</arg>
</arguments>
<assign>
<var>${client_one}</var>
</assign>
<msg timestamp="20190911 19:18:58.022" level="INFO">${client_one} = &lt;ManhattanComponent.ManhattanComponent instance at 0x03191F08&gt;</msg>
<status status="PASS" endtime="20190911 19:18:58.022" starttime="20190911 19:18:58.022"></status>
</kw>
<kw name="Get From List" library="Collections">
<doc>Returns the value specified with an ``index`` from ``list``.</doc>
<arguments>
<arg>${objects_list}</arg>
<arg>1</arg>
</arguments>
<assign>
<var>${client_two}</var>
</assign>
<msg timestamp="20190911 19:18:58.023" level="INFO">${client_two} = &lt;ManhattanComponent.ManhattanComponent instance at 0x03191238&gt;</msg>
<status status="PASS" endtime="20190911 19:18:58.023" starttime="20190911 19:18:58.023"></status>
</kw>
<kw name="Get From List" library="Collections">
<doc>Returns the value specified with an ``index`` from ``list``.</doc>
<arguments>
<arg>${objects_list}</arg>
<arg>2</arg>
</arguments>
<assign>
<var>${client_three}</var>
</assign>
<msg timestamp="20190911 19:18:58.024" level="INFO">${client_three} = &lt;ManhattanComponent.ManhattanComponent instance at 0x031911C0&gt;</msg>
<status status="PASS" endtime="20190911 19:18:58.024" starttime="20190911 19:18:58.023"></status>
</kw>
<kw name="Get From List" library="Collections">
<doc>Returns the value specified with an ``index`` from ``list``.</doc>
<arguments>
<arg>${objects_list}</arg>
<arg>3</arg>
</arguments>
<assign>
<var>${client_four}</var>
</assign>
<msg timestamp="20190911 19:18:58.024" level="INFO">${client_four} = &lt;ManhattanComponent.ManhattanComponent instance at 0x03191EB8&gt;</msg>
<status status="PASS" endtime="20190911 19:18:58.024" starttime="20190911 19:18:58.024"></status>
</kw>
<kw name="Set Suite Variable" library="BuiltIn">
<doc>Makes a variable available everywhere within the scope of the current suite.</doc>
<arguments>
<arg>${client1}</arg>
<arg>${client_one}</arg>
</arguments>
<msg timestamp="20190911 19:18:58.026" level="INFO">${client1} = &lt;ManhattanComponent.ManhattanComponent instance at 0x03191F08&gt;</msg>
<status status="PASS" endtime="20190911 19:18:58.027" starttime="20190911 19:18:58.024"></status>
</kw>
<kw name="Set Suite Variable" library="BuiltIn">
<doc>Makes a variable available everywhere within the scope of the current suite.</doc>
<arguments>
<arg>${client2}</arg>
<arg>${client_two}</arg>
</arguments>
<msg timestamp="20190911 19:18:58.029" level="INFO">${client2} = &lt;ManhattanComponent.ManhattanComponent instance at 0x03191238&gt;</msg>
<status status="PASS" endtime="20190911 19:18:58.029" starttime="20190911 19:18:58.027"></status>
</kw>
<kw name="Set Suite Variable" library="BuiltIn">
<doc>Makes a variable available everywhere within the scope of the current suite.</doc>
<arguments>
<arg>${client3}</arg>
<arg>${client_three}</arg>
</arguments>
<msg timestamp="20190911 19:18:58.031" level="INFO">${client3} = &lt;ManhattanComponent.ManhattanComponent instance at 0x031911C0&gt;</msg>
<status status="PASS" endtime="20190911 19:18:58.031" starttime="20190911 19:18:58.029"></status>
</kw>
<kw name="Set Suite Variable" library="BuiltIn">
<doc>Makes a variable available everywhere within the scope of the current suite.</doc>
<arguments>
<arg>${client4}</arg>
<arg>${client_four}</arg>
</arguments>
<msg timestamp="20190911 19:18:58.034" level="INFO">${client4} = &lt;ManhattanComponent.ManhattanComponent instance at 0x03191EB8&gt;</msg>
<status status="PASS" endtime="20190911 19:18:58.034" starttime="20190911 19:18:58.032"></status>
</kw>
<status status="PASS" endtime="20190911 19:18:58.034" starttime="20190911 19:18:44.257"></status>
</kw>
<test id="s1-t1" name="tc_680523_New_Contact_WithOutOutlook">
<kw name="Log" library="BuiltIn">
<doc>Logs the given message with the given level.</doc>
<arguments>
<arg>Step 2 --Select the checkbox for not opening the outlook for contact creation</arg>
</arguments>
<msg timestamp="20190911 19:18:58.035" level="INFO">Step 2 --Select the checkbox for not opening the outlook for contact creation</msg>
<status status="PASS" endtime="20190911 19:18:58.035" starttime="20190911 19:18:58.035"></status>
</kw>
<kw name="Call Method" library="BuiltIn">
<doc>Calls the named method of the given object with the provided arguments.</doc>
<arguments>
<arg>${client1}</arg>
<arg>open_outlook_tab</arg>
</arguments>
<msg timestamp="20190911 19:18:58.036" level="INFO">open_own_user_detail- Opening own user panel</msg>
<msg timestamp="20190911 19:18:58.036" level="INFO">{'ELEMENT_TYPE': 'a', 'BY_TYPE': 'xpath', 'BY_VALUE': "//a[@id='a-profile']"}</msg>
<msg timestamp="20190911 19:18:58.361" level="INFO">open_own_user_detail- Own user panel opened successfully</msg>
<msg timestamp="20190911 19:18:58.361" level="INFO">open_own_user_preferences- To open own user preferences window</msg>
<msg timestamp="20190911 19:18:58.362" level="INFO">{'ELEMENT_TYPE': 'a', 'BY_TYPE': 'xpath', 'BY_VALUE': "//a[contains(@id,'linkpreferences')]"}</msg>
<msg timestamp="20190911 19:18:58.455" level="INFO">{'ELEMENT_TYPE': 'a', 'BY_TYPE': 'xpath', 'BY_VALUE': "//a[contains(@id,'linkpreferences')]"}</msg>
<msg timestamp="20190911 19:18:58.528" level="INFO">{'ELEMENT_TYPE': 'a', 'BY_TYPE': 'xpath', 'BY_VALUE': "//a[contains(@id,'linkpreferences')]"}</msg>
<msg timestamp="20190911 19:18:58.932" level="INFO">open_own_user_preferences - Preference window opened successfully</msg>
<msg timestamp="20190911 19:19:03.948" level="INFO">{'ELEMENT_TYPE': 'div', 'BY_TYPE': 'xpath', 'BY_VALUE': "//div[contains(text(),'Outlook')]"}</msg>
<msg timestamp="20190911 19:19:05.018" level="INFO">{'ELEMENT_TYPE': 'div', 'BY_TYPE': 'xpath', 'BY_VALUE': "//div[contains(text(),'Outlook')]"}</msg>
<msg timestamp="20190911 19:19:05.200" level="INFO">open_outlook_tab - Outlook tab opened</msg>
<msg timestamp="20190911 19:19:05.217" level="INFO">('element_not_displayed len -- ', 1)</msg>
<status status="PASS" endtime="20190911 19:19:05.217" starttime="20190911 19:18:58.036"></status>
</kw>
<kw name="Create Dictionary" library="BuiltIn">
<doc>Creates and returns a dictionary based on the given ``items``.</doc>
<arguments>
<arg>option=contacts</arg>
<arg>donot_open_outlook=check</arg>
</arguments>
<assign>
<var>&amp;{params}</var>
</assign>
<msg timestamp="20190911 19:19:05.219" level="INFO">&amp;{params} = { option=contacts | donot_open_outlook=check }</msg>
<status status="PASS" endtime="20190911 19:19:05.219" starttime="20190911 19:19:05.218"></status>
</kw>
<kw name="Call Method" library="BuiltIn">
<doc>Calls the named method of the given object with the provided arguments.</doc>
<arguments>
<arg>${client1}</arg>
<arg>configure_outlook_tab</arg>
<arg>&amp;{params}</arg>
</arguments>
<msg timestamp="20190911 19:19:05.234" level="INFO">{'ELEMENT_TYPE': 'input', 'BY_TYPE': 'xpath', 'BY_VALUE': "//input[@id='chk_contact_integration']"}</msg>
<msg timestamp="20190911 19:19:05.288" level="INFO">{'ELEMENT_TYPE': 'input', 'BY_TYPE': 'xpath', 'BY_VALUE': "//input[@id='chk_contact_integration']"}</msg>
<msg timestamp="20190911 19:19:05.311" level="INFO">configure_outlook_options - 'Do not open Outlook when adding contact to Connect' checkbox is checked</msg>
<msg timestamp="20190911 19:19:05.311" level="INFO">configure_outlook_tab - options under contacts are configured</msg>
<status status="PASS" endtime="20190911 19:19:05.323" starttime="20190911 19:19:05.219"></status>
</kw>
<kw name="Log" library="BuiltIn">
<doc>Logs the given message with the given level.</doc>
<arguments>
<arg>Step 3 --Opens new contact page and verifies the fields</arg>
</arguments>
<msg timestamp="20190911 19:19:05.324" level="INFO">Step 3 --Opens new contact page and verifies the fields</msg>
<status status="PASS" endtime="20190911 19:19:05.324" starttime="20190911 19:19:05.324"></status>
</kw>
<kw name="Call Method" library="BuiltIn">
<doc>Calls the named method of the given object with the provided arguments.</doc>
<arguments>
<arg>${client1}</arg>
<arg>go_to_new_contact</arg>
</arguments>
<msg timestamp="20190911 19:19:05.325" level="INFO">go_to_new_contact - Opening new contact page</msg>
<msg timestamp="20190911 19:19:05.325" level="INFO">{'ELEMENT_TYPE': 'span', 'BY_TYPE': 'xpath', 'BY_VALUE': "//span[contains(@class,'icon icon-dashboard-people')]"}</msg>
<msg timestamp="20190911 19:19:06.545" level="INFO">{'ELEMENT_TYPE': 'div', 'BY_TYPE': 'xpath', 'BY_VALUE': "//div[contains(text(),'Groups')]"}</msg>
<msg timestamp="20190911 19:19:06.609" level="INFO">Clicked on People tab</msg>
<msg timestamp="20190911 19:19:06.609" level="INFO">invoke_dashboard_tab - People tab opened successfully</msg>
<msg timestamp="20190911 19:19:08.609" level="INFO">{'ELEMENT_TYPE': 'button', 'BY_TYPE': 'xpath', 'BY_VALUE': '//st-panel[contains(@class,\'panelB\')]/*/button[contains(@class,"close-panel")]'}</msg>
<msg timestamp="20190911 19:19:11.660" level="INFO">{'ELEMENT_TYPE': 'button', 'BY_TYPE': 'xpath', 'BY_VALUE': '//st-panel[contains(@class,\'panelB\')]/*/button[contains(@class,"close-panel")]'}</msg>
<msg timestamp="20190911 19:19:15.691" level="INFO">{'ELEMENT_TYPE': 'a', 'BY_TYPE': 'xpath', 'BY_VALUE': "//a[contains(@class, 'add')]"}</msg>
<msg timestamp="20190911 19:19:17.801" level="INFO">{'ELEMENT_TYPE': 'div', 'BY_TYPE': 'xpath', 'BY_VALUE': "//div[contains(text(),'Add Contact')]"}</msg>
<msg timestamp="20190911 19:19:17.904" level="INFO">add_new_group_button - creating new group</msg>
<msg timestamp="20190911 19:19:20.904" level="INFO">{'ELEMENT_TYPE': 'input', 'BY_TYPE': 'xpath', 'BY_VALUE': "//input[contains(@class,'first-name')]"}</msg>
<msg timestamp="20190911 19:19:20.938" level="INFO">{'ELEMENT_TYPE': 'input', 'BY_TYPE': 'xpath', 'BY_VALUE': "//input[contains(@class,'last-name')]"}</msg>
<msg timestamp="20190911 19:19:20.968" level="INFO">{'ELEMENT_TYPE': 'input', 'BY_TYPE': 'xpath', 'BY_VALUE': "//input[contains(@class,'email')]"}</msg>
<msg timestamp="20190911 19:19:20.998" level="INFO">{'ELEMENT_TYPE': 'input', 'BY_TYPE': 'xpath', 'BY_VALUE': "//input[contains(@placeholder,'Title')]"}</msg>
<msg timestamp="20190911 19:19:21.028" level="INFO">{'ELEMENT_TYPE': 'input', 'BY_TYPE': 'xpath', 'BY_VALUE': "//input[contains(@placeholder,'Department')]"}</msg>
<msg timestamp="20190911 19:19:21.059" level="INFO">{'ELEMENT_TYPE': 'input', 'BY_TYPE': 'xpath', 'BY_VALUE': "//input[contains(@placeholder,'Company')]"}</msg>
<msg timestamp="20190911 19:19:21.088" level="INFO">{'ELEMENT_TYPE': 'input', 'BY_TYPE': 'xpath', 'BY_VALUE': "//input[contains(@placeholder,'Address')]"}</msg>
<msg timestamp="20190911 19:19:21.117" level="INFO">{'ELEMENT_TYPE': 'input', 'BY_TYPE': 'xpath', 'BY_VALUE': "//input[contains(@placeholder,'City')]"}</msg>
<msg timestamp="20190911 19:19:21.146" level="INFO">{'ELEMENT_TYPE': 'input', 'BY_TYPE': 'xpath', 'BY_VALUE': "//input[contains(@placeholder,'State')]"}</msg>
<msg timestamp="20190911 19:19:21.176" level="INFO">{'ELEMENT_TYPE': 'input', 'BY_TYPE': 'xpath', 'BY_VALUE': "//input[contains(@placeholder,'Zip')]"}</msg>
<msg timestamp="20190911 19:19:21.206" level="INFO">{'ELEMENT_TYPE': 'input', 'BY_TYPE': 'xpath', 'BY_VALUE': "//input[contains(@placeholder,'Country')]"}</msg>
<msg timestamp="20190911 19:19:21.236" level="INFO">{'ELEMENT_TYPE': 'button', 'BY_TYPE': 'xpath', 'BY_VALUE': "//button[contains(@class,'create-btn')]"}</msg>
<msg timestamp="20190911 19:19:21.268" level="INFO">{'ELEMENT_TYPE': 'button', 'BY_TYPE': 'xpath', 'BY_VALUE': "//div[contains(@class,'panel-header')]/button[contains(@class,'icon icon-buttons-close close-panel')]"}</msg>
<msg timestamp="20190911 19:19:21.299" level="INFO">go_to_new_contact - PASS</msg>
<msg timestamp="20190911 19:19:21.300" level="INFO">('element_not_displayed len -- ', 0)
('element_not_displayed len -- ', 0)</msg>
<status status="PASS" endtime="20190911 19:19:21.300" starttime="20190911 19:19:05.325"></status>
</kw>
<kw name="Log" library="BuiltIn">
<doc>Logs the given message with the given level.</doc>
<arguments>
<arg>Step 4 --Adds Home number in contact details of UserB</arg>
</arguments>
<msg timestamp="20190911 19:19:21.301" level="INFO">Step 4 --Adds Home number in contact details of UserB</msg>
<status status="PASS" endtime="20190911 19:19:21.301" starttime="20190911 19:19:21.300"></status>
</kw>
<kw name="Create Dictionary" library="BuiltIn">
<doc>Creates and returns a dictionary based on the given ``items``.</doc>
<arguments>
<arg>pos=1</arg>
<arg>phType=Mobile</arg>
<arg>num=09880689522</arg>
</arguments>
<assign>
<var>&amp;{params}</var>
</assign>
<msg timestamp="20190911 19:19:21.302" level="INFO">&amp;{params} = { pos=1 | phType=Mobile | num=09880689522 }</msg>
<status status="PASS" endtime="20190911 19:19:21.302" starttime="20190911 19:19:21.301"></status>
</kw>
<kw name="Call Method" library="BuiltIn">
<doc>Calls the named method of the given object with the provided arguments.</doc>
<arguments>
<arg>${client1}</arg>
<arg>add_contact_number</arg>
<arg>&amp;{params}</arg>
</arguments>
<msg timestamp="20190911 19:19:21.303" level="INFO">add_contact_number - Add contact number</msg>
<msg timestamp="20190911 19:19:21.303" level="INFO">{'ELEMENT_TYPE': 'div', 'BY_TYPE': 'xpath', 'BY_VALUE': "//stc-select-dropdown[@items='{phoneNumberTypeOptions}']"}</msg>
<msg timestamp="20190911 19:19:21.422" level="INFO">add_contact_number - Adding contact number</msg>
<msg timestamp="20190911 19:19:21.422" level="INFO">{'ELEMENT_TYPE': 'div', 'BY_TYPE': 'xpath', 'BY_VALUE': '//stc-select-dropdown/span/div/ul/li[5]'}</msg>
<msg timestamp="20190911 19:19:21.551" level="INFO">{'ELEMENT_TYPE': 'div', 'BY_TYPE': 'xpath', 'BY_VALUE': '//div[@class="dropdown-field"]/input'}</msg>
<msg timestamp="20190911 19:19:21.681" level="INFO">add_contact_number - contact number added successfully</msg>
<msg timestamp="20190911 19:19:21.681" level="INFO">add_contact_number - Number added successfully</msg>
<status status="PASS" endtime="20190911 19:19:31.682" starttime="20190911 19:19:21.302"></status>
</kw>
<kw name="Call Method" library="BuiltIn">
<doc>Calls the named method of the given object with the provided arguments.</doc>
<arguments>
<arg>${client1}</arg>
<arg>add_new_number</arg>
</arguments>
<msg timestamp="20190911 19:19:32.183" level="INFO">{'ELEMENT_TYPE': 'st-chromebar', 'BY_TYPE': 'xpath', 'BY_VALUE': '//st-chromebar'}</msg>
<msg timestamp="20190911 19:19:32.302" level="INFO">{'ELEMENT_TYPE': 'span', 'BY_TYPE': 'xpath', 'BY_VALUE': "//span[@class='add-number']"}</msg>
<status status="PASS" endtime="20190911 19:19:32.461" starttime="20190911 19:19:31.683"></status>
</kw>
<kw name="Create Dictionary" library="BuiltIn">
<doc>Creates and returns a dictionary based on the given ``items``.</doc>
<arguments>
<arg>pos=2</arg>
<arg>phType=Home</arg>
<arg>num=08022579576</arg>
</arguments>
<assign>
<var>&amp;{params}</var>
</assign>
<msg timestamp="20190911 19:19:32.463" level="INFO">&amp;{params} = { pos=2 | phType=Home | num=08022579576 }</msg>
<status status="PASS" endtime="20190911 19:19:32.463" starttime="20190911 19:19:32.462"></status>
</kw>
<kw name="Call Method" library="BuiltIn">
<doc>Calls the named method of the given object with the provided arguments.</doc>
<arguments>
<arg>${client1}</arg>
<arg>add_contact_number</arg>
<arg>&amp;{params}</arg>
</arguments>
<msg timestamp="20190911 19:19:32.464" level="INFO">add_contact_number - Add contact number</msg>
<msg timestamp="20190911 19:19:32.464" level="INFO">{'ELEMENT_TYPE': 'div', 'BY_TYPE': 'xpath', 'BY_VALUE': "//stc-select-dropdown[@items='{phoneNumberTypeOptions}']"}</msg>
<msg timestamp="20190911 19:19:32.564" level="INFO">add_contact_number - Adding contact number</msg>
<msg timestamp="20190911 19:19:32.564" level="INFO">{'ELEMENT_TYPE': 'div', 'BY_TYPE': 'xpath', 'BY_VALUE': '//stc-select-dropdown/span/div/ul/li[2]'}</msg>
<msg timestamp="20190911 19:19:32.710" level="INFO">{'ELEMENT_TYPE': 'div', 'BY_TYPE': 'xpath', 'BY_VALUE': '//div[@class="dropdown-field"]/input'}</msg>
<msg timestamp="20190911 19:19:32.823" level="INFO">add_contact_number - contact number added successfully</msg>
<msg timestamp="20190911 19:19:32.823" level="INFO">add_contact_number - Number added successfully</msg>
<status status="PASS" endtime="20190911 19:19:42.824" starttime="20190911 19:19:32.463"></status>
</kw>
<kw name="Create Dictionary" library="BuiltIn">
<doc>Creates and returns a dictionary based on the given ``items``.</doc>
<arguments>
<arg>first_name=New</arg>
<arg>last_name=Contact1</arg>
<arg>company=${EMPTY}</arg>
<arg>department=${EMPTY}</arg>
<arg>email=tester@shoretel.com</arg>
<arg>title=${EMPTY}</arg>
<arg>address=${EMPTY}</arg>
<arg>city=${EMPTY}</arg>
<arg>country=${EMPTY}</arg>
</arguments>
<assign>
<var>&amp;{params}</var>
</assign>
<msg timestamp="20190911 19:19:42.826" level="INFO">&amp;{params} = { first_name=New | last_name=Contact1 | company= | department= | email=tester@shoretel.com | title= | address= | city= | country= }</msg>
<status status="PASS" endtime="20190911 19:19:42.826" starttime="20190911 19:19:42.824"></status>
</kw>
<kw name="Call Method" library="BuiltIn">
<doc>Calls the named method of the given object with the provided arguments.</doc>
<arguments>
<arg>${client1}</arg>
<arg>add_contact_details</arg>
<arg>&amp;{params}</arg>
</arguments>
<msg timestamp="20190911 19:19:42.827" level="INFO">add_contact_details - Add contact details</msg>
<msg timestamp="20190911 19:19:42.827" level="INFO">add_contact_details - Adding a contact with given details</msg>
<msg timestamp="20190911 19:19:44.827" level="INFO">add_city - Adding city</msg>
<msg timestamp="20190911 19:19:44.827" level="INFO">{'ELEMENT_TYPE': 'input', 'BY_TYPE': 'xpath', 'BY_VALUE': "//input[contains(@placeholder,'City')]"}</msg>
<msg timestamp="20190911 19:19:44.971" level="INFO">add_city - city added successfully</msg>
<msg timestamp="20190911 19:19:46.971" level="INFO">{'ELEMENT_TYPE': 'input', 'BY_TYPE': 'xpath', 'BY_VALUE': "//input[contains(@class,'first-name')]"}</msg>
<msg timestamp="20190911 19:19:47.078" level="INFO">add_first_name - Adding first name</msg>
<msg timestamp="20190911 19:19:47.078" level="INFO">{'ELEMENT_TYPE': 'input', 'BY_TYPE': 'xpath', 'BY_VALUE': "//input[contains(@class,'first-name')]"}</msg>
<msg timestamp="20190911 19:19:47.175" level="INFO">add_first_name - First name added successfully</msg>
<msg timestamp="20190911 19:19:49.175" level="INFO">add_last_name - Adding last name</msg>
<msg timestamp="20190911 19:19:49.176" level="INFO">{'ELEMENT_TYPE': 'input', 'BY_TYPE': 'xpath', 'BY_VALUE': "//input[contains(@class,'last-name')]"}</msg>
<msg timestamp="20190911 19:19:49.363" level="INFO">add_last_name - Last name added successfully</msg>
<msg timestamp="20190911 19:19:51.363" level="INFO">add_job_title - Adding job title</msg>
<msg timestamp="20190911 19:19:51.363" level="INFO">{'ELEMENT_TYPE': 'input', 'BY_TYPE': 'xpath', 'BY_VALUE': "//input[contains(@placeholder,'Title')]"}</msg>
<msg timestamp="20190911 19:19:51.508" level="INFO">add_job_title - job title added successfully</msg>
<msg timestamp="20190911 19:19:53.508" level="INFO">add_country - Adding country</msg>
<msg timestamp="20190911 19:19:53.508" level="INFO">{'ELEMENT_TYPE': 'input', 'BY_TYPE': 'xpath', 'BY_VALUE': "//input[contains(@placeholder,'Country')]"}</msg>
<msg timestamp="20190911 19:19:53.637" level="INFO">add_country - country added successfully</msg>
<msg timestamp="20190911 19:19:55.637" level="INFO">add_company - Adding company</msg>
<msg timestamp="20190911 19:19:55.637" level="INFO">{'ELEMENT_TYPE': 'input', 'BY_TYPE': 'xpath', 'BY_VALUE': "//input[contains(@placeholder,'Company')]"}</msg>
<msg timestamp="20190911 19:19:55.764" level="INFO">add_company - Company name added successfully</msg>
<msg timestamp="20190911 19:19:57.764" level="INFO">add_address - Adding address</msg>
<msg timestamp="20190911 19:19:57.764" level="INFO">{'ELEMENT_TYPE': 'input', 'BY_TYPE': 'xpath', 'BY_VALUE': "//input[contains(@placeholder,'Address')]"}</msg>
<msg timestamp="20190911 19:19:57.891" level="INFO">add_address - address added successfully</msg>
<msg timestamp="20190911 19:19:59.891" level="INFO">add_department - Adding department name</msg>
<msg timestamp="20190911 19:19:59.891" level="INFO">{'ELEMENT_TYPE': 'input', 'BY_TYPE': 'xpath', 'BY_VALUE': "//input[contains(@placeholder,'Department')]"}</msg>
<msg timestamp="20190911 19:20:00.012" level="INFO">add_department - department name added successfully</msg>
<msg timestamp="20190911 19:20:02.012" level="INFO">{'ELEMENT_TYPE': 'input', 'BY_TYPE': 'xpath', 'BY_VALUE': "//input[contains(@class,'email')]"}</msg>
<msg timestamp="20190911 19:20:02.117" level="INFO">add_email - Adding email</msg>
<msg timestamp="20190911 19:20:02.117" level="INFO">{'ELEMENT_TYPE': 'input', 'BY_TYPE': 'xpath', 'BY_VALUE': "//input[contains(@class,'email')]"}</msg>
<msg timestamp="20190911 19:20:02.280" level="INFO">add_email - email added successfully</msg>
<msg timestamp="20190911 19:20:04.280" level="INFO">{'ELEMENT_TYPE': 'button', 'BY_TYPE': 'xpath', 'BY_VALUE': "//button[contains(@class,'create-btn')]"}</msg>
<msg timestamp="20190911 19:20:04.409" level="INFO">add_contact_details - save contact button pressed</msg>
<msg timestamp="20190911 19:20:04.410" level="INFO">add_contact_details - PASS</msg>
<status status="PASS" endtime="20190911 19:20:04.410" starttime="20190911 19:19:42.827"></status>
</kw>
<kw name="Log" library="BuiltIn">
<doc>Logs the given message with the given level.</doc>
<arguments>
<arg>Step 5.1 --Checks that newly created contact is displayed under contact page</arg>
</arguments>
<msg timestamp="20190911 19:20:04.411" level="INFO">Step 5.1 --Checks that newly created contact is displayed under contact page</msg>
<status status="PASS" endtime="20190911 19:20:04.411" starttime="20190911 19:20:04.410"></status>
</kw>
<kw name="Create Dictionary" library="BuiltIn">
<doc>Creates and returns a dictionary based on the given ``items``.</doc>
<arguments>
<arg>searchItem=New**Contact1</arg>
</arguments>
<assign>
<var>&amp;{params}</var>
</assign>
<msg timestamp="20190911 19:20:04.412" level="INFO">&amp;{params} = { searchItem=New**Contact1 }</msg>
<status status="PASS" endtime="20190911 19:20:04.412" starttime="20190911 19:20:04.411"></status>
</kw>
<kw name="Call Method" library="BuiltIn">
<doc>Calls the named method of the given object with the provided arguments.</doc>
<arguments>
<arg>${client1}</arg>
<arg>search_people_extension</arg>
<arg>&amp;{params}</arg>
</arguments>
<msg timestamp="20190911 19:20:04.413" level="INFO">search_people_or_extension - Searching people by name </msg>
<msg timestamp="20190911 19:20:04.413" level="INFO">{'ELEMENT_TYPE': 'a', 'BY_TYPE': 'xpath', 'BY_VALUE': "//a[contains(@id,'dashboardSearch')]"}</msg>
<msg timestamp="20190911 19:20:05.644" level="INFO">{'ELEMENT_TYPE': 'input', 'BY_TYPE': 'xpath', 'BY_VALUE': "//input[contains(@id,'searchText')]"}</msg>
<msg timestamp="20190911 19:20:05.720" level="INFO">{'ELEMENT_TYPE': 'input', 'BY_TYPE': 'xpath', 'BY_VALUE': "//input[contains(@id,'searchText')]"}</msg>
<msg timestamp="20190911 19:20:05.817" level="INFO">{'ELEMENT_TYPE': 'input', 'BY_TYPE': 'xpath', 'BY_VALUE': "//input[contains(@id,'searchText')]"}</msg>
<msg timestamp="20190911 19:20:05.858" level="INFO">{'ELEMENT_TYPE': 'input', 'BY_TYPE': 'xpath', 'BY_VALUE': "//input[contains(@id,'searchText')]"}</msg>
<msg timestamp="20190911 19:20:05.899" level="INFO">{'ELEMENT_TYPE': 'input', 'BY_TYPE': 'xpath', 'BY_VALUE': "//input[contains(@id,'searchText')]"}</msg>
<msg timestamp="20190911 19:20:05.939" level="INFO">{'ELEMENT_TYPE': 'input', 'BY_TYPE': 'xpath', 'BY_VALUE': "//input[contains(@id,'searchText')]"}</msg>
<msg timestamp="20190911 19:20:05.983" level="INFO">{'ELEMENT_TYPE': 'input', 'BY_TYPE': 'xpath', 'BY_VALUE': "//input[contains(@id,'searchText')]"}</msg>
<msg timestamp="20190911 19:20:06.026" level="INFO">{'ELEMENT_TYPE': 'input', 'BY_TYPE': 'xpath', 'BY_VALUE': "//input[contains(@id,'searchText')]"}</msg>
<msg timestamp="20190911 19:20:06.065" level="INFO">{'ELEMENT_TYPE': 'input', 'BY_TYPE': 'xpath', 'BY_VALUE': "//input[contains(@id,'searchText')]"}</msg>
<msg timestamp="20190911 19:20:06.103" level="INFO">{'ELEMENT_TYPE': 'input', 'BY_TYPE': 'xpath', 'BY_VALUE': "//input[contains(@id,'searchText')]"}</msg>
<msg timestamp="20190911 19:20:06.141" level="INFO">{'ELEMENT_TYPE': 'input', 'BY_TYPE': 'xpath', 'BY_VALUE': "//input[contains(@id,'searchText')]"}</msg>
<msg timestamp="20190911 19:20:06.181" level="INFO">{'ELEMENT_TYPE': 'input', 'BY_TYPE': 'xpath', 'BY_VALUE': "//input[contains(@id,'searchText')]"}</msg>
<msg timestamp="20190911 19:20:07.150" level="INFO">{'ELEMENT_TYPE': 'input', 'BY_TYPE': 'xpath', 'BY_VALUE': "//input[contains(@id,'searchText')]"}</msg>
<msg timestamp="20190911 19:20:10.645" level="INFO">{'ELEMENT_TYPE': 'div', 'BY_TYPE': 'xpath', 'BY_VALUE': "//div[@class='contactName font-m']"}</msg>
<msg timestamp="20190911 19:20:10.678" level="INFO">search_people_or_extension - New Contact1 is available</msg>
<msg timestamp="20190911 19:20:10.768" level="INFO">search_people_extension - contact is available</msg>
<status status="PASS" endtime="20190911 19:20:10.768" starttime="20190911 19:20:04.412"></status>
</kw>
<kw name="Create Dictionary" library="BuiltIn">
<doc>Creates and returns a dictionary based on the given ``items``.</doc>
<arguments>
<arg>panel=second_search</arg>
</arguments>
<assign>
<var>&amp;{params}</var>
</assign>
<msg timestamp="20190911 19:20:10.770" level="INFO">&amp;{params} = { panel=second_search }</msg>
<status status="PASS" endtime="20190911 19:20:10.770" starttime="20190911 19:20:10.769"></status>
</kw>
<kw name="Call Method" library="BuiltIn">
<doc>Calls the named method of the given object with the provided arguments.</doc>
<arguments>
<arg>${client1}</arg>
<arg>close_panel</arg>
<arg>&amp;{params}</arg>
</arguments>
<msg timestamp="20190911 19:20:10.771" level="INFO">close_panel- closing the panel...</msg>
<msg timestamp="20190911 19:20:10.771" level="INFO">{'ELEMENT_TYPE': 'button', 'BY_TYPE': 'xpath', 'BY_VALUE': '//div[@id="contactSearch"]/button[contains(@class,"close-panel")]'}</msg>
<msg timestamp="20190911 19:20:10.873" level="INFO">close_panel - second panel for search result closed successfully</msg>
<msg timestamp="20190911 19:20:10.873" level="INFO">close_panel- closed the panel successfully</msg>
<status status="PASS" endtime="20190911 19:20:10.873" starttime="20190911 19:20:10.770"></status>
</kw>
<kw name="Log" library="BuiltIn">
<doc>Logs the given message with the given level.</doc>
<arguments>
<arg>Step 5.2 --Checks that newly created contact is displayed under contact page</arg>
</arguments>
<msg timestamp="20190911 19:20:10.875" level="INFO">Step 5.2 --Checks that newly created contact is displayed under contact page</msg>
<status status="PASS" endtime="20190911 19:20:10.875" starttime="20190911 19:20:10.875"></status>
</kw>
<kw name="Run Keyword" library="BuiltIn">
<doc>Executes the given keyword with the given arguments.</doc>
<arguments>
<arg>Delete Contact</arg>
</arguments>
<kw name="Delete Contact">
<kw name="Create Dictionary" library="BuiltIn">
<doc>Creates and returns a dictionary based on the given ``items``.</doc>
<arguments>
<arg>first_name=New</arg>
<arg>last_name=Contact1</arg>
</arguments>
<assign>
<var>&amp;{params}</var>
</assign>
<msg timestamp="20190911 19:20:10.877" level="INFO">&amp;{params} = { first_name=New | last_name=Contact1 }</msg>
<status status="PASS" endtime="20190911 19:20:10.877" starttime="20190911 19:20:10.877"></status>
</kw>
<kw name="Call Method" library="BuiltIn">
<doc>Calls the named method of the given object with the provided arguments.</doc>
<arguments>
<arg>${client1}</arg>
<arg>delete_contact</arg>
<arg>&amp;{params}</arg>
</arguments>
<msg timestamp="20190911 19:20:10.878" level="INFO">{'ELEMENT_TYPE': 'a', 'BY_TYPE': 'xpath', 'BY_VALUE': "//a[contains(@id,'dashboardSearch')]"}</msg>
<msg timestamp="20190911 19:20:14.043" level="INFO">{'ELEMENT_TYPE': 'input', 'BY_TYPE': 'xpath', 'BY_VALUE': "//input[contains(@id,'searchText')]"}</msg>
<msg timestamp="20190911 19:20:14.090" level="INFO">{'ELEMENT_TYPE': 'input', 'BY_TYPE': 'xpath', 'BY_VALUE': "//input[contains(@id,'searchText')]"}</msg>
<msg timestamp="20190911 19:20:16.480" level="INFO">{'ELEMENT_TYPE': 'div', 'BY_TYPE': 'xpath', 'BY_VALUE': "//div[@class='contactName font-m']"}</msg>
<msg timestamp="20190911 19:20:16.584" level="INFO">{'ELEMENT_TYPE': 'li', 'BY_TYPE': 'xpath', 'BY_VALUE': "//st-im/div[contains(@class,'filter-wrap')]/div/st-custom-tab/ul/li[1]"}</msg>
<msg timestamp="20190911 19:20:16.747" level="INFO">{'ELEMENT_TYPE': 'button', 'BY_TYPE': 'xpath', 'BY_VALUE': "//button[contains(@class,'deleteButton')]"}</msg>
<msg timestamp="20190911 19:20:16.856" level="INFO">{'ELEMENT_TYPE': 'button', 'BY_TYPE': 'xpath', 'BY_VALUE': "//button[contains(@class,'delete-contact-btn')]"}</msg>
<msg timestamp="20190911 19:20:17.443" level="INFO"> delete_group - Error while clicking on delete button (&lt;class 'selenium.common.exceptions.StaleElementReferenceException'&gt;, StaleElementReferenceException(), &lt;traceback object at 0x03ED5698&gt;)</msg>
<status status="PASS" endtime="20190911 19:20:17.444" starttime="20190911 19:20:10.878"></status>
</kw>
<kw name="Create Dictionary" library="BuiltIn">
<doc>Creates and returns a dictionary based on the given ``items``.</doc>
<arguments>
<arg>first_name=Fav</arg>
<arg>last_name=ContactFav</arg>
</arguments>
<assign>
<var>&amp;{params}</var>
</assign>
<msg timestamp="20190911 19:20:17.444" level="INFO">&amp;{params} = { first_name=Fav | last_name=ContactFav }</msg>
<status status="PASS" endtime="20190911 19:20:17.445" starttime="20190911 19:20:17.444"></status>
</kw>
<kw name="Call Method" library="BuiltIn">
<doc>Calls the named method of the given object with the provided arguments.</doc>
<arguments>
<arg>${client1}</arg>
<arg>delete_contact</arg>
<arg>&amp;{params}</arg>
</arguments>
<msg timestamp="20190911 19:20:17.445" level="INFO">{'ELEMENT_TYPE': 'a', 'BY_TYPE': 'xpath', 'BY_VALUE': "//a[contains(@id,'dashboardSearch')]"}</msg>
<msg timestamp="20190911 19:20:17.828" level="INFO">delete_contact - contact Fav ContactFav deletion failed</msg>
<status status="PASS" endtime="20190911 19:20:17.828" starttime="20190911 19:20:17.445"></status>
</kw>
<status status="PASS" endtime="20190911 19:20:17.828" starttime="20190911 19:20:10.876"></status>
</kw>
<status status="PASS" endtime="20190911 19:20:17.828" starttime="20190911 19:20:10.876"></status>
</kw>
<kw name="Sleep" library="BuiltIn">
<doc>Pauses the test executed for the given time.</doc>
<arguments>
<arg>5s</arg>
</arguments>
<msg timestamp="20190911 19:20:22.829" level="INFO">Slept 5 seconds</msg>
<status status="PASS" endtime="20190911 19:20:22.829" starttime="20190911 19:20:17.829"></status>
</kw>
<kw type="teardown" name="Run Keyword Unless" library="BuiltIn">
<doc>Runs the given keyword with the given arguments if ``condition`` is false.</doc>
<arguments>
<arg>'${TEST STATUS}'=='PASS'</arg>
<arg>Test case PostCondition</arg>
</arguments>
<status status="PASS" endtime="20190911 19:20:22.830" starttime="20190911 19:20:22.830"></status>
</kw>
<tags>
<tag>Contact_Feature</tag>
<tag>P2</tag>
</tags>
<status status="PASS" endtime="20190911 19:20:22.830" critical="yes" starttime="20190911 19:18:58.034"></status>
</test>
<test id="s1-t2" name="tc_680519_Add_Remove_User_from_Favorite">
<kw name="Log" library="BuiltIn">
<doc>Logs the given message with the given level.</doc>
<arguments>
<arg>Step 1.1 --Login to the Manhattan Client from ST_Users</arg>
</arguments>
<msg timestamp="20190911 19:20:22.834" level="INFO">Step 1.1 --Login to the Manhattan Client from ST_Users</msg>
<status status="PASS" endtime="20190911 19:20:22.834" starttime="20190911 19:20:22.833"></status>
</kw>
<kw name="Call Method" library="BuiltIn">
<doc>Calls the named method of the given object with the provided arguments.</doc>
<arguments>
<arg>${client1}</arg>
<arg>cleanup_favorites</arg>
</arguments>
<msg timestamp="20190911 19:20:22.834" level="INFO">cleanup_favorites- Open the People tab and unmark number of users</msg>
<msg timestamp="20190911 19:20:22.835" level="INFO">{'ELEMENT_TYPE': 'span', 'BY_TYPE': 'xpath', 'BY_VALUE': "//span[contains(@class,'icon icon-dashboard-people')]"}</msg>
<msg timestamp="20190911 19:20:23.126" level="INFO">{'ELEMENT_TYPE': 'div', 'BY_TYPE': 'xpath', 'BY_VALUE': "//div[contains(text(),'Favorites')]"}</msg>
<msg timestamp="20190911 19:20:23.310" level="INFO">{'ELEMENT_TYPE': 'button', 'BY_TYPE': 'xpath', 'BY_VALUE': '//button[@class="peopleFavIcon icon icon-buttons-favorite-on"]'}</msg>
<msg timestamp="20190911 19:20:26.605" level="INFO">{'ELEMENT_TYPE': 'span', 'BY_TYPE': 'xpath', 'BY_VALUE': '//span[@class="icon  listIcon "]'}</msg>
<msg timestamp="20190911 19:20:26.665" level="INFO">{'ELEMENT_TYPE': 'button', 'BY_TYPE': 'xpath', 'BY_VALUE': '//button[@class="peopleFavIcon icon icon-buttons-favorite-on"]'}</msg>
<msg timestamp="20190911 19:20:29.719" level="INFO">{'ELEMENT_TYPE': 'span', 'BY_TYPE': 'xpath', 'BY_VALUE': "//span[contains(@class,'icon icon-dashboard-people')]"}</msg>
<status status="PASS" endtime="20190911 19:20:29.854" starttime="20190911 19:20:22.834"></status>
</kw>
<kw name="Log" library="BuiltIn">
<doc>Logs the given message with the given level.</doc>
<arguments>
<arg>Step 1.2 --Select the checkbox for not opening the outlook for contact creation</arg>
</arguments>
<msg timestamp="20190911 19:20:29.855" level="INFO">Step 1.2 --Select the checkbox for not opening the outlook for contact creation</msg>
<status status="PASS" endtime="20190911 19:20:29.855" starttime="20190911 19:20:29.855"></status>
</kw>
<kw name="Call Method" library="BuiltIn">
<doc>Calls the named method of the given object with the provided arguments.</doc>
<arguments>
<arg>${client1}</arg>
<arg>open_outlook_tab</arg>
</arguments>
<msg timestamp="20190911 19:20:29.856" level="INFO">open_own_user_detail- Opening own user panel</msg>
<msg timestamp="20190911 19:20:29.856" level="INFO">{'ELEMENT_TYPE': 'a', 'BY_TYPE': 'xpath', 'BY_VALUE': "//a[@id='a-profile']"}</msg>
<msg timestamp="20190911 19:20:29.972" level="INFO">open_own_user_detail- Own user panel opened successfully</msg>
<msg timestamp="20190911 19:20:29.973" level="INFO">open_own_user_preferences- To open own user preferences window</msg>
<msg timestamp="20190911 19:20:29.973" level="INFO">{'ELEMENT_TYPE': 'a', 'BY_TYPE': 'xpath', 'BY_VALUE': "//a[contains(@id,'linkpreferences')]"}</msg>
<msg timestamp="20190911 19:20:30.137" level="INFO">{'ELEMENT_TYPE': 'a', 'BY_TYPE': 'xpath', 'BY_VALUE': "//a[contains(@id,'linkpreferences')]"}</msg>
<msg timestamp="20190911 19:20:30.203" level="INFO">{'ELEMENT_TYPE': 'a', 'BY_TYPE': 'xpath', 'BY_VALUE': "//a[contains(@id,'linkpreferences')]"}</msg>
<msg timestamp="20190911 19:20:30.292" level="INFO">open_own_user_preferences - Preference window opened successfully</msg>
<msg timestamp="20190911 19:20:35.308" level="INFO">{'ELEMENT_TYPE': 'div', 'BY_TYPE': 'xpath', 'BY_VALUE': "//div[contains(text(),'Outlook')]"}</msg>
<msg timestamp="20190911 19:20:35.364" level="INFO">{'ELEMENT_TYPE': 'div', 'BY_TYPE': 'xpath', 'BY_VALUE': "//div[contains(text(),'Outlook')]"}</msg>
<msg timestamp="20190911 19:20:35.440" level="INFO">open_outlook_tab - Outlook tab opened</msg>
<msg timestamp="20190911 19:20:35.456" level="INFO">('element_not_displayed len -- ', 1)</msg>
<status status="PASS" endtime="20190911 19:20:35.456" starttime="20190911 19:20:29.856"></status>
</kw>
<kw name="Create Dictionary" library="BuiltIn">
<doc>Creates and returns a dictionary based on the given ``items``.</doc>
<arguments>
<arg>option=contacts</arg>
<arg>donot_open_outlook=check</arg>
</arguments>
<assign>
<var>&amp;{params}</var>
</assign>
<msg timestamp="20190911 19:20:35.457" level="INFO">&amp;{params} = { option=contacts | donot_open_outlook=check }</msg>
<status status="PASS" endtime="20190911 19:20:35.457" starttime="20190911 19:20:35.457"></status>
</kw>
<kw name="Call Method" library="BuiltIn">
<doc>Calls the named method of the given object with the provided arguments.</doc>
<arguments>
<arg>${client1}</arg>
<arg>configure_outlook_tab</arg>
<arg>&amp;{params}</arg>
</arguments>
<msg timestamp="20190911 19:20:35.471" level="INFO">{'ELEMENT_TYPE': 'input', 'BY_TYPE': 'xpath', 'BY_VALUE': "//input[@id='chk_contact_integration']"}</msg>
<msg timestamp="20190911 19:20:35.522" level="INFO">{'ELEMENT_TYPE': 'input', 'BY_TYPE': 'xpath', 'BY_VALUE': "//input[@id='chk_contact_integration']"}</msg>
<msg timestamp="20190911 19:20:35.546" level="INFO">configure_outlook_options - 'Do not open Outlook when adding contact to Connect' checkbox is checked</msg>
<msg timestamp="20190911 19:20:35.546" level="INFO">configure_outlook_tab - options under contacts are configured</msg>
<status status="PASS" endtime="20190911 19:20:35.558" starttime="20190911 19:20:35.458"></status>
</kw>
<kw name="Log" library="BuiltIn">
<doc>Logs the given message with the given level.</doc>
<arguments>
<arg>Step 2 --Opens new contact page and verifies the fields</arg>
</arguments>
<msg timestamp="20190911 19:20:35.559" level="INFO">Step 2 --Opens new contact page and verifies the fields</msg>
<status status="PASS" endtime="20190911 19:20:35.559" starttime="20190911 19:20:35.559"></status>
</kw>
<kw name="Call Method" library="BuiltIn">
<doc>Calls the named method of the given object with the provided arguments.</doc>
<arguments>
<arg>${client1}</arg>
<arg>go_to_new_contact</arg>
</arguments>
<msg timestamp="20190911 19:20:35.560" level="INFO">go_to_new_contact - Opening new contact page</msg>
<msg timestamp="20190911 19:20:35.560" level="INFO">{'ELEMENT_TYPE': 'span', 'BY_TYPE': 'xpath', 'BY_VALUE': "//span[contains(@class,'icon icon-dashboard-people')]"}</msg>
<msg timestamp="20190911 19:20:36.706" level="INFO">{'ELEMENT_TYPE': 'div', 'BY_TYPE': 'xpath', 'BY_VALUE': "//div[contains(text(),'Groups')]"}</msg>
<msg timestamp="20190911 19:20:36.763" level="INFO">Clicked on People tab</msg>
<msg timestamp="20190911 19:20:36.763" level="INFO">invoke_dashboard_tab - People tab opened successfully</msg>
<msg timestamp="20190911 19:20:38.763" level="INFO">{'ELEMENT_TYPE': 'button', 'BY_TYPE': 'xpath', 'BY_VALUE': '//st-panel[contains(@class,\'panelB\')]/*/button[contains(@class,"close-panel")]'}</msg>
<msg timestamp="20190911 19:20:41.789" level="INFO">{'ELEMENT_TYPE': 'button', 'BY_TYPE': 'xpath', 'BY_VALUE': '//st-panel[contains(@class,\'panelB\')]/*/button[contains(@class,"close-panel")]'}</msg>
<msg timestamp="20190911 19:20:45.841" level="INFO">{'ELEMENT_TYPE': 'a', 'BY_TYPE': 'xpath', 'BY_VALUE': "//a[contains(@class, 'add')]"}</msg>
<msg timestamp="20190911 19:20:47.977" level="INFO">{'ELEMENT_TYPE': 'div', 'BY_TYPE': 'xpath', 'BY_VALUE': "//div[contains(text(),'Add Contact')]"}</msg>
<msg timestamp="20190911 19:20:48.077" level="INFO">add_new_group_button - creating new group</msg>
<msg timestamp="20190911 19:20:51.077" level="INFO">{'ELEMENT_TYPE': 'input', 'BY_TYPE': 'xpath', 'BY_VALUE': "//input[contains(@class,'first-name')]"}</msg>
<msg timestamp="20190911 19:20:51.110" level="INFO">{'ELEMENT_TYPE': 'input', 'BY_TYPE': 'xpath', 'BY_VALUE': "//input[contains(@class,'last-name')]"}</msg>
<msg timestamp="20190911 19:20:51.139" level="INFO">{'ELEMENT_TYPE': 'input', 'BY_TYPE': 'xpath', 'BY_VALUE': "//input[contains(@class,'email')]"}</msg>
<msg timestamp="20190911 19:20:51.169" level="INFO">{'ELEMENT_TYPE': 'input', 'BY_TYPE': 'xpath', 'BY_VALUE': "//input[contains(@placeholder,'Title')]"}</msg>
<msg timestamp="20190911 19:20:51.204" level="INFO">{'ELEMENT_TYPE': 'input', 'BY_TYPE': 'xpath', 'BY_VALUE': "//input[contains(@placeholder,'Department')]"}</msg>
<msg timestamp="20190911 19:20:51.238" level="INFO">{'ELEMENT_TYPE': 'input', 'BY_TYPE': 'xpath', 'BY_VALUE': "//input[contains(@placeholder,'Company')]"}</msg>
<msg timestamp="20190911 19:20:51.274" level="INFO">{'ELEMENT_TYPE': 'input', 'BY_TYPE': 'xpath', 'BY_VALUE': "//input[contains(@placeholder,'Address')]"}</msg>
<msg timestamp="20190911 19:20:51.308" level="INFO">{'ELEMENT_TYPE': 'input', 'BY_TYPE': 'xpath', 'BY_VALUE': "//input[contains(@placeholder,'City')]"}</msg>
<msg timestamp="20190911 19:20:51.341" level="INFO">{'ELEMENT_TYPE': 'input', 'BY_TYPE': 'xpath', 'BY_VALUE': "//input[contains(@placeholder,'State')]"}</msg>
<msg timestamp="20190911 19:20:51.374" level="INFO">{'ELEMENT_TYPE': 'input', 'BY_TYPE': 'xpath', 'BY_VALUE': "//input[contains(@placeholder,'Zip')]"}</msg>
<msg timestamp="20190911 19:20:51.407" level="INFO">{'ELEMENT_TYPE': 'input', 'BY_TYPE': 'xpath', 'BY_VALUE': "//input[contains(@placeholder,'Country')]"}</msg>
<msg timestamp="20190911 19:20:51.457" level="INFO">{'ELEMENT_TYPE': 'button', 'BY_TYPE': 'xpath', 'BY_VALUE': "//button[contains(@class,'create-btn')]"}</msg>
<msg timestamp="20190911 19:20:51.494" level="INFO">{'ELEMENT_TYPE': 'button', 'BY_TYPE': 'xpath', 'BY_VALUE': "//div[contains(@class,'panel-header')]/button[contains(@class,'icon icon-buttons-close close-panel')]"}</msg>
<msg timestamp="20190911 19:20:51.523" level="INFO">go_to_new_contact - PASS</msg>
<msg timestamp="20190911 19:20:51.523" level="INFO">('element_not_displayed len -- ', 0)
('element_not_displayed len -- ', 0)</msg>
<status status="PASS" endtime="20190911 19:20:51.524" starttime="20190911 19:20:35.560"></status>
</kw>
<kw name="Log" library="BuiltIn">
<doc>Logs the given message with the given level.</doc>
<arguments>
<arg>Step 3 --Adds Home number in contact details of UserB</arg>
</arguments>
<msg timestamp="20190911 19:20:51.524" level="INFO">Step 3 --Adds Home number in contact details of UserB</msg>
<status status="PASS" endtime="20190911 19:20:51.524" starttime="20190911 19:20:51.524"></status>
</kw>
<kw name="Create Dictionary" library="BuiltIn">
<doc>Creates and returns a dictionary based on the given ``items``.</doc>
<arguments>
<arg>pos=1</arg>
<arg>phType=Mobile</arg>
<arg>num=09880689522</arg>
</arguments>
<assign>
<var>&amp;{params}</var>
</assign>
<msg timestamp="20190911 19:20:51.526" level="INFO">&amp;{params} = { pos=1 | phType=Mobile | num=09880689522 }</msg>
<status status="PASS" endtime="20190911 19:20:51.526" starttime="20190911 19:20:51.525"></status>
</kw>
<kw name="Call Method" library="BuiltIn">
<doc>Calls the named method of the given object with the provided arguments.</doc>
<arguments>
<arg>${client1}</arg>
<arg>add_contact_number</arg>
<arg>&amp;{params}</arg>
</arguments>
<msg timestamp="20190911 19:20:51.527" level="INFO">add_contact_number - Add contact number</msg>
<msg timestamp="20190911 19:20:51.527" level="INFO">{'ELEMENT_TYPE': 'div', 'BY_TYPE': 'xpath', 'BY_VALUE': "//stc-select-dropdown[@items='{phoneNumberTypeOptions}']"}</msg>
<msg timestamp="20190911 19:20:51.639" level="INFO">add_contact_number - Adding contact number</msg>
<msg timestamp="20190911 19:20:51.639" level="INFO">{'ELEMENT_TYPE': 'div', 'BY_TYPE': 'xpath', 'BY_VALUE': '//stc-select-dropdown/span/div/ul/li[5]'}</msg>
<msg timestamp="20190911 19:20:51.769" level="INFO">{'ELEMENT_TYPE': 'div', 'BY_TYPE': 'xpath', 'BY_VALUE': '//div[@class="dropdown-field"]/input'}</msg>
<msg timestamp="20190911 19:20:51.912" level="INFO">add_contact_number - contact number added successfully</msg>
<msg timestamp="20190911 19:20:51.912" level="INFO">add_contact_number - Number added successfully</msg>
<status status="PASS" endtime="20190911 19:21:01.913" starttime="20190911 19:20:51.526"></status>
</kw>
<kw name="Call Method" library="BuiltIn">
<doc>Calls the named method of the given object with the provided arguments.</doc>
<arguments>
<arg>${client1}</arg>
<arg>add_new_number</arg>
</arguments>
<msg timestamp="20190911 19:21:02.414" level="INFO">{'ELEMENT_TYPE': 'st-chromebar', 'BY_TYPE': 'xpath', 'BY_VALUE': '//st-chromebar'}</msg>
<msg timestamp="20190911 19:21:02.530" level="INFO">{'ELEMENT_TYPE': 'span', 'BY_TYPE': 'xpath', 'BY_VALUE': "//span[@class='add-number']"}</msg>
<status status="PASS" endtime="20190911 19:21:02.679" starttime="20190911 19:21:01.913"></status>
</kw>
<kw name="Create Dictionary" library="BuiltIn">
<doc>Creates and returns a dictionary based on the given ``items``.</doc>
<arguments>
<arg>pos=2</arg>
<arg>phType=Home</arg>
<arg>num=08022579576</arg>
</arguments>
<assign>
<var>&amp;{params}</var>
</assign>
<msg timestamp="20190911 19:21:02.681" level="INFO">&amp;{params} = { pos=2 | phType=Home | num=08022579576 }</msg>
<status status="PASS" endtime="20190911 19:21:02.681" starttime="20190911 19:21:02.680"></status>
</kw>
<kw name="Call Method" library="BuiltIn">
<doc>Calls the named method of the given object with the provided arguments.</doc>
<arguments>
<arg>${client1}</arg>
<arg>add_contact_number</arg>
<arg>&amp;{params}</arg>
</arguments>
<msg timestamp="20190911 19:21:02.682" level="INFO">add_contact_number - Add contact number</msg>
<msg timestamp="20190911 19:21:02.682" level="INFO">{'ELEMENT_TYPE': 'div', 'BY_TYPE': 'xpath', 'BY_VALUE': "//stc-select-dropdown[@items='{phoneNumberTypeOptions}']"}</msg>
<msg timestamp="20190911 19:21:02.783" level="INFO">add_contact_number - Adding contact number</msg>
<msg timestamp="20190911 19:21:02.783" level="INFO">{'ELEMENT_TYPE': 'div', 'BY_TYPE': 'xpath', 'BY_VALUE': '//stc-select-dropdown/span/div/ul/li[2]'}</msg>
<msg timestamp="20190911 19:21:02.912" level="INFO">{'ELEMENT_TYPE': 'div', 'BY_TYPE': 'xpath', 'BY_VALUE': '//div[@class="dropdown-field"]/input'}</msg>
<msg timestamp="20190911 19:21:03.022" level="INFO">add_contact_number - contact number added successfully</msg>
<msg timestamp="20190911 19:21:03.022" level="INFO">add_contact_number - Number added successfully</msg>
<status status="PASS" endtime="20190911 19:21:13.022" starttime="20190911 19:21:02.681"></status>
</kw>
<kw name="Create Dictionary" library="BuiltIn">
<doc>Creates and returns a dictionary based on the given ``items``.</doc>
<arguments>
<arg>first_name=Fav</arg>
<arg>last_name=ContactFav</arg>
<arg>company=${EMPTY}</arg>
<arg>department=${EMPTY}</arg>
<arg>email=tester@shoretel.com</arg>
<arg>title=${EMPTY}</arg>
<arg>address=${EMPTY}</arg>
<arg>city=${EMPTY}</arg>
<arg>country=${EMPTY}</arg>
</arguments>
<assign>
<var>&amp;{params}</var>
</assign>
<msg timestamp="20190911 19:21:13.025" level="INFO">&amp;{params} = { first_name=Fav | last_name=ContactFav | company= | department= | email=tester@shoretel.com | title= | address= | city= | country= }</msg>
<status status="PASS" endtime="20190911 19:21:13.025" starttime="20190911 19:21:13.023"></status>
</kw>
<kw name="Call Method" library="BuiltIn">
<doc>Calls the named method of the given object with the provided arguments.</doc>
<arguments>
<arg>${client1}</arg>
<arg>add_contact_details</arg>
<arg>&amp;{params}</arg>
</arguments>
<msg timestamp="20190911 19:21:13.027" level="INFO">add_contact_details - Add contact details</msg>
<msg timestamp="20190911 19:21:13.028" level="INFO">add_contact_details - Adding a contact with given details</msg>
<msg timestamp="20190911 19:21:15.028" level="INFO">add_city - Adding city</msg>
<msg timestamp="20190911 19:21:15.028" level="INFO">{'ELEMENT_TYPE': 'input', 'BY_TYPE': 'xpath', 'BY_VALUE': "//input[contains(@placeholder,'City')]"}</msg>
<msg timestamp="20190911 19:21:15.187" level="INFO">add_city - city added successfully</msg>
<msg timestamp="20190911 19:21:17.187" level="INFO">{'ELEMENT_TYPE': 'input', 'BY_TYPE': 'xpath', 'BY_VALUE': "//input[contains(@class,'first-name')]"}</msg>
<msg timestamp="20190911 19:21:17.296" level="INFO">add_first_name - Adding first name</msg>
<msg timestamp="20190911 19:21:17.296" level="INFO">{'ELEMENT_TYPE': 'input', 'BY_TYPE': 'xpath', 'BY_VALUE': "//input[contains(@class,'first-name')]"}</msg>
<msg timestamp="20190911 19:21:17.407" level="INFO">add_first_name - First name added successfully</msg>
<msg timestamp="20190911 19:21:19.407" level="INFO">add_last_name - Adding last name</msg>
<msg timestamp="20190911 19:21:19.407" level="INFO">{'ELEMENT_TYPE': 'input', 'BY_TYPE': 'xpath', 'BY_VALUE': "//input[contains(@class,'last-name')]"}</msg>
<msg timestamp="20190911 19:21:19.584" level="INFO">add_last_name - Last name added successfully</msg>
<msg timestamp="20190911 19:21:21.584" level="INFO">add_job_title - Adding job title</msg>
<msg timestamp="20190911 19:21:21.584" level="INFO">{'ELEMENT_TYPE': 'input', 'BY_TYPE': 'xpath', 'BY_VALUE': "//input[contains(@placeholder,'Title')]"}</msg>
<msg timestamp="20190911 19:21:21.723" level="INFO">add_job_title - job title added successfully</msg>
<msg timestamp="20190911 19:21:23.724" level="INFO">add_country - Adding country</msg>
<msg timestamp="20190911 19:21:23.724" level="INFO">{'ELEMENT_TYPE': 'input', 'BY_TYPE': 'xpath', 'BY_VALUE': "//input[contains(@placeholder,'Country')]"}</msg>
<msg timestamp="20190911 19:21:23.863" level="INFO">add_country - country added successfully</msg>
<msg timestamp="20190911 19:21:25.863" level="INFO">add_company - Adding company</msg>
<msg timestamp="20190911 19:21:25.863" level="INFO">{'ELEMENT_TYPE': 'input', 'BY_TYPE': 'xpath', 'BY_VALUE': "//input[contains(@placeholder,'Company')]"}</msg>
<msg timestamp="20190911 19:21:25.987" level="INFO">add_company - Company name added successfully</msg>
<msg timestamp="20190911 19:21:27.987" level="INFO">add_address - Adding address</msg>
<msg timestamp="20190911 19:21:27.987" level="INFO">{'ELEMENT_TYPE': 'input', 'BY_TYPE': 'xpath', 'BY_VALUE': "//input[contains(@placeholder,'Address')]"}</msg>
<msg timestamp="20190911 19:21:28.121" level="INFO">add_address - address added successfully</msg>
<msg timestamp="20190911 19:21:30.121" level="INFO">add_department - Adding department name</msg>
<msg timestamp="20190911 19:21:30.121" level="INFO">{'ELEMENT_TYPE': 'input', 'BY_TYPE': 'xpath', 'BY_VALUE': "//input[contains(@placeholder,'Department')]"}</msg>
<msg timestamp="20190911 19:21:30.243" level="INFO">add_department - department name added successfully</msg>
<msg timestamp="20190911 19:21:32.243" level="INFO">{'ELEMENT_TYPE': 'input', 'BY_TYPE': 'xpath', 'BY_VALUE': "//input[contains(@class,'email')]"}</msg>
<msg timestamp="20190911 19:21:32.351" level="INFO">add_email - Adding email</msg>
<msg timestamp="20190911 19:21:32.351" level="INFO">{'ELEMENT_TYPE': 'input', 'BY_TYPE': 'xpath', 'BY_VALUE': "//input[contains(@class,'email')]"}</msg>
<msg timestamp="20190911 19:21:32.489" level="INFO">add_email - email added successfully</msg>
<msg timestamp="20190911 19:21:34.489" level="INFO">{'ELEMENT_TYPE': 'button', 'BY_TYPE': 'xpath', 'BY_VALUE': "//button[contains(@class,'create-btn')]"}</msg>
<msg timestamp="20190911 19:21:34.610" level="INFO">add_contact_details - save contact button pressed</msg>
<msg timestamp="20190911 19:21:34.610" level="INFO">add_contact_details - PASS</msg>
<status status="PASS" endtime="20190911 19:21:34.610" starttime="20190911 19:21:13.025"></status>
</kw>
<kw name="Log" library="BuiltIn">
<doc>Logs the given message with the given level.</doc>
<arguments>
<arg>Step 4.1 --Adding user to favourites</arg>
</arguments>
<msg timestamp="20190911 19:21:34.611" level="INFO">Step 4.1 --Adding user to favourites</msg>
<status status="PASS" endtime="20190911 19:21:34.611" starttime="20190911 19:21:34.611"></status>
</kw>
<kw name="Create Dictionary" library="BuiltIn">
<doc>Creates and returns a dictionary based on the given ``items``.</doc>
<arguments>
<arg>peopleName=Fav ContactFav</arg>
<arg>option=add</arg>
</arguments>
<assign>
<var>&amp;{params}</var>
</assign>
<msg timestamp="20190911 19:21:34.613" level="INFO">&amp;{params} = { peopleName=Fav ContactFav | option=add }</msg>
<status status="PASS" endtime="20190911 19:21:34.613" starttime="20190911 19:21:34.612"></status>
</kw>
<kw name="Call Method" library="BuiltIn">
<doc>Calls the named method of the given object with the provided arguments.</doc>
<arguments>
<arg>${client1}</arg>
<arg>add_or_delete_to_favorite_group</arg>
<arg>&amp;{params}</arg>
</arguments>
<msg timestamp="20190911 19:21:34.614" level="INFO">{'ELEMENT_TYPE': 'a', 'BY_TYPE': 'xpath', 'BY_VALUE': "//a[contains(@id,'dashboardSearch')]"}</msg>
<msg timestamp="20190911 19:21:35.810" level="INFO">{'ELEMENT_TYPE': 'input', 'BY_TYPE': 'xpath', 'BY_VALUE': "//input[contains(@id,'searchText')]"}</msg>
<msg timestamp="20190911 19:21:35.888" level="INFO">{'ELEMENT_TYPE': 'input', 'BY_TYPE': 'xpath', 'BY_VALUE': "//input[contains(@id,'searchText')]"}</msg>
<msg timestamp="20190911 19:21:35.981" level="INFO">{'ELEMENT_TYPE': 'input', 'BY_TYPE': 'xpath', 'BY_VALUE': "//input[contains(@id,'searchText')]"}</msg>
<msg timestamp="20190911 19:21:36.019" level="INFO">{'ELEMENT_TYPE': 'input', 'BY_TYPE': 'xpath', 'BY_VALUE': "//input[contains(@id,'searchText')]"}</msg>
<msg timestamp="20190911 19:21:36.060" level="INFO">{'ELEMENT_TYPE': 'input', 'BY_TYPE': 'xpath', 'BY_VALUE': "//input[contains(@id,'searchText')]"}</msg>
<msg timestamp="20190911 19:21:36.099" level="INFO">{'ELEMENT_TYPE': 'input', 'BY_TYPE': 'xpath', 'BY_VALUE': "//input[contains(@id,'searchText')]"}</msg>
<msg timestamp="20190911 19:21:36.142" level="INFO">{'ELEMENT_TYPE': 'input', 'BY_TYPE': 'xpath', 'BY_VALUE': "//input[contains(@id,'searchText')]"}</msg>
<msg timestamp="20190911 19:21:36.182" level="INFO">{'ELEMENT_TYPE': 'input', 'BY_TYPE': 'xpath', 'BY_VALUE': "//input[contains(@id,'searchText')]"}</msg>
<msg timestamp="20190911 19:21:36.221" level="INFO">{'ELEMENT_TYPE': 'input', 'BY_TYPE': 'xpath', 'BY_VALUE': "//input[contains(@id,'searchText')]"}</msg>
<msg timestamp="20190911 19:21:36.259" level="INFO">{'ELEMENT_TYPE': 'input', 'BY_TYPE': 'xpath', 'BY_VALUE': "//input[contains(@id,'searchText')]"}</msg>
<msg timestamp="20190911 19:21:36.296" level="INFO">{'ELEMENT_TYPE': 'input', 'BY_TYPE': 'xpath', 'BY_VALUE': "//input[contains(@id,'searchText')]"}</msg>
<msg timestamp="20190911 19:21:36.331" level="INFO">{'ELEMENT_TYPE': 'input', 'BY_TYPE': 'xpath', 'BY_VALUE': "//input[contains(@id,'searchText')]"}</msg>
<msg timestamp="20190911 19:21:36.371" level="INFO">{'ELEMENT_TYPE': 'input', 'BY_TYPE': 'xpath', 'BY_VALUE': "//input[contains(@id,'searchText')]"}</msg>
<msg timestamp="20190911 19:21:36.411" level="INFO">{'ELEMENT_TYPE': 'input', 'BY_TYPE': 'xpath', 'BY_VALUE': "//input[contains(@id,'searchText')]"}</msg>
<msg timestamp="20190911 19:21:37.258" level="INFO">{'ELEMENT_TYPE': 'input', 'BY_TYPE': 'xpath', 'BY_VALUE': "//input[contains(@id,'searchText')]"}</msg>
<msg timestamp="20190911 19:21:40.763" level="INFO">{'ELEMENT_TYPE': 'div', 'BY_TYPE': 'xpath', 'BY_VALUE': "//div[@class='contactName font-m']"}</msg>
<msg timestamp="20190911 19:21:40.795" level="INFO">search_people_or_extension - Fav ContactFav is available</msg>
<msg timestamp="20190911 19:21:44.795" level="INFO">{'ELEMENT_TYPE': 'div', 'BY_TYPE': 'xpath', 'BY_VALUE': '//div[@class="contactName font-m"]'}</msg>
<msg timestamp="20190911 19:21:44.827" level="INFO">cl</msg>
<msg timestamp="20190911 19:21:44.828" level="INFO">{'ELEMENT_TYPE': 'button', 'BY_TYPE': 'xpath', 'BY_VALUE': '//button[@class="contactFavIcon icon icon-buttons-favorite"]'}</msg>
<msg timestamp="20190911 19:21:44.935" level="ERROR">click_favorite_button - error while clicking favorite button (&lt;type 'exceptions.UnboundLocalError'&gt;, UnboundLocalError("local variable 'indexUser' referenced before assignment",), &lt;traceback object at 0x040FAE68&gt;)</msg>
<msg timestamp="20190911 19:21:44.936" level="ERROR">add_or_delete_to_favorite_group - unable to add or delete user to Favorites(&lt;type 'exceptions.UnboundLocalError'&gt;, UnboundLocalError("local variable 'indexUser' referenced before assignment",), &lt;traceback object at 0x040FA7D8&gt;)</msg>
<msg timestamp="20190911 19:21:44.936" level="FAIL">Calling method 'add_or_delete_to_favorite_group' failed: ManhattanComponent error add_or_delete_to_favorite_group failed</msg>
<status status="FAIL" endtime="20190911 19:21:44.937" starttime="20190911 19:21:34.613"></status>
</kw>
<kw type="teardown" name="Run Keyword Unless" library="BuiltIn">
<doc>Runs the given keyword with the given arguments if ``condition`` is false.</doc>
<arguments>
<arg>'${TEST STATUS}'=='PASS'</arg>
<arg>Test case PostCondition</arg>
</arguments>
<kw name="Test case PostCondition">
<kw name="Run Keyword" library="BuiltIn">
<doc>Executes the given keyword with the given arguments.</doc>
<arguments>
<arg>Delete Contact</arg>
</arguments>
<kw name="Delete Contact">
<kw name="Create Dictionary" library="BuiltIn">
<doc>Creates and returns a dictionary based on the given ``items``.</doc>
<arguments>
<arg>first_name=New</arg>
<arg>last_name=Contact1</arg>
</arguments>
<assign>
<var>&amp;{params}</var>
</assign>
<msg timestamp="20190911 19:21:44.940" level="INFO">&amp;{params} = { first_name=New | last_name=Contact1 }</msg>
<status status="PASS" endtime="20190911 19:21:44.940" starttime="20190911 19:21:44.939"></status>
</kw>
<kw name="Call Method" library="BuiltIn">
<doc>Calls the named method of the given object with the provided arguments.</doc>
<arguments>
<arg>${client1}</arg>
<arg>delete_contact</arg>
<arg>&amp;{params}</arg>
</arguments>
<msg timestamp="20190911 19:21:44.940" level="INFO">{'ELEMENT_TYPE': 'a', 'BY_TYPE': 'xpath', 'BY_VALUE': "//a[contains(@id,'dashboardSearch')]"}</msg>
<msg timestamp="20190911 19:21:45.338" level="INFO">delete_contact - contact New Contact1 deletion failed</msg>
<status status="PASS" endtime="20190911 19:21:45.339" starttime="20190911 19:21:44.940"></status>
</kw>
<kw name="Create Dictionary" library="BuiltIn">
<doc>Creates and returns a dictionary based on the given ``items``.</doc>
<arguments>
<arg>first_name=Fav</arg>
<arg>last_name=ContactFav</arg>
</arguments>
<assign>
<var>&amp;{params}</var>
</assign>
<msg timestamp="20190911 19:21:45.340" level="INFO">&amp;{params} = { first_name=Fav | last_name=ContactFav }</msg>
<status status="PASS" endtime="20190911 19:21:45.340" starttime="20190911 19:21:45.339"></status>
</kw>
<kw name="Call Method" library="BuiltIn">
<doc>Calls the named method of the given object with the provided arguments.</doc>
<arguments>
<arg>${client1}</arg>
<arg>delete_contact</arg>
<arg>&amp;{params}</arg>
</arguments>
<msg timestamp="20190911 19:21:45.341" level="INFO">{'ELEMENT_TYPE': 'a', 'BY_TYPE': 'xpath', 'BY_VALUE': "//a[contains(@id,'dashboardSearch')]"}</msg>
<msg timestamp="20190911 19:21:45.725" level="INFO">delete_contact - contact Fav ContactFav deletion failed</msg>
<status status="PASS" endtime="20190911 19:21:45.725" starttime="20190911 19:21:45.340"></status>
</kw>
<status status="PASS" endtime="20190911 19:21:45.726" starttime="20190911 19:21:44.939"></status>
</kw>
<status status="PASS" endtime="20190911 19:21:45.726" starttime="20190911 19:21:44.938"></status>
</kw>
<kw name="Create Dictionary" library="BuiltIn">
<doc>Creates and returns a dictionary based on the given ``items``.</doc>
<arguments>
<arg>client_count=4</arg>
</arguments>
<assign>
<var>&amp;{params}</var>
</assign>
<msg timestamp="20190911 19:21:45.727" level="INFO">&amp;{params} = { client_count=4 }</msg>
<status status="PASS" endtime="20190911 19:21:45.727" starttime="20190911 19:21:45.726"></status>
</kw>
<kw name="End Calls" library="mnh_parallel_executor">
<arguments>
<arg>&amp;{params}</arg>
</arguments>
<status status="PASS" endtime="20190911 19:21:48.807" starttime="20190911 19:21:45.727"></status>
</kw>
<status status="PASS" endtime="20190911 19:21:48.808" starttime="20190911 19:21:44.938"></status>
</kw>
<status status="PASS" endtime="20190911 19:21:48.808" starttime="20190911 19:21:44.937"></status>
</kw>
<tags>
<tag>Contact_Feature</tag>
<tag>P2</tag>
</tags>
<status status="FAIL" endtime="20190911 19:21:48.808" critical="yes" starttime="20190911 19:20:22.832">Calling method 'add_or_delete_to_favorite_group' failed: ManhattanComponent error add_or_delete_to_favorite_group failed</status>
</test>
<test id="s1-t3" name="tc_680516_Verify_Contact_Card">
<kw name="Log" library="BuiltIn">
<doc>Logs the given message with the given level.</doc>
<arguments>
<arg>Step 2.1 --verify contact card from search,directory,group,favourites</arg>
</arguments>
<msg timestamp="20190911 19:21:48.812" level="INFO">Step 2.1 --verify contact card from search,directory,group,favourites</msg>
<status status="PASS" endtime="20190911 19:21:48.812" starttime="20190911 19:21:48.812"></status>
</kw>
<kw name="Create Dictionary" library="BuiltIn">
<doc>Creates and returns a dictionary based on the given ``items``.</doc>
<arguments>
<arg>searchItem=${user02.first_name} ${user02.last_name}</arg>
</arguments>
<assign>
<var>&amp;{params}</var>
</assign>
<msg timestamp="20190911 19:21:48.814" level="INFO">&amp;{params} = { searchItem=maha2 auto }</msg>
<status status="PASS" endtime="20190911 19:21:48.814" starttime="20190911 19:21:48.812"></status>
</kw>
<kw name="Call Method" library="BuiltIn">
<doc>Calls the named method of the given object with the provided arguments.</doc>
<arguments>
<arg>${client1}</arg>
<arg>search_people_extension</arg>
<arg>&amp;{params}</arg>
</arguments>
<msg timestamp="20190911 19:21:48.814" level="INFO">search_people_or_extension - Searching people by name </msg>
<msg timestamp="20190911 19:21:48.815" level="INFO">{'ELEMENT_TYPE': 'a', 'BY_TYPE': 'xpath', 'BY_VALUE': "//a[contains(@id,'dashboardSearch')]"}</msg>
<msg timestamp="20190911 19:21:49.197" level="ERROR">search_people_or_extension-Error while searching people(&lt;class 'selenium.common.exceptions.WebDriverException'&gt;, WebDriverException(), &lt;traceback object at 0x04108148&gt;)</msg>
<msg timestamp="20190911 19:21:49.198" level="ERROR">search_people_extension - Searching people by name failed(&lt;class 'selenium.common.exceptions.WebDriverException'&gt;, WebDriverException(), &lt;traceback object at 0x041088A0&gt;)</msg>
<msg timestamp="20190911 19:21:49.199" level="FAIL">Calling method 'search_people_extension' failed: ManhattanComponent error search_people_extension - failed</msg>
<status status="FAIL" endtime="20190911 19:21:49.199" starttime="20190911 19:21:48.814"></status>
</kw>
<kw type="teardown" name="Run Keyword Unless" library="BuiltIn">
<doc>Runs the given keyword with the given arguments if ``condition`` is false.</doc>
<arguments>
<arg>'${TEST STATUS}'=='PASS'</arg>
<arg>Test case PostCondition</arg>
</arguments>
<kw name="Test case PostCondition">
<kw name="Run Keyword" library="BuiltIn">
<doc>Executes the given keyword with the given arguments.</doc>
<arguments>
<arg>Delete Contact</arg>
</arguments>
<kw name="Delete Contact">
<kw name="Create Dictionary" library="BuiltIn">
<doc>Creates and returns a dictionary based on the given ``items``.</doc>
<arguments>
<arg>first_name=New</arg>
<arg>last_name=Contact1</arg>
</arguments>
<assign>
<var>&amp;{params}</var>
</assign>
<msg timestamp="20190911 19:21:49.202" level="INFO">&amp;{params} = { first_name=New | last_name=Contact1 }</msg>
<status status="PASS" endtime="20190911 19:21:49.202" starttime="20190911 19:21:49.201"></status>
</kw>
<kw name="Call Method" library="BuiltIn">
<doc>Calls the named method of the given object with the provided arguments.</doc>
<arguments>
<arg>${client1}</arg>
<arg>delete_contact</arg>
<arg>&amp;{params}</arg>
</arguments>
<msg timestamp="20190911 19:21:49.202" level="INFO">{'ELEMENT_TYPE': 'a', 'BY_TYPE': 'xpath', 'BY_VALUE': "//a[contains(@id,'dashboardSearch')]"}</msg>
<msg timestamp="20190911 19:21:49.569" level="INFO">delete_contact - contact New Contact1 deletion failed</msg>
<status status="PASS" endtime="20190911 19:21:49.569" starttime="20190911 19:21:49.202"></status>
</kw>
<kw name="Create Dictionary" library="BuiltIn">
<doc>Creates and returns a dictionary based on the given ``items``.</doc>
<arguments>
<arg>first_name=Fav</arg>
<arg>last_name=ContactFav</arg>
</arguments>
<assign>
<var>&amp;{params}</var>
</assign>
<msg timestamp="20190911 19:21:49.570" level="INFO">&amp;{params} = { first_name=Fav | last_name=ContactFav }</msg>
<status status="PASS" endtime="20190911 19:21:49.570" starttime="20190911 19:21:49.569"></status>
</kw>
<kw name="Call Method" library="BuiltIn">
<doc>Calls the named method of the given object with the provided arguments.</doc>
<arguments>
<arg>${client1}</arg>
<arg>delete_contact</arg>
<arg>&amp;{params}</arg>
</arguments>
<msg timestamp="20190911 19:21:49.571" level="INFO">{'ELEMENT_TYPE': 'a', 'BY_TYPE': 'xpath', 'BY_VALUE': "//a[contains(@id,'dashboardSearch')]"}</msg>
<msg timestamp="20190911 19:21:49.941" level="INFO">delete_contact - contact Fav ContactFav deletion failed</msg>
<status status="PASS" endtime="20190911 19:21:49.941" starttime="20190911 19:21:49.570"></status>
</kw>
<status status="PASS" endtime="20190911 19:21:49.941" starttime="20190911 19:21:49.201"></status>
</kw>
<status status="PASS" endtime="20190911 19:21:49.941" starttime="20190911 19:21:49.200"></status>
</kw>
<kw name="Create Dictionary" library="BuiltIn">
<doc>Creates and returns a dictionary based on the given ``items``.</doc>
<arguments>
<arg>client_count=4</arg>
</arguments>
<assign>
<var>&amp;{params}</var>
</assign>
<msg timestamp="20190911 19:21:49.943" level="INFO">&amp;{params} = { client_count=4 }</msg>
<status status="PASS" endtime="20190911 19:21:49.943" starttime="20190911 19:21:49.941"></status>
</kw>
<kw name="End Calls" library="mnh_parallel_executor">
<arguments>
<arg>&amp;{params}</arg>
</arguments>
<status status="PASS" endtime="20190911 19:21:53.004" starttime="20190911 19:21:49.943"></status>
</kw>
<status status="PASS" endtime="20190911 19:21:53.004" starttime="20190911 19:21:49.200"></status>
</kw>
<status status="PASS" endtime="20190911 19:21:53.004" starttime="20190911 19:21:49.199"></status>
</kw>
<tags>
<tag>Contact_Feature</tag>
<tag>P2</tag>
</tags>
<status status="FAIL" endtime="20190911 19:21:53.005" critical="yes" starttime="20190911 19:21:48.811">Calling method 'search_people_extension' failed: ManhattanComponent error search_people_extension - failed</status>
</test>
<test id="s1-t4" name="tc_680510_Search_and_Press_Enter_to_make_a_Call">
<kw name="Log" library="BuiltIn">
<doc>Logs the given message with the given level.</doc>
<arguments>
<arg>Step 2.1 --UserA opens contact card of UserB</arg>
</arguments>
<msg timestamp="20190911 19:21:53.009" level="INFO">Step 2.1 --UserA opens contact card of UserB</msg>
<status status="PASS" endtime="20190911 19:21:53.009" starttime="20190911 19:21:53.008"></status>
</kw>
<kw name="Create Dictionary" library="BuiltIn">
<doc>Creates and returns a dictionary based on the given ``items``.</doc>
<arguments>
<arg>searchItem=${user02.first_name} ${user02.last_name}</arg>
</arguments>
<assign>
<var>&amp;{params}</var>
</assign>
<msg timestamp="20190911 19:21:53.010" level="INFO">&amp;{params} = { searchItem=maha2 auto }</msg>
<status status="PASS" endtime="20190911 19:21:53.010" starttime="20190911 19:21:53.009"></status>
</kw>
<kw name="Call Method" library="BuiltIn">
<doc>Calls the named method of the given object with the provided arguments.</doc>
<arguments>
<arg>${client1}</arg>
<arg>search_people_for_multiuser</arg>
<arg>&amp;{params}</arg>
</arguments>
<msg timestamp="20190911 19:21:53.011" level="INFO">{'ELEMENT_TYPE': 'a', 'BY_TYPE': 'xpath', 'BY_VALUE': "//a[contains(@id,'dashboardSearch')]"}</msg>
<msg timestamp="20190911 19:21:53.385" level="ERROR">search_people_multiplelist-Error while searching people(&lt;class 'selenium.common.exceptions.WebDriverException'&gt;, WebDriverException(), &lt;traceback object at 0x032C1828&gt;)</msg>
<msg timestamp="20190911 19:21:53.386" level="FAIL">Calling method 'search_people_for_multiuser' failed: ManhattanComponent error search_people_multiplelist - failed</msg>
<status status="FAIL" endtime="20190911 19:21:53.386" starttime="20190911 19:21:53.011"></status>
</kw>
<kw type="teardown" name="Run Keyword Unless" library="BuiltIn">
<doc>Runs the given keyword with the given arguments if ``condition`` is false.</doc>
<arguments>
<arg>'${TEST STATUS}'=='PASS'</arg>
<arg>Test case PostCondition</arg>
</arguments>
<kw name="Test case PostCondition">
<kw name="Run Keyword" library="BuiltIn">
<doc>Executes the given keyword with the given arguments.</doc>
<arguments>
<arg>Delete Contact</arg>
</arguments>
<kw name="Delete Contact">
<kw name="Create Dictionary" library="BuiltIn">
<doc>Creates and returns a dictionary based on the given ``items``.</doc>
<arguments>
<arg>first_name=New</arg>
<arg>last_name=Contact1</arg>
</arguments>
<assign>
<var>&amp;{params}</var>
</assign>
<msg timestamp="20190911 19:21:53.389" level="INFO">&amp;{params} = { first_name=New | last_name=Contact1 }</msg>
<status status="PASS" endtime="20190911 19:21:53.389" starttime="20190911 19:21:53.388"></status>
</kw>
<kw name="Call Method" library="BuiltIn">
<doc>Calls the named method of the given object with the provided arguments.</doc>
<arguments>
<arg>${client1}</arg>
<arg>delete_contact</arg>
<arg>&amp;{params}</arg>
</arguments>
<msg timestamp="20190911 19:21:53.389" level="INFO">{'ELEMENT_TYPE': 'a', 'BY_TYPE': 'xpath', 'BY_VALUE': "//a[contains(@id,'dashboardSearch')]"}</msg>
<msg timestamp="20190911 19:21:53.756" level="INFO">delete_contact - contact New Contact1 deletion failed</msg>
<status status="PASS" endtime="20190911 19:21:53.757" starttime="20190911 19:21:53.389"></status>
</kw>
<kw name="Create Dictionary" library="BuiltIn">
<doc>Creates and returns a dictionary based on the given ``items``.</doc>
<arguments>
<arg>first_name=Fav</arg>
<arg>last_name=ContactFav</arg>
</arguments>
<assign>
<var>&amp;{params}</var>
</assign>
<msg timestamp="20190911 19:21:53.758" level="INFO">&amp;{params} = { first_name=Fav | last_name=ContactFav }</msg>
<status status="PASS" endtime="20190911 19:21:53.758" starttime="20190911 19:21:53.757"></status>
</kw>
<kw name="Call Method" library="BuiltIn">
<doc>Calls the named method of the given object with the provided arguments.</doc>
<arguments>
<arg>${client1}</arg>
<arg>delete_contact</arg>
<arg>&amp;{params}</arg>
</arguments>
<msg timestamp="20190911 19:21:53.758" level="INFO">{'ELEMENT_TYPE': 'a', 'BY_TYPE': 'xpath', 'BY_VALUE': "//a[contains(@id,'dashboardSearch')]"}</msg>
<msg timestamp="20190911 19:21:54.128" level="INFO">delete_contact - contact Fav ContactFav deletion failed</msg>
<status status="PASS" endtime="20190911 19:21:54.128" starttime="20190911 19:21:53.758"></status>
</kw>
<status status="PASS" endtime="20190911 19:21:54.128" starttime="20190911 19:21:53.388"></status>
</kw>
<status status="PASS" endtime="20190911 19:21:54.128" starttime="20190911 19:21:53.387"></status>
</kw>
<kw name="Create Dictionary" library="BuiltIn">
<doc>Creates and returns a dictionary based on the given ``items``.</doc>
<arguments>
<arg>client_count=4</arg>
</arguments>
<assign>
<var>&amp;{params}</var>
</assign>
<msg timestamp="20190911 19:21:54.129" level="INFO">&amp;{params} = { client_count=4 }</msg>
<status status="PASS" endtime="20190911 19:21:54.129" starttime="20190911 19:21:54.129"></status>
</kw>
<kw name="End Calls" library="mnh_parallel_executor">
<arguments>
<arg>&amp;{params}</arg>
</arguments>
<status status="PASS" endtime="20190911 19:21:57.203" starttime="20190911 19:21:54.130"></status>
</kw>
<status status="PASS" endtime="20190911 19:21:57.203" starttime="20190911 19:21:53.387"></status>
</kw>
<status status="PASS" endtime="20190911 19:21:57.203" starttime="20190911 19:21:53.386"></status>
</kw>
<tags>
<tag>Contact_Feature</tag>
<tag>P2</tag>
</tags>
<status status="FAIL" endtime="20190911 19:21:57.204" critical="yes" starttime="20190911 19:21:53.007">Calling method 'search_people_for_multiuser' failed: ManhattanComponent error search_people_multiplelist - failed</status>
</test>
<test id="s1-t5" name="tc_680520_MH_Start_Contact_Search_by_Last_Name">
<kw name="Log" library="BuiltIn">
<doc>Logs the given message with the given level.</doc>
<arguments>
<arg>Step 2 --UserA searches With the last name</arg>
</arguments>
<msg timestamp="20190911 19:21:57.207" level="INFO">Step 2 --UserA searches With the last name</msg>
<status status="PASS" endtime="20190911 19:21:57.207" starttime="20190911 19:21:57.207"></status>
</kw>
<kw name="Create Dictionary" library="BuiltIn">
<doc>Creates and returns a dictionary based on the given ``items``.</doc>
<arguments>
<arg>searchItem=${user03.last_name}</arg>
</arguments>
<assign>
<var>&amp;{params}</var>
</assign>
<msg timestamp="20190911 19:21:57.209" level="INFO">&amp;{params} = { searchItem=auto }</msg>
<status status="PASS" endtime="20190911 19:21:57.209" starttime="20190911 19:21:57.208"></status>
</kw>
<kw name="Call Method" library="BuiltIn">
<doc>Calls the named method of the given object with the provided arguments.</doc>
<arguments>
<arg>${client1}</arg>
<arg>type_value_in_extension_search</arg>
<arg>&amp;{params}</arg>
</arguments>
<msg timestamp="20190911 19:21:57.210" level="INFO">type_value_in_extension_search - Searching people by searchItem provided</msg>
<msg timestamp="20190911 19:21:57.210" level="INFO">{'ELEMENT_TYPE': 'a', 'BY_TYPE': 'xpath', 'BY_VALUE': "//a[contains(@id,'dashboardSearch')]"}</msg>
<msg timestamp="20190911 19:21:57.567" level="ERROR">type_value_in_extension_search - Searching people by name failed(&lt;class 'selenium.common.exceptions.WebDriverException'&gt;, WebDriverException(), &lt;traceback object at 0x0376CFA8&gt;)</msg>
<msg timestamp="20190911 19:21:57.568" level="FAIL">Calling method 'type_value_in_extension_search' failed: ManhattanComponent error type_value_in_extension_search - failed</msg>
<status status="FAIL" endtime="20190911 19:21:57.568" starttime="20190911 19:21:57.209"></status>
</kw>
<kw type="teardown" name="Run Keyword Unless" library="BuiltIn">
<doc>Runs the given keyword with the given arguments if ``condition`` is false.</doc>
<arguments>
<arg>'${TEST STATUS}'=='PASS'</arg>
<arg>Test case PostCondition</arg>
</arguments>
<kw name="Test case PostCondition">
<kw name="Run Keyword" library="BuiltIn">
<doc>Executes the given keyword with the given arguments.</doc>
<arguments>
<arg>Delete Contact</arg>
</arguments>
<kw name="Delete Contact">
<kw name="Create Dictionary" library="BuiltIn">
<doc>Creates and returns a dictionary based on the given ``items``.</doc>
<arguments>
<arg>first_name=New</arg>
<arg>last_name=Contact1</arg>
</arguments>
<assign>
<var>&amp;{params}</var>
</assign>
<msg timestamp="20190911 19:21:57.570" level="INFO">&amp;{params} = { first_name=New | last_name=Contact1 }</msg>
<status status="PASS" endtime="20190911 19:21:57.570" starttime="20190911 19:21:57.570"></status>
</kw>
<kw name="Call Method" library="BuiltIn">
<doc>Calls the named method of the given object with the provided arguments.</doc>
<arguments>
<arg>${client1}</arg>
<arg>delete_contact</arg>
<arg>&amp;{params}</arg>
</arguments>
<msg timestamp="20190911 19:21:57.571" level="INFO">{'ELEMENT_TYPE': 'a', 'BY_TYPE': 'xpath', 'BY_VALUE': "//a[contains(@id,'dashboardSearch')]"}</msg>
<msg timestamp="20190911 19:21:57.939" level="INFO">delete_contact - contact New Contact1 deletion failed</msg>
<status status="PASS" endtime="20190911 19:21:57.939" starttime="20190911 19:21:57.571"></status>
</kw>
<kw name="Create Dictionary" library="BuiltIn">
<doc>Creates and returns a dictionary based on the given ``items``.</doc>
<arguments>
<arg>first_name=Fav</arg>
<arg>last_name=ContactFav</arg>
</arguments>
<assign>
<var>&amp;{params}</var>
</assign>
<msg timestamp="20190911 19:21:57.940" level="INFO">&amp;{params} = { first_name=Fav | last_name=ContactFav }</msg>
<status status="PASS" endtime="20190911 19:21:57.940" starttime="20190911 19:21:57.939"></status>
</kw>
<kw name="Call Method" library="BuiltIn">
<doc>Calls the named method of the given object with the provided arguments.</doc>
<arguments>
<arg>${client1}</arg>
<arg>delete_contact</arg>
<arg>&amp;{params}</arg>
</arguments>
<msg timestamp="20190911 19:21:57.941" level="INFO">{'ELEMENT_TYPE': 'a', 'BY_TYPE': 'xpath', 'BY_VALUE': "//a[contains(@id,'dashboardSearch')]"}</msg>
<msg timestamp="20190911 19:21:58.311" level="INFO">delete_contact - contact Fav ContactFav deletion failed</msg>
<status status="PASS" endtime="20190911 19:21:58.311" starttime="20190911 19:21:57.940"></status>
</kw>
<status status="PASS" endtime="20190911 19:21:58.311" starttime="20190911 19:21:57.569"></status>
</kw>
<status status="PASS" endtime="20190911 19:21:58.311" starttime="20190911 19:21:57.569"></status>
</kw>
<kw name="Create Dictionary" library="BuiltIn">
<doc>Creates and returns a dictionary based on the given ``items``.</doc>
<arguments>
<arg>client_count=4</arg>
</arguments>
<assign>
<var>&amp;{params}</var>
</assign>
<msg timestamp="20190911 19:21:58.312" level="INFO">&amp;{params} = { client_count=4 }</msg>
<status status="PASS" endtime="20190911 19:21:58.312" starttime="20190911 19:21:58.312"></status>
</kw>
<kw name="End Calls" library="mnh_parallel_executor">
<arguments>
<arg>&amp;{params}</arg>
</arguments>
<status status="PASS" endtime="20190911 19:22:01.377" starttime="20190911 19:21:58.312"></status>
</kw>
<status status="PASS" endtime="20190911 19:22:01.378" starttime="20190911 19:21:57.569"></status>
</kw>
<status status="PASS" endtime="20190911 19:22:01.378" starttime="20190911 19:21:57.568"></status>
</kw>
<tags>
<tag>Contact_Feature</tag>
<tag>P2</tag>
</tags>
<status status="FAIL" endtime="20190911 19:22:01.378" critical="yes" starttime="20190911 19:21:57.206">Calling method 'type_value_in_extension_search' failed: ManhattanComponent error type_value_in_extension_search - failed</status>
</test>
<kw type="teardown" name="Suite case PostCondition">
<kw name="Create Dictionary" library="BuiltIn">
<doc>Creates and returns a dictionary based on the given ``items``.</doc>
<arguments>
<arg>params=4</arg>
</arguments>
<assign>
<var>&amp;{params}</var>
</assign>
<msg timestamp="20190911 19:22:01.382" level="INFO">&amp;{params} = { params=4 }</msg>
<status status="PASS" endtime="20190911 19:22:01.382" starttime="20190911 19:22:01.382"></status>
</kw>
<kw name="Close Applications" library="mnh_parallel_executor">
<arguments>
<arg>&amp;{params}</arg>
</arguments>
<status status="PASS" endtime="20190911 19:22:02.278" starttime="20190911 19:22:01.382"></status>
</kw>
<status status="PASS" endtime="20190911 19:22:02.278" starttime="20190911 19:22:01.381"></status>
</kw>
<doc>Call-Control-Feature
Shailashree
Comments:</doc>
<status status="FAIL" endtime="20190911 19:22:02.278" starttime="20190911 19:18:43.754"></status>
</suite>
<statistics>
<total>
<stat fail="4" pass="1">Critical Tests</stat>
<stat fail="4" pass="1">All Tests</stat>
</total>
<tag>
<stat fail="4" pass="1">Contact_Feature</stat>
<stat fail="4" pass="1">P2</stat>
</tag>
<suite>
<stat fail="4" id="s1" name="Contact Feature 1to5 TC" pass="1">Contact Feature 1to5 TC</stat>
</suite>
</statistics>
<errors>
<msg timestamp="20190911 19:21:44.935" level="ERROR">click_favorite_button - error while clicking favorite button (&lt;type 'exceptions.UnboundLocalError'&gt;, UnboundLocalError("local variable 'indexUser' referenced before assignment",), &lt;traceback object at 0x040FAE68&gt;)</msg>
<msg timestamp="20190911 19:21:44.936" level="ERROR">add_or_delete_to_favorite_group - unable to add or delete user to Favorites(&lt;type 'exceptions.UnboundLocalError'&gt;, UnboundLocalError("local variable 'indexUser' referenced before assignment",), &lt;traceback object at 0x040FA7D8&gt;)</msg>
<msg timestamp="20190911 19:21:49.197" level="ERROR">search_people_or_extension-Error while searching people(&lt;class 'selenium.common.exceptions.WebDriverException'&gt;, WebDriverException(), &lt;traceback object at 0x04108148&gt;)</msg>
<msg timestamp="20190911 19:21:49.198" level="ERROR">search_people_extension - Searching people by name failed(&lt;class 'selenium.common.exceptions.WebDriverException'&gt;, WebDriverException(), &lt;traceback object at 0x041088A0&gt;)</msg>
<msg timestamp="20190911 19:21:53.385" level="ERROR">search_people_multiplelist-Error while searching people(&lt;class 'selenium.common.exceptions.WebDriverException'&gt;, WebDriverException(), &lt;traceback object at 0x032C1828&gt;)</msg>
<msg timestamp="20190911 19:21:57.567" level="ERROR">type_value_in_extension_search - Searching people by name failed(&lt;class 'selenium.common.exceptions.WebDriverException'&gt;, WebDriverException(), &lt;traceback object at 0x0376CFA8&gt;)</msg>
</errors>
</robot>
