<?xml version="1.0" encoding="UTF-8"?>
<robot rpa="false" generated="20190911 21:47:17.303" generator="Robot 3.1.2 (Python 2.7.12 on win32)">
<suite source="C:\atf-robot\automation-connect-client\Regression_TestCases\Call_Control_Feature_1to5_TC.robot" id="s1" name="Call Control Feature 1to5 TC">
<kw type="setup" name="Suite case PreCondition">
<kw name="Create Dictionary" library="BuiltIn">
<doc>Creates and returns a dictionary based on the given ``items``.</doc>
<arguments>
<arg>user1=${user01}</arg>
<arg>user2=${user02}</arg>
<arg>user3=${user03}</arg>
<arg>user4=${user04}</arg>
<arg>client_count=4</arg>
</arguments>
<assign>
<var>&amp;{params}</var>
</assign>
<msg timestamp="20190911 21:47:18.319" level="INFO">&amp;{params} = { user1={'ip': '', 'extension': '6432', 'server': 'clientstart.sky.shoretel.com', 'phone_type': 'p8cg', 'user_type': 'Manhattan', 'mac': '0010493F2DF4 ', 'first_name': 'maha1', 'middle_name': '', 'las...</msg>
<status status="PASS" endtime="20190911 21:47:18.319" starttime="20190911 21:47:18.319"></status>
</kw>
<kw name="Launch Login" library="mnh_parallel_executor">
<arguments>
<arg>&amp;{params}</arg>
</arguments>
<assign>
<var>${objects_list}</var>
</assign>
<msg timestamp="20190911 21:47:32.684" level="INFO">manhattancomponent
Map directory for &lt;manhattancomponent&gt; is &lt;C:\atf-robot\automation-connect-client\map&gt;
manhattancomponent
Map directory for &lt;manhattancomponent&gt; is &lt;C:\atf-robot\automation-connect-client\map&gt;
manhattancomponent
Map directory for &lt;manhattancomponent&gt; is &lt;C:\atf-robot\automation-connect-client\map&gt;
manhattancomponent
Map directory for &lt;manhattancomponent&gt; is &lt;C:\atf-robot\automation-connect-client\map&gt;
Traceback (most recent call last):
  File "C:\atf-robot\Framework\web_wrappers\selenium_wrappers\Browser.py", line 361, in element_finder
Traceback (most recent call last):
  File "C:\atf-robot\Framework\web_wrappers\selenium_wrappers\Browser.py", line 361, in element_finder
    ByValue=self.elementAttr["BY_VALUE"])
    ByValue=self.elementAttr["BY_VALUE"])
  File "C:\atf-robot\Framework\web_wrappers\selenium_wrappers\Browser.py", line 278, in get_element
  File "C:\atf-robot\Framework\web_wrappers\selenium_wrappers\Browser.py", line 278, in get_element
    raise Exception("0 elements found.")
Exception: 0 elements found.
    raise Exception("0 elements found.")
Exception: 0 elements found.</msg>
<msg timestamp="20190911 21:47:32.685" level="INFO">Exception in thread Thread-6:
Traceback (most recent call last):
  File "C:\Python27\lib\threading.py", line 801, in __bootstrap_inner
    self.run()
  File "C:\Python27\lib\threading.py", line 754, in run
    self.__target(*self.__args, **self.__kwargs)
  File "C:\atf-robot\automation-connect-client\lib\mnh_parallel_executor.py", line 16, in parallel_login
    obj.client_login(**user)
  File "C:\atf-robot\automation-connect-client\lib\ManhattanComponent.py", line 155, in client_login
    raise Exception("ManhattanComponent error Client_login - Failed to Login to Connect Client")
Exception: ManhattanComponent error Client_login - Failed to Login to Connect Client

Exception in thread Thread-8:
Traceback (most recent call last):
  File "C:\Python27\lib\threading.py", line 801, in __bootstrap_inner
    self.run()
  File "C:\Python27\lib\threading.py", line 754, in run
    self.__target(*self.__args, **self.__kwargs)
  File "C:\atf-robot\automation-connect-client\lib\mnh_parallel_executor.py", line 16, in parallel_login
    obj.client_login(**user)
  File "C:\atf-robot\automation-connect-client\lib\ManhattanComponent.py", line 155, in client_login
    raise Exception("ManhattanComponent error Client_login - Failed to Login to Connect Client")
Exception: ManhattanComponent error Client_login - Failed to Login to Connect Client</msg>
<msg timestamp="20190911 21:47:32.685" level="INFO">${objects_list} = [&lt;ManhattanComponent.ManhattanComponent instance at 0x02F9EFD0&gt;, &lt;ManhattanComponent.ManhattanComponent instance at 0x02F5B6C0&gt;, &lt;ManhattanComponent.ManhattanComponent instance at 0x02FA3C88&gt;, &lt;Manhat...</msg>
<status status="PASS" endtime="20190911 21:47:32.685" starttime="20190911 21:47:18.319"></status>
</kw>
<kw name="Get From List" library="Collections">
<doc>Returns the value specified with an ``index`` from ``list``.</doc>
<arguments>
<arg>${objects_list}</arg>
<arg>0</arg>
</arguments>
<assign>
<var>${client_one}</var>
</assign>
<msg timestamp="20190911 21:47:32.686" level="INFO">${client_one} = &lt;ManhattanComponent.ManhattanComponent instance at 0x02F9EFD0&gt;</msg>
<status status="PASS" endtime="20190911 21:47:32.686" starttime="20190911 21:47:32.685"></status>
</kw>
<kw name="Get From List" library="Collections">
<doc>Returns the value specified with an ``index`` from ``list``.</doc>
<arguments>
<arg>${objects_list}</arg>
<arg>1</arg>
</arguments>
<assign>
<var>${client_two}</var>
</assign>
<msg timestamp="20190911 21:47:32.686" level="INFO">${client_two} = &lt;ManhattanComponent.ManhattanComponent instance at 0x02F5B6C0&gt;</msg>
<status status="PASS" endtime="20190911 21:47:32.686" starttime="20190911 21:47:32.686"></status>
</kw>
<kw name="Get From List" library="Collections">
<doc>Returns the value specified with an ``index`` from ``list``.</doc>
<arguments>
<arg>${objects_list}</arg>
<arg>2</arg>
</arguments>
<assign>
<var>${client_three}</var>
</assign>
<msg timestamp="20190911 21:47:32.687" level="INFO">${client_three} = &lt;ManhattanComponent.ManhattanComponent instance at 0x02FA3C88&gt;</msg>
<status status="PASS" endtime="20190911 21:47:32.687" starttime="20190911 21:47:32.687"></status>
</kw>
<kw name="Get From List" library="Collections">
<doc>Returns the value specified with an ``index`` from ``list``.</doc>
<arguments>
<arg>${objects_list}</arg>
<arg>3</arg>
</arguments>
<assign>
<var>${client_four}</var>
</assign>
<msg timestamp="20190911 21:47:32.687" level="INFO">${client_four} = &lt;ManhattanComponent.ManhattanComponent instance at 0x02FA3850&gt;</msg>
<status status="PASS" endtime="20190911 21:47:32.688" starttime="20190911 21:47:32.687"></status>
</kw>
<kw name="Set Suite Variable" library="BuiltIn">
<doc>Makes a variable available everywhere within the scope of the current suite.</doc>
<arguments>
<arg>${client1}</arg>
<arg>${client_one}</arg>
</arguments>
<msg timestamp="20190911 21:47:32.690" level="INFO">${client1} = &lt;ManhattanComponent.ManhattanComponent instance at 0x02F9EFD0&gt;</msg>
<status status="PASS" endtime="20190911 21:47:32.690" starttime="20190911 21:47:32.688"></status>
</kw>
<kw name="Set Suite Variable" library="BuiltIn">
<doc>Makes a variable available everywhere within the scope of the current suite.</doc>
<arguments>
<arg>${client2}</arg>
<arg>${client_two}</arg>
</arguments>
<msg timestamp="20190911 21:47:32.692" level="INFO">${client2} = &lt;ManhattanComponent.ManhattanComponent instance at 0x02F5B6C0&gt;</msg>
<status status="PASS" endtime="20190911 21:47:32.692" starttime="20190911 21:47:32.690"></status>
</kw>
<kw name="Set Suite Variable" library="BuiltIn">
<doc>Makes a variable available everywhere within the scope of the current suite.</doc>
<arguments>
<arg>${client3}</arg>
<arg>${client_three}</arg>
</arguments>
<msg timestamp="20190911 21:47:32.695" level="INFO">${client3} = &lt;ManhattanComponent.ManhattanComponent instance at 0x02FA3C88&gt;</msg>
<status status="PASS" endtime="20190911 21:47:32.695" starttime="20190911 21:47:32.692"></status>
</kw>
<kw name="Set Suite Variable" library="BuiltIn">
<doc>Makes a variable available everywhere within the scope of the current suite.</doc>
<arguments>
<arg>${client4}</arg>
<arg>${client_four}</arg>
</arguments>
<msg timestamp="20190911 21:47:32.698" level="INFO">${client4} = &lt;ManhattanComponent.ManhattanComponent instance at 0x02FA3850&gt;</msg>
<status status="PASS" endtime="20190911 21:47:32.698" starttime="20190911 21:47:32.696"></status>
</kw>
<status status="PASS" endtime="20190911 21:47:32.698" starttime="20190911 21:47:18.319"></status>
</kw>
<test id="s1-t1" name="tc_529535_User_OnHold_HangsUp">
<kw name="Log" library="BuiltIn">
<doc>Logs the given message with the given level.</doc>
<arguments>
<arg>Step 2.1 --UserA opens contact card of UserB</arg>
</arguments>
<msg timestamp="20190911 21:47:32.700" level="INFO">Step 2.1 --UserA opens contact card of UserB</msg>
<status status="PASS" endtime="20190911 21:47:32.700" starttime="20190911 21:47:32.699"></status>
</kw>
<kw name="Create Dictionary" library="BuiltIn">
<doc>Creates and returns a dictionary based on the given ``items``.</doc>
<arguments>
<arg>searchItem=${user02.first_name} ${user02.last_name}</arg>
</arguments>
<assign>
<var>&amp;{params}</var>
</assign>
<msg timestamp="20190911 21:47:32.701" level="INFO">&amp;{params} = { searchItem=maha2 auto }</msg>
<status status="PASS" endtime="20190911 21:47:32.701" starttime="20190911 21:47:32.700"></status>
</kw>
<kw name="Call Method" library="BuiltIn">
<doc>Calls the named method of the given object with the provided arguments.</doc>
<arguments>
<arg>${client1}</arg>
<arg>search_people_extension</arg>
<arg>&amp;{params}</arg>
</arguments>
<msg timestamp="20190911 21:47:32.702" level="INFO">search_people_or_extension - Searching people by name </msg>
<msg timestamp="20190911 21:47:32.703" level="INFO">{'ELEMENT_TYPE': 'a', 'BY_TYPE': 'xpath', 'BY_VALUE': "//a[contains(@id,'dashboardSearch')]"}</msg>
<msg timestamp="20190911 21:47:33.929" level="INFO">{'ELEMENT_TYPE': 'input', 'BY_TYPE': 'xpath', 'BY_VALUE': "//input[contains(@id,'searchText')]"}</msg>
<msg timestamp="20190911 21:47:34.116" level="INFO">{'ELEMENT_TYPE': 'input', 'BY_TYPE': 'xpath', 'BY_VALUE': "//input[contains(@id,'searchText')]"}</msg>
<msg timestamp="20190911 21:47:34.260" level="INFO">{'ELEMENT_TYPE': 'input', 'BY_TYPE': 'xpath', 'BY_VALUE': "//input[contains(@id,'searchText')]"}</msg>
<msg timestamp="20190911 21:47:34.348" level="INFO">{'ELEMENT_TYPE': 'input', 'BY_TYPE': 'xpath', 'BY_VALUE': "//input[contains(@id,'searchText')]"}</msg>
<msg timestamp="20190911 21:47:34.416" level="INFO">{'ELEMENT_TYPE': 'input', 'BY_TYPE': 'xpath', 'BY_VALUE': "//input[contains(@id,'searchText')]"}</msg>
<msg timestamp="20190911 21:47:34.468" level="INFO">{'ELEMENT_TYPE': 'input', 'BY_TYPE': 'xpath', 'BY_VALUE': "//input[contains(@id,'searchText')]"}</msg>
<msg timestamp="20190911 21:47:34.519" level="INFO">{'ELEMENT_TYPE': 'input', 'BY_TYPE': 'xpath', 'BY_VALUE': "//input[contains(@id,'searchText')]"}</msg>
<msg timestamp="20190911 21:47:34.572" level="INFO">{'ELEMENT_TYPE': 'input', 'BY_TYPE': 'xpath', 'BY_VALUE': "//input[contains(@id,'searchText')]"}</msg>
<msg timestamp="20190911 21:47:34.628" level="INFO">{'ELEMENT_TYPE': 'input', 'BY_TYPE': 'xpath', 'BY_VALUE': "//input[contains(@id,'searchText')]"}</msg>
<msg timestamp="20190911 21:47:34.678" level="INFO">{'ELEMENT_TYPE': 'input', 'BY_TYPE': 'xpath', 'BY_VALUE': "//input[contains(@id,'searchText')]"}</msg>
<msg timestamp="20190911 21:47:34.735" level="INFO">{'ELEMENT_TYPE': 'input', 'BY_TYPE': 'xpath', 'BY_VALUE': "//input[contains(@id,'searchText')]"}</msg>
<msg timestamp="20190911 21:47:37.787" level="INFO">{'ELEMENT_TYPE': 'div', 'BY_TYPE': 'xpath', 'BY_VALUE': "//div[@class='contactName font-m']"}</msg>
<msg timestamp="20190911 21:47:37.824" level="INFO">search_people_or_extension - maha2 auto is available</msg>
<msg timestamp="20190911 21:47:37.910" level="INFO">search_people_extension - contact is available</msg>
<status status="PASS" endtime="20190911 21:47:37.910" starttime="20190911 21:47:32.702"></status>
</kw>
<kw name="Log" library="BuiltIn">
<doc>Logs the given message with the given level.</doc>
<arguments>
<arg>Step 2.2 --UserA places a call to UserB</arg>
</arguments>
<msg timestamp="20190911 21:47:37.911" level="INFO">Step 2.2 --UserA places a call to UserB</msg>
<status status="PASS" endtime="20190911 21:47:37.911" starttime="20190911 21:47:37.911"></status>
</kw>
<kw name="Create Dictionary" library="BuiltIn">
<doc>Creates and returns a dictionary based on the given ``items``.</doc>
<arguments>
<arg>option=start</arg>
<arg>user=${EMPTY}</arg>
</arguments>
<assign>
<var>&amp;{params}</var>
</assign>
<msg timestamp="20190911 21:47:37.912" level="INFO">&amp;{params} = { option=start | user= }</msg>
<status status="PASS" endtime="20190911 21:47:37.912" starttime="20190911 21:47:37.912"></status>
</kw>
<kw name="Call Method" library="BuiltIn">
<doc>Calls the named method of the given object with the provided arguments.</doc>
<arguments>
<arg>${client1}</arg>
<arg>place_end_call</arg>
<arg>&amp;{params}</arg>
</arguments>
<msg timestamp="20190911 21:47:37.913" level="INFO">place_end_call - operation to be start</msg>
<msg timestamp="20190911 21:47:37.914" level="INFO">{'ELEMENT_TYPE': 'button', 'BY_TYPE': 'xpath', 'BY_VALUE': '//button[@class="any-contact-action icon  icon-contactcard-call  call  generic-tooltip-contact-call-info"]'}</msg>
<msg timestamp="20190911 21:47:40.469" level="INFO">{'ELEMENT_TYPE': 'button', 'BY_TYPE': 'xpath', 'BY_VALUE': '//button[@class="any-contact-action icon  icon-contactcard-call  call  generic-tooltip-contact-call-info"]'}</msg>
<msg timestamp="20190911 21:47:40.812" level="INFO">{'ELEMENT_TYPE': 'button', 'BY_TYPE': 'xpath', 'BY_VALUE': "//div[contains(@class,'call-cell-buttons')]/button[@data-title='Hangup']"}</msg>
<msg timestamp="20190911 21:47:42.726" level="INFO">start_call - Call placed successfully</msg>
<msg timestamp="20190911 21:47:42.726" level="INFO">place_end_call - operation start performed</msg>
<status status="PASS" endtime="20190911 21:47:42.726" starttime="20190911 21:47:37.913"></status>
</kw>
<kw name="Log" library="BuiltIn">
<doc>Logs the given message with the given level.</doc>
<arguments>
<arg>Step 2.3--UserB verifies that incoming call notification in present</arg>
</arguments>
<msg timestamp="20190911 21:47:42.753" level="INFO">Step 2.3--UserB verifies that incoming call notification in present</msg>
<status status="PASS" endtime="20190911 21:47:42.753" starttime="20190911 21:47:42.752"></status>
</kw>
<kw name="Call Method" library="BuiltIn">
<doc>Calls the named method of the given object with the provided arguments.</doc>
<arguments>
<arg>${client2}</arg>
<arg>check_incoming_call</arg>
</arguments>
<msg timestamp="20190911 21:47:42.754" level="INFO">check_incoming_call - Checking incoming call</msg>
<msg timestamp="20190911 21:47:42.754" level="INFO">{'ELEMENT_TYPE': 'div', 'BY_TYPE': 'xpath', 'BY_VALUE': "//div[contains(@class, 'call-action-buttons')]/div[@data-title='Answer']"}</msg>
<msg timestamp="20190911 21:47:42.896" level="INFO">check_incoming_call - Recieve button is visible</msg>
<msg timestamp="20190911 21:47:42.897" level="INFO">{'ELEMENT_TYPE': 'div', 'BY_TYPE': 'xpath', 'BY_VALUE': "//div[contains(@data-title, 'To Voice Mail')]"}</msg>
<msg timestamp="20190911 21:47:43.077" level="INFO">check_incoming_call - Voice mail button is visible</msg>
<msg timestamp="20190911 21:47:43.077" level="INFO">{'ELEMENT_TYPE': 'div', 'BY_TYPE': 'xpath', 'BY_VALUE': "//div[contains(@data-title, 'To Voice Mail')]"}</msg>
<msg timestamp="20190911 21:47:43.130" level="INFO">check_incoming_call - call transfer button is visible</msg>
<status status="PASS" endtime="20190911 21:47:43.131" starttime="20190911 21:47:42.753"></status>
</kw>
<kw name="Log" library="BuiltIn">
<doc>Logs the given message with the given level.</doc>
<arguments>
<arg>Step 2.4--UserB answers the call</arg>
</arguments>
<msg timestamp="20190911 21:47:43.131" level="INFO">Step 2.4--UserB answers the call</msg>
<status status="PASS" endtime="20190911 21:47:43.132" starttime="20190911 21:47:43.131"></status>
</kw>
<kw name="Create Dictionary" library="BuiltIn">
<doc>Creates and returns a dictionary based on the given ``items``.</doc>
<arguments>
<arg>option=recv</arg>
<arg>user=${EMPTY}</arg>
</arguments>
<assign>
<var>&amp;{params}</var>
</assign>
<msg timestamp="20190911 21:47:43.133" level="INFO">&amp;{params} = { option=recv | user= }</msg>
<status status="PASS" endtime="20190911 21:47:43.133" starttime="20190911 21:47:43.132"></status>
</kw>
<kw name="Call Method" library="BuiltIn">
<doc>Calls the named method of the given object with the provided arguments.</doc>
<arguments>
<arg>${client2}</arg>
<arg>place_end_call</arg>
<arg>&amp;{params}</arg>
</arguments>
<msg timestamp="20190911 21:47:43.134" level="INFO">place_end_call - operation to be recv</msg>
<msg timestamp="20190911 21:47:43.134" level="INFO">{'ELEMENT_TYPE': 'div', 'BY_TYPE': 'xpath', 'BY_VALUE': "//div[contains(@class, 'call-action-buttons')]/div[@data-title='Answer']"}</msg>
<msg timestamp="20190911 21:47:43.356" level="INFO">{'ELEMENT_TYPE': 'div', 'BY_TYPE': 'xpath', 'BY_VALUE': "//div[contains(@class, 'call-action-buttons')]/div[@data-title='Answer']"}</msg>
<msg timestamp="20190911 21:47:45.008" level="INFO">receive_call - Call received successfully</msg>
<msg timestamp="20190911 21:47:45.008" level="INFO">place_end_call - operation recv performed</msg>
<status status="PASS" endtime="20190911 21:47:45.008" starttime="20190911 21:47:43.134"></status>
</kw>
<kw name="Log" library="BuiltIn">
<doc>Logs the given message with the given level.</doc>
<arguments>
<arg>Step 3 --UserA holds the call</arg>
</arguments>
<msg timestamp="20190911 21:47:45.009" level="INFO">Step 3 --UserA holds the call</msg>
<status status="PASS" endtime="20190911 21:47:45.009" starttime="20190911 21:47:45.009"></status>
</kw>
<kw name="Create Dictionary" library="BuiltIn">
<doc>Creates and returns a dictionary based on the given ``items``.</doc>
<arguments>
<arg>option=hold</arg>
<arg>user=${EMPTY}</arg>
</arguments>
<assign>
<var>&amp;{params}</var>
</assign>
<msg timestamp="20190911 21:47:45.011" level="INFO">&amp;{params} = { option=hold | user= }</msg>
<status status="PASS" endtime="20190911 21:47:45.011" starttime="20190911 21:47:45.010"></status>
</kw>
<kw name="Call Method" library="BuiltIn">
<doc>Calls the named method of the given object with the provided arguments.</doc>
<arguments>
<arg>${client1}</arg>
<arg>place_end_call</arg>
<arg>&amp;{params}</arg>
</arguments>
<msg timestamp="20190911 21:47:45.012" level="INFO">place_end_call - operation to be hold</msg>
<msg timestamp="20190911 21:47:45.012" level="INFO">{'ELEMENT_TYPE': 'div', 'BY_TYPE': 'xpath', 'BY_VALUE': "//div[contains(@class,'icon-wrap two-button')]/button[contains(@class,'icon-call-hold')]"}</msg>
<msg timestamp="20190911 21:47:45.607" level="INFO">{'ELEMENT_TYPE': 'div', 'BY_TYPE': 'xpath', 'BY_VALUE': "//div[contains(@class,'icon-wrap two-button')]/button[contains(@class,'icon-call-hold')]"}</msg>
<msg timestamp="20190911 21:47:46.718" level="INFO">{'ELEMENT_TYPE': 'div', 'BY_TYPE': 'xpath', 'BY_VALUE': "//div[contains(@class,'icon-wrap two-button')]/button[contains(@class,'icon-call-hold')]"}</msg>
<msg timestamp="20190911 21:47:46.739" level="INFO">{'ELEMENT_TYPE': 'div', 'BY_TYPE': 'xpath', 'BY_VALUE': "//div[contains(@class,'icon-wrap two-button')]/button[contains(@class,'icon-call-hold')]"}</msg>
<msg timestamp="20190911 21:47:47.809" level="INFO">{'ELEMENT_TYPE': 'div', 'BY_TYPE': 'xpath', 'BY_VALUE': "//div[contains(@class,'icon-wrap two-button')]/button[contains(@class,'icon-call-hold')]"}</msg>
<msg timestamp="20190911 21:47:50.837" level="INFO">{'ELEMENT_TYPE': 'button', 'BY_TYPE': 'xpath', 'BY_VALUE': '//button[contains(@class,"call hold unhold")]'}</msg>
<msg timestamp="20190911 21:47:50.914" level="INFO">hold_call - Clicked on hold call successfully</msg>
<msg timestamp="20190911 21:47:50.914" level="INFO">place_end_call - operation hold performed</msg>
<msg timestamp="20190911 21:47:50.914" level="INFO">('element_not_displayed len -- ', 1)
('element_not_displayed len -- ', 1)
('element_not_displayed len -- ', 0)</msg>
<status status="PASS" endtime="20190911 21:47:50.914" starttime="20190911 21:47:45.011"></status>
</kw>
<kw name="Log" library="BuiltIn">
<doc>Logs the given message with the given level.</doc>
<arguments>
<arg>Step 4 --UserA hangsup the call</arg>
</arguments>
<msg timestamp="20190911 21:47:50.915" level="INFO">Step 4 --UserA hangsup the call</msg>
<status status="PASS" endtime="20190911 21:47:50.915" starttime="20190911 21:47:50.915"></status>
</kw>
<kw name="Create Dictionary" library="BuiltIn">
<doc>Creates and returns a dictionary based on the given ``items``.</doc>
<arguments>
<arg>option=end</arg>
<arg>user=${EMPTY}</arg>
</arguments>
<assign>
<var>&amp;{params}</var>
</assign>
<msg timestamp="20190911 21:47:50.917" level="INFO">&amp;{params} = { option=end | user= }</msg>
<status status="PASS" endtime="20190911 21:47:50.917" starttime="20190911 21:47:50.916"></status>
</kw>
<kw name="Call Method" library="BuiltIn">
<doc>Calls the named method of the given object with the provided arguments.</doc>
<arguments>
<arg>${client1}</arg>
<arg>place_end_call</arg>
<arg>&amp;{params}</arg>
</arguments>
<msg timestamp="20190911 21:47:50.918" level="INFO">place_end_call - operation to be end</msg>
<msg timestamp="20190911 21:47:50.918" level="INFO">{'ELEMENT_TYPE': 'div', 'BY_TYPE': 'xpath', 'BY_VALUE': "//div/button[contains(@class,'any-contact-action icon icon-maincontrols-end')]"}</msg>
<msg timestamp="20190911 21:47:50.996" level="INFO">{'ELEMENT_TYPE': 'div', 'BY_TYPE': 'xpath', 'BY_VALUE': "//div/button[contains(@class,'any-contact-action icon icon-maincontrols-end')]"}</msg>
<msg timestamp="20190911 21:47:51.137" level="INFO">{'ELEMENT_TYPE': 'div', 'BY_TYPE': 'xpath', 'BY_VALUE': "//div/button[contains(@class,'any-contact-action icon icon-maincontrols-end')]"}</msg>
<msg timestamp="20190911 21:47:51.164" level="INFO">end_call - Call ended successfully</msg>
<msg timestamp="20190911 21:47:51.164" level="INFO">place_end_call - operation end performed</msg>
<msg timestamp="20190911 21:47:51.164" level="INFO">('element_not_displayed len -- ', 1)</msg>
<status status="PASS" endtime="20190911 21:47:51.164" starttime="20190911 21:47:50.917"></status>
</kw>
<kw name="Sleep" library="BuiltIn">
<doc>Pauses the test executed for the given time.</doc>
<arguments>
<arg>5s</arg>
</arguments>
<msg timestamp="20190911 21:47:56.166" level="INFO">Slept 5 seconds</msg>
<status status="PASS" endtime="20190911 21:47:56.166" starttime="20190911 21:47:51.165"></status>
</kw>
<kw type="teardown" name="Run Keyword Unless" library="BuiltIn">
<doc>Runs the given keyword with the given arguments if ``condition`` is false.</doc>
<arguments>
<arg>'${TEST STATUS}'=='PASS'</arg>
<arg>Test case PostCondition</arg>
</arguments>
<status status="PASS" endtime="20190911 21:47:56.167" starttime="20190911 21:47:56.167"></status>
</kw>
<tags>
<tag>Call_Control</tag>
<tag>P2</tag>
</tags>
<status status="PASS" endtime="20190911 21:47:56.167" critical="yes" starttime="20190911 21:47:32.698"></status>
</test>
<test id="s1-t2" name="tc_529546_Park_Call">
<kw name="Log" library="BuiltIn">
<doc>Logs the given message with the given level.</doc>
<arguments>
<arg>Step 2.1 --UserA opens contact card of UserB</arg>
</arguments>
<msg timestamp="20190911 21:47:56.171" level="INFO">Step 2.1 --UserA opens contact card of UserB</msg>
<status status="PASS" endtime="20190911 21:47:56.171" starttime="20190911 21:47:56.171"></status>
</kw>
<kw name="Create Dictionary" library="BuiltIn">
<doc>Creates and returns a dictionary based on the given ``items``.</doc>
<arguments>
<arg>searchItem=${user02.first_name} ${user02.last_name}</arg>
</arguments>
<assign>
<var>&amp;{params}</var>
</assign>
<msg timestamp="20190911 21:47:56.173" level="INFO">&amp;{params} = { searchItem=maha2 auto }</msg>
<status status="PASS" endtime="20190911 21:47:56.173" starttime="20190911 21:47:56.172"></status>
</kw>
<kw name="Call Method" library="BuiltIn">
<doc>Calls the named method of the given object with the provided arguments.</doc>
<arguments>
<arg>${client1}</arg>
<arg>search_people_extension</arg>
<arg>&amp;{params}</arg>
</arguments>
<msg timestamp="20190911 21:47:56.174" level="INFO">search_people_or_extension - Searching people by name </msg>
<msg timestamp="20190911 21:47:56.174" level="INFO">{'ELEMENT_TYPE': 'a', 'BY_TYPE': 'xpath', 'BY_VALUE': "//a[contains(@id,'dashboardSearch')]"}</msg>
<msg timestamp="20190911 21:47:57.400" level="INFO">{'ELEMENT_TYPE': 'input', 'BY_TYPE': 'xpath', 'BY_VALUE': "//input[contains(@id,'searchText')]"}</msg>
<msg timestamp="20190911 21:47:57.472" level="INFO">{'ELEMENT_TYPE': 'input', 'BY_TYPE': 'xpath', 'BY_VALUE': "//input[contains(@id,'searchText')]"}</msg>
<msg timestamp="20190911 21:47:57.581" level="INFO">{'ELEMENT_TYPE': 'input', 'BY_TYPE': 'xpath', 'BY_VALUE': "//input[contains(@id,'searchText')]"}</msg>
<msg timestamp="20190911 21:47:57.630" level="INFO">{'ELEMENT_TYPE': 'input', 'BY_TYPE': 'xpath', 'BY_VALUE': "//input[contains(@id,'searchText')]"}</msg>
<msg timestamp="20190911 21:47:57.685" level="INFO">{'ELEMENT_TYPE': 'input', 'BY_TYPE': 'xpath', 'BY_VALUE': "//input[contains(@id,'searchText')]"}</msg>
<msg timestamp="20190911 21:47:57.734" level="INFO">{'ELEMENT_TYPE': 'input', 'BY_TYPE': 'xpath', 'BY_VALUE': "//input[contains(@id,'searchText')]"}</msg>
<msg timestamp="20190911 21:47:57.781" level="INFO">{'ELEMENT_TYPE': 'input', 'BY_TYPE': 'xpath', 'BY_VALUE': "//input[contains(@id,'searchText')]"}</msg>
<msg timestamp="20190911 21:47:57.833" level="INFO">{'ELEMENT_TYPE': 'input', 'BY_TYPE': 'xpath', 'BY_VALUE': "//input[contains(@id,'searchText')]"}</msg>
<msg timestamp="20190911 21:47:57.881" level="INFO">{'ELEMENT_TYPE': 'input', 'BY_TYPE': 'xpath', 'BY_VALUE': "//input[contains(@id,'searchText')]"}</msg>
<msg timestamp="20190911 21:47:57.926" level="INFO">{'ELEMENT_TYPE': 'input', 'BY_TYPE': 'xpath', 'BY_VALUE': "//input[contains(@id,'searchText')]"}</msg>
<msg timestamp="20190911 21:47:57.974" level="INFO">{'ELEMENT_TYPE': 'input', 'BY_TYPE': 'xpath', 'BY_VALUE': "//input[contains(@id,'searchText')]"}</msg>
<msg timestamp="20190911 21:48:01.022" level="INFO">{'ELEMENT_TYPE': 'div', 'BY_TYPE': 'xpath', 'BY_VALUE': "//div[@class='contactName font-m']"}</msg>
<msg timestamp="20190911 21:48:01.065" level="INFO">search_people_or_extension - maha2 auto is available</msg>
<msg timestamp="20190911 21:48:01.173" level="INFO">search_people_extension - contact is available</msg>
<status status="PASS" endtime="20190911 21:48:01.174" starttime="20190911 21:47:56.173"></status>
</kw>
<kw name="Log" library="BuiltIn">
<doc>Logs the given message with the given level.</doc>
<arguments>
<arg>Step 2.2 --UserA places a call to UserB</arg>
</arguments>
<msg timestamp="20190911 21:48:01.175" level="INFO">Step 2.2 --UserA places a call to UserB</msg>
<status status="PASS" endtime="20190911 21:48:01.175" starttime="20190911 21:48:01.174"></status>
</kw>
<kw name="Create Dictionary" library="BuiltIn">
<doc>Creates and returns a dictionary based on the given ``items``.</doc>
<arguments>
<arg>option=start</arg>
<arg>user=${EMPTY}</arg>
</arguments>
<assign>
<var>&amp;{params}</var>
</assign>
<msg timestamp="20190911 21:48:01.176" level="INFO">&amp;{params} = { option=start | user= }</msg>
<status status="PASS" endtime="20190911 21:48:01.176" starttime="20190911 21:48:01.175"></status>
</kw>
<kw name="Call Method" library="BuiltIn">
<doc>Calls the named method of the given object with the provided arguments.</doc>
<arguments>
<arg>${client1}</arg>
<arg>place_end_call</arg>
<arg>&amp;{params}</arg>
</arguments>
<msg timestamp="20190911 21:48:01.178" level="INFO">place_end_call - operation to be start</msg>
<msg timestamp="20190911 21:48:01.178" level="INFO">{'ELEMENT_TYPE': 'button', 'BY_TYPE': 'xpath', 'BY_VALUE': '//button[@class="any-contact-action icon  icon-contactcard-call  call  generic-tooltip-contact-call-info"]'}</msg>
<msg timestamp="20190911 21:48:03.603" level="INFO">{'ELEMENT_TYPE': 'button', 'BY_TYPE': 'xpath', 'BY_VALUE': '//button[@class="any-contact-action icon  icon-contactcard-call  call  generic-tooltip-contact-call-info"]'}</msg>
<msg timestamp="20190911 21:48:03.927" level="INFO">{'ELEMENT_TYPE': 'button', 'BY_TYPE': 'xpath', 'BY_VALUE': "//div[contains(@class,'call-cell-buttons')]/button[@data-title='Hangup']"}</msg>
<msg timestamp="20190911 21:48:08.011" level="INFO">start_call - Call placed successfully</msg>
<msg timestamp="20190911 21:48:08.011" level="INFO">place_end_call - operation start performed</msg>
<status status="PASS" endtime="20190911 21:48:08.011" starttime="20190911 21:48:01.177"></status>
</kw>
<kw name="Log" library="BuiltIn">
<doc>Logs the given message with the given level.</doc>
<arguments>
<arg>Step 2.3 --UserB verifies that incoming call notification in present</arg>
</arguments>
<msg timestamp="20190911 21:48:08.012" level="INFO">Step 2.3 --UserB verifies that incoming call notification in present</msg>
<status status="PASS" endtime="20190911 21:48:08.012" starttime="20190911 21:48:08.012"></status>
</kw>
<kw name="Call Method" library="BuiltIn">
<doc>Calls the named method of the given object with the provided arguments.</doc>
<arguments>
<arg>${client2}</arg>
<arg>check_incoming_call</arg>
</arguments>
<msg timestamp="20190911 21:48:08.013" level="INFO">check_incoming_call - Checking incoming call</msg>
<msg timestamp="20190911 21:48:08.013" level="INFO">{'ELEMENT_TYPE': 'div', 'BY_TYPE': 'xpath', 'BY_VALUE': "//div[contains(@class, 'call-action-buttons')]/div[@data-title='Answer']"}</msg>
<msg timestamp="20190911 21:48:08.118" level="INFO">check_incoming_call - Recieve button is visible</msg>
<msg timestamp="20190911 21:48:08.118" level="INFO">{'ELEMENT_TYPE': 'div', 'BY_TYPE': 'xpath', 'BY_VALUE': "//div[contains(@data-title, 'To Voice Mail')]"}</msg>
<msg timestamp="20190911 21:48:08.189" level="INFO">check_incoming_call - Voice mail button is visible</msg>
<msg timestamp="20190911 21:48:08.190" level="INFO">{'ELEMENT_TYPE': 'div', 'BY_TYPE': 'xpath', 'BY_VALUE': "//div[contains(@data-title, 'To Voice Mail')]"}</msg>
<msg timestamp="20190911 21:48:08.239" level="INFO">check_incoming_call - call transfer button is visible</msg>
<status status="PASS" endtime="20190911 21:48:08.239" starttime="20190911 21:48:08.012"></status>
</kw>
<kw name="Log" library="BuiltIn">
<doc>Logs the given message with the given level.</doc>
<arguments>
<arg>Step 2.4 --UserB answers the call</arg>
</arguments>
<msg timestamp="20190911 21:48:08.240" level="INFO">Step 2.4 --UserB answers the call</msg>
<status status="PASS" endtime="20190911 21:48:08.240" starttime="20190911 21:48:08.240"></status>
</kw>
<kw name="Create Dictionary" library="BuiltIn">
<doc>Creates and returns a dictionary based on the given ``items``.</doc>
<arguments>
<arg>option=recv</arg>
<arg>user=${EMPTY}</arg>
</arguments>
<assign>
<var>&amp;{params}</var>
</assign>
<msg timestamp="20190911 21:48:08.242" level="INFO">&amp;{params} = { option=recv | user= }</msg>
<status status="PASS" endtime="20190911 21:48:08.242" starttime="20190911 21:48:08.241"></status>
</kw>
<kw name="Call Method" library="BuiltIn">
<doc>Calls the named method of the given object with the provided arguments.</doc>
<arguments>
<arg>${client2}</arg>
<arg>place_end_call</arg>
<arg>&amp;{params}</arg>
</arguments>
<msg timestamp="20190911 21:48:08.243" level="INFO">place_end_call - operation to be recv</msg>
<msg timestamp="20190911 21:48:08.243" level="INFO">{'ELEMENT_TYPE': 'div', 'BY_TYPE': 'xpath', 'BY_VALUE': "//div[contains(@class, 'call-action-buttons')]/div[@data-title='Answer']"}</msg>
<msg timestamp="20190911 21:48:08.324" level="INFO">{'ELEMENT_TYPE': 'div', 'BY_TYPE': 'xpath', 'BY_VALUE': "//div[contains(@class, 'call-action-buttons')]/div[@data-title='Answer']"}</msg>
<msg timestamp="20190911 21:48:10.653" level="INFO">receive_call - Call received successfully</msg>
<msg timestamp="20190911 21:48:10.654" level="INFO">place_end_call - operation recv performed</msg>
<status status="PASS" endtime="20190911 21:48:10.654" starttime="20190911 21:48:08.242"></status>
</kw>
<kw name="Log" library="BuiltIn">
<doc>Logs the given message with the given level.</doc>
<arguments>
<arg>Step 3.1 --UserB Park the call to UserC</arg>
</arguments>
<msg timestamp="20190911 21:48:10.654" level="INFO">Step 3.1 --UserB Park the call to UserC</msg>
<status status="PASS" endtime="20190911 21:48:10.655" starttime="20190911 21:48:10.654"></status>
</kw>
<kw name="Create Dictionary" library="BuiltIn">
<doc>Creates and returns a dictionary based on the given ``items``.</doc>
<arguments>
<arg>option=park</arg>
<arg>user=${user03.first_name} ${user03.last_name}</arg>
</arguments>
<assign>
<var>&amp;{params}</var>
</assign>
<msg timestamp="20190911 21:48:10.656" level="INFO">&amp;{params} = { option=park | user=maha3 auto }</msg>
<status status="PASS" endtime="20190911 21:48:10.656" starttime="20190911 21:48:10.655"></status>
</kw>
<kw name="Call Method" library="BuiltIn">
<doc>Calls the named method of the given object with the provided arguments.</doc>
<arguments>
<arg>${client2}</arg>
<arg>add_participants_for_park_call</arg>
<arg>&amp;{params}</arg>
</arguments>
<msg timestamp="20190911 21:48:11.657" level="INFO">add_participants_for_park_call-  Going to add participants for park calling</msg>
<msg timestamp="20190911 21:48:11.657" level="INFO">{'ELEMENT_TYPE': 'button', 'BY_TYPE': 'xpath', 'BY_VALUE': "//button[contains(@class,'icon-controls-transfer transfer')]"}</msg>
<msg timestamp="20190911 21:48:13.669" level="INFO">{'ELEMENT_TYPE': 'div', 'BY_TYPE': 'xpath', 'BY_VALUE': "//div[contains(@class,'selected-contacts-wrap cf')]/div/input"}</msg>
<msg timestamp="20190911 21:48:13.844" level="INFO">{'ELEMENT_TYPE': 'div', 'BY_TYPE': 'xpath', 'BY_VALUE': "//div[contains(@class,'selected-contacts-wrap cf')]/div/input"}</msg>
<msg timestamp="20190911 21:48:14.558" level="INFO">{'ELEMENT_TYPE': 'st-contact-token', 'BY_TYPE': 'xpath', 'BY_VALUE': "//st-contact-token/span[contains(@class,'name')]"}</msg>
<msg timestamp="20190911 21:48:15.268" level="INFO">{'ELEMENT_TYPE': 'st-contact-token', 'BY_TYPE': 'xpath', 'BY_VALUE': "//st-contact-token/span[contains(@class,'name')]"}</msg>
<msg timestamp="20190911 21:48:15.399" level="INFO">{'ELEMENT_TYPE': 'div', 'BY_TYPE': 'xpath', 'BY_VALUE': "//div[@class='transfer-btn-icon park icon-call-park']"}</msg>
<msg timestamp="20190911 21:48:16.017" level="INFO">{'ELEMENT_TYPE': 'div', 'BY_TYPE': 'xpath', 'BY_VALUE': "//div[@class='transfer-btn-icon park icon-call-park']"}</msg>
<msg timestamp="20190911 21:48:16.200" level="INFO">park_transfer_call - user added for call park</msg>
<msg timestamp="20190911 21:48:16.200" level="INFO">{'ELEMENT_TYPE': 'button', 'BY_TYPE': 'xpath', 'BY_VALUE': "//button[contains(@class,'icon icon-maincontrols-park park')]"}</msg>
<msg timestamp="20190911 21:48:16.283" level="INFO">{'ELEMENT_TYPE': 'button', 'BY_TYPE': 'xpath', 'BY_VALUE': "//button[contains(@class,'icon icon-maincontrols-park park')]"}</msg>
<msg timestamp="20190911 21:48:16.425" level="INFO">add_participants_for_park_call-  able to click the park option</msg>
<msg timestamp="20190911 21:48:16.426" level="INFO">add_participants_for_park_call-  participants for park calling added successfully</msg>
<status status="PASS" endtime="20190911 21:48:16.426" starttime="20190911 21:48:10.657"></status>
</kw>
<kw name="Log" library="BuiltIn">
<doc>Logs the given message with the given level.</doc>
<arguments>
<arg>Step 3.2 -verfiy the resume button is getting displayed</arg>
</arguments>
<msg timestamp="20190911 21:48:16.427" level="INFO">Step 3.2 -verfiy the resume button is getting displayed</msg>
<status status="PASS" endtime="20190911 21:48:16.427" starttime="20190911 21:48:16.426"></status>
</kw>
<kw name="Create Dictionary" library="BuiltIn">
<doc>Creates and returns a dictionary based on the given ``items``.</doc>
<arguments>
<arg>option=on_hold</arg>
</arguments>
<assign>
<var>&amp;{params}</var>
</assign>
<msg timestamp="20190911 21:48:16.428" level="INFO">&amp;{params} = { option=on_hold }</msg>
<status status="PASS" endtime="20190911 21:48:16.428" starttime="20190911 21:48:16.427"></status>
</kw>
<kw name="Call Method" library="BuiltIn">
<doc>Calls the named method of the given object with the provided arguments.</doc>
<arguments>
<arg>${client3}</arg>
<arg>verify_hold_user_dashboard</arg>
<arg>&amp;{params}</arg>
</arguments>
<msg timestamp="20190911 21:48:16.429" level="INFO">{'ELEMENT_TYPE': 'div', 'BY_TYPE': 'xpath', 'BY_VALUE': "//div[@class='duration-or-status font-sm']/div[contains(text(),'On Hold')]"}</msg>
<msg timestamp="20190911 21:48:19.472" level="INFO">verify_hold_user_dashboard - no call on hold indication</msg>
<msg timestamp="20190911 21:48:19.472" level="INFO">('element_not_displayed len -- ', 0)</msg>
<status status="PASS" endtime="20190911 21:48:19.472" starttime="20190911 21:48:16.428"></status>
</kw>
<kw name="Sleep" library="BuiltIn">
<doc>Pauses the test executed for the given time.</doc>
<arguments>
<arg>5s</arg>
</arguments>
<msg timestamp="20190911 21:48:24.474" level="INFO">Slept 5 seconds</msg>
<status status="PASS" endtime="20190911 21:48:24.474" starttime="20190911 21:48:19.473"></status>
</kw>
<kw name="Log" library="BuiltIn">
<doc>Logs the given message with the given level.</doc>
<arguments>
<arg>Step 3.4 --UserA hangsup the call</arg>
</arguments>
<msg timestamp="20190911 21:48:24.475" level="INFO">Step 3.4 --UserA hangsup the call</msg>
<status status="PASS" endtime="20190911 21:48:24.475" starttime="20190911 21:48:24.475"></status>
</kw>
<kw name="Create Dictionary" library="BuiltIn">
<doc>Creates and returns a dictionary based on the given ``items``.</doc>
<arguments>
<arg>option=end</arg>
<arg>user=${EMPTY}</arg>
</arguments>
<assign>
<var>&amp;{params}</var>
</assign>
<msg timestamp="20190911 21:48:24.476" level="INFO">&amp;{params} = { option=end | user= }</msg>
<status status="PASS" endtime="20190911 21:48:24.476" starttime="20190911 21:48:24.475"></status>
</kw>
<kw name="Call Method" library="BuiltIn">
<doc>Calls the named method of the given object with the provided arguments.</doc>
<arguments>
<arg>${client1}</arg>
<arg>place_end_call</arg>
<arg>&amp;{params}</arg>
</arguments>
<msg timestamp="20190911 21:48:24.478" level="INFO">place_end_call - operation to be end</msg>
<msg timestamp="20190911 21:48:24.478" level="INFO">{'ELEMENT_TYPE': 'div', 'BY_TYPE': 'xpath', 'BY_VALUE': "//div/button[contains(@class,'any-contact-action icon icon-maincontrols-end')]"}</msg>
<msg timestamp="20190911 21:48:24.579" level="INFO">{'ELEMENT_TYPE': 'div', 'BY_TYPE': 'xpath', 'BY_VALUE': "//div/button[contains(@class,'any-contact-action icon icon-maincontrols-end')]"}</msg>
<msg timestamp="20190911 21:48:24.698" level="INFO">{'ELEMENT_TYPE': 'div', 'BY_TYPE': 'xpath', 'BY_VALUE': "//div/button[contains(@class,'any-contact-action icon icon-maincontrols-end')]"}</msg>
<msg timestamp="20190911 21:48:24.737" level="INFO">end_call - Call ended successfully</msg>
<msg timestamp="20190911 21:48:24.737" level="INFO">place_end_call - operation end performed</msg>
<msg timestamp="20190911 21:48:24.737" level="INFO">('element_not_displayed len -- ', 1)</msg>
<status status="PASS" endtime="20190911 21:48:24.737" starttime="20190911 21:48:24.477"></status>
</kw>
<kw name="Sleep" library="BuiltIn">
<doc>Pauses the test executed for the given time.</doc>
<arguments>
<arg>5s</arg>
</arguments>
<msg timestamp="20190911 21:48:29.738" level="INFO">Slept 5 seconds</msg>
<status status="PASS" endtime="20190911 21:48:29.738" starttime="20190911 21:48:24.738"></status>
</kw>
<kw type="teardown" name="Run Keyword Unless" library="BuiltIn">
<doc>Runs the given keyword with the given arguments if ``condition`` is false.</doc>
<arguments>
<arg>'${TEST STATUS}'=='PASS'</arg>
<arg>Test case PostCondition</arg>
</arguments>
<status status="PASS" endtime="20190911 21:48:29.739" starttime="20190911 21:48:29.739"></status>
</kw>
<tags>
<tag>Call_Control</tag>
<tag>P2</tag>
</tags>
<status status="PASS" endtime="20190911 21:48:29.739" critical="yes" starttime="20190911 21:47:56.170"></status>
</test>
<test id="s1-t3" name="tc_529548_Returned_Parked_Call">
<kw name="Log" library="BuiltIn">
<doc>Logs the given message with the given level.</doc>
<arguments>
<arg>Step 2.1 --UserA opens contact card of UserB</arg>
</arguments>
<msg timestamp="20190911 21:48:29.743" level="INFO">Step 2.1 --UserA opens contact card of UserB</msg>
<status status="PASS" endtime="20190911 21:48:29.743" starttime="20190911 21:48:29.743"></status>
</kw>
<kw name="Create Dictionary" library="BuiltIn">
<doc>Creates and returns a dictionary based on the given ``items``.</doc>
<arguments>
<arg>searchItem=${user02.first_name} ${user02.last_name}</arg>
</arguments>
<assign>
<var>&amp;{params}</var>
</assign>
<msg timestamp="20190911 21:48:29.745" level="INFO">&amp;{params} = { searchItem=maha2 auto }</msg>
<status status="PASS" endtime="20190911 21:48:29.745" starttime="20190911 21:48:29.744"></status>
</kw>
<kw name="Call Method" library="BuiltIn">
<doc>Calls the named method of the given object with the provided arguments.</doc>
<arguments>
<arg>${client1}</arg>
<arg>search_people_extension</arg>
<arg>&amp;{params}</arg>
</arguments>
<msg timestamp="20190911 21:48:29.745" level="INFO">search_people_or_extension - Searching people by name </msg>
<msg timestamp="20190911 21:48:29.746" level="INFO">{'ELEMENT_TYPE': 'a', 'BY_TYPE': 'xpath', 'BY_VALUE': "//a[contains(@id,'dashboardSearch')]"}</msg>
<msg timestamp="20190911 21:48:30.854" level="INFO">{'ELEMENT_TYPE': 'input', 'BY_TYPE': 'xpath', 'BY_VALUE': "//input[contains(@id,'searchText')]"}</msg>
<msg timestamp="20190911 21:48:30.927" level="INFO">{'ELEMENT_TYPE': 'input', 'BY_TYPE': 'xpath', 'BY_VALUE': "//input[contains(@id,'searchText')]"}</msg>
<msg timestamp="20190911 21:48:31.028" level="INFO">{'ELEMENT_TYPE': 'input', 'BY_TYPE': 'xpath', 'BY_VALUE': "//input[contains(@id,'searchText')]"}</msg>
<msg timestamp="20190911 21:48:31.071" level="INFO">{'ELEMENT_TYPE': 'input', 'BY_TYPE': 'xpath', 'BY_VALUE': "//input[contains(@id,'searchText')]"}</msg>
<msg timestamp="20190911 21:48:31.120" level="INFO">{'ELEMENT_TYPE': 'input', 'BY_TYPE': 'xpath', 'BY_VALUE': "//input[contains(@id,'searchText')]"}</msg>
<msg timestamp="20190911 21:48:31.164" level="INFO">{'ELEMENT_TYPE': 'input', 'BY_TYPE': 'xpath', 'BY_VALUE': "//input[contains(@id,'searchText')]"}</msg>
<msg timestamp="20190911 21:48:31.212" level="INFO">{'ELEMENT_TYPE': 'input', 'BY_TYPE': 'xpath', 'BY_VALUE': "//input[contains(@id,'searchText')]"}</msg>
<msg timestamp="20190911 21:48:31.255" level="INFO">{'ELEMENT_TYPE': 'input', 'BY_TYPE': 'xpath', 'BY_VALUE': "//input[contains(@id,'searchText')]"}</msg>
<msg timestamp="20190911 21:48:31.300" level="INFO">{'ELEMENT_TYPE': 'input', 'BY_TYPE': 'xpath', 'BY_VALUE': "//input[contains(@id,'searchText')]"}</msg>
<msg timestamp="20190911 21:48:31.349" level="INFO">{'ELEMENT_TYPE': 'input', 'BY_TYPE': 'xpath', 'BY_VALUE': "//input[contains(@id,'searchText')]"}</msg>
<msg timestamp="20190911 21:48:31.400" level="INFO">{'ELEMENT_TYPE': 'input', 'BY_TYPE': 'xpath', 'BY_VALUE': "//input[contains(@id,'searchText')]"}</msg>
<msg timestamp="20190911 21:48:34.446" level="INFO">{'ELEMENT_TYPE': 'div', 'BY_TYPE': 'xpath', 'BY_VALUE': "//div[@class='contactName font-m']"}</msg>
<msg timestamp="20190911 21:48:34.492" level="INFO">search_people_or_extension - maha2 auto is available</msg>
<msg timestamp="20190911 21:48:34.589" level="INFO">search_people_extension - contact is available</msg>
<status status="PASS" endtime="20190911 21:48:34.589" starttime="20190911 21:48:29.745"></status>
</kw>
<kw name="Log" library="BuiltIn">
<doc>Logs the given message with the given level.</doc>
<arguments>
<arg>Step 2.2 --UserA places a call to UserB</arg>
</arguments>
<msg timestamp="20190911 21:48:34.590" level="INFO">Step 2.2 --UserA places a call to UserB</msg>
<status status="PASS" endtime="20190911 21:48:34.590" starttime="20190911 21:48:34.590"></status>
</kw>
<kw name="Create Dictionary" library="BuiltIn">
<doc>Creates and returns a dictionary based on the given ``items``.</doc>
<arguments>
<arg>option=start</arg>
<arg>user=${EMPTY}</arg>
</arguments>
<assign>
<var>&amp;{params}</var>
</assign>
<msg timestamp="20190911 21:48:34.591" level="INFO">&amp;{params} = { option=start | user= }</msg>
<status status="PASS" endtime="20190911 21:48:34.591" starttime="20190911 21:48:34.590"></status>
</kw>
<kw name="Call Method" library="BuiltIn">
<doc>Calls the named method of the given object with the provided arguments.</doc>
<arguments>
<arg>${client1}</arg>
<arg>place_end_call</arg>
<arg>&amp;{params}</arg>
</arguments>
<msg timestamp="20190911 21:48:34.592" level="INFO">place_end_call - operation to be start</msg>
<msg timestamp="20190911 21:48:34.593" level="INFO">{'ELEMENT_TYPE': 'button', 'BY_TYPE': 'xpath', 'BY_VALUE': '//button[@class="any-contact-action icon  icon-contactcard-call  call  generic-tooltip-contact-call-info"]'}</msg>
<msg timestamp="20190911 21:48:35.227" level="INFO">{'ELEMENT_TYPE': 'button', 'BY_TYPE': 'xpath', 'BY_VALUE': '//button[@class="any-contact-action icon  icon-contactcard-call  call  generic-tooltip-contact-call-info"]'}</msg>
<msg timestamp="20190911 21:48:35.360" level="INFO">{'ELEMENT_TYPE': 'button', 'BY_TYPE': 'xpath', 'BY_VALUE': "//div[contains(@class,'call-cell-buttons')]/button[@data-title='Hangup']"}</msg>
<msg timestamp="20190911 21:48:58.227" level="INFO">start_call - Clicking Second time</msg>
<msg timestamp="20190911 21:48:58.227" level="INFO">{'ELEMENT_TYPE': 'button', 'BY_TYPE': 'xpath', 'BY_VALUE': '//button[@class="any-contact-action icon  icon-contactcard-call  call  generic-tooltip-contact-call-info"]'}</msg>
<msg timestamp="20190911 21:48:58.297" level="INFO">{'ELEMENT_TYPE': 'button', 'BY_TYPE': 'xpath', 'BY_VALUE': '//button[@class="any-contact-action icon  icon-contactcard-call  call  generic-tooltip-contact-call-info"]'}</msg>
<msg timestamp="20190911 21:48:58.419" level="INFO">{'ELEMENT_TYPE': 'button', 'BY_TYPE': 'xpath', 'BY_VALUE': "//div[contains(@class,'call-cell-buttons')]/button[@data-title='Hangup']"}</msg>
<msg timestamp="20190911 21:49:01.615" level="INFO">start_call - Call placed successfully</msg>
<msg timestamp="20190911 21:49:01.616" level="INFO">place_end_call - operation start performed</msg>
<status status="PASS" endtime="20190911 21:49:01.616" starttime="20190911 21:48:34.592"></status>
</kw>
<kw name="Log" library="BuiltIn">
<doc>Logs the given message with the given level.</doc>
<arguments>
<arg>Step 2.3 --UserB verifies that incoming call notification in present</arg>
</arguments>
<msg timestamp="20190911 21:49:01.617" level="INFO">Step 2.3 --UserB verifies that incoming call notification in present</msg>
<status status="PASS" endtime="20190911 21:49:01.617" starttime="20190911 21:49:01.617"></status>
</kw>
<kw name="Call Method" library="BuiltIn">
<doc>Calls the named method of the given object with the provided arguments.</doc>
<arguments>
<arg>${client2}</arg>
<arg>check_incoming_call</arg>
</arguments>
<msg timestamp="20190911 21:49:01.618" level="INFO">check_incoming_call - Checking incoming call</msg>
<msg timestamp="20190911 21:49:01.618" level="INFO">{'ELEMENT_TYPE': 'div', 'BY_TYPE': 'xpath', 'BY_VALUE': "//div[contains(@class, 'call-action-buttons')]/div[@data-title='Answer']"}</msg>
<msg timestamp="20190911 21:49:01.903" level="INFO">check_incoming_call - Recieve button is visible</msg>
<msg timestamp="20190911 21:49:01.903" level="INFO">{'ELEMENT_TYPE': 'div', 'BY_TYPE': 'xpath', 'BY_VALUE': "//div[contains(@data-title, 'To Voice Mail')]"}</msg>
<msg timestamp="20190911 21:49:01.985" level="INFO">check_incoming_call - Voice mail button is visible</msg>
<msg timestamp="20190911 21:49:01.986" level="INFO">{'ELEMENT_TYPE': 'div', 'BY_TYPE': 'xpath', 'BY_VALUE': "//div[contains(@data-title, 'To Voice Mail')]"}</msg>
<msg timestamp="20190911 21:49:02.027" level="INFO">check_incoming_call - call transfer button is visible</msg>
<status status="PASS" endtime="20190911 21:49:02.027" starttime="20190911 21:49:01.617"></status>
</kw>
<kw name="Log" library="BuiltIn">
<doc>Logs the given message with the given level.</doc>
<arguments>
<arg>Step4 2.4 --UserB answers the call</arg>
</arguments>
<msg timestamp="20190911 21:49:02.028" level="INFO">Step4 2.4 --UserB answers the call</msg>
<status status="PASS" endtime="20190911 21:49:02.028" starttime="20190911 21:49:02.028"></status>
</kw>
<kw name="Create Dictionary" library="BuiltIn">
<doc>Creates and returns a dictionary based on the given ``items``.</doc>
<arguments>
<arg>option=recv</arg>
<arg>user=${EMPTY}</arg>
</arguments>
<assign>
<var>&amp;{params}</var>
</assign>
<msg timestamp="20190911 21:49:02.032" level="INFO">&amp;{params} = { option=recv | user= }</msg>
<status status="PASS" endtime="20190911 21:49:02.032" starttime="20190911 21:49:02.029"></status>
</kw>
<kw name="Call Method" library="BuiltIn">
<doc>Calls the named method of the given object with the provided arguments.</doc>
<arguments>
<arg>${client2}</arg>
<arg>place_end_call</arg>
<arg>&amp;{params}</arg>
</arguments>
<msg timestamp="20190911 21:49:02.032" level="INFO">place_end_call - operation to be recv</msg>
<msg timestamp="20190911 21:49:02.032" level="INFO">{'ELEMENT_TYPE': 'div', 'BY_TYPE': 'xpath', 'BY_VALUE': "//div[contains(@class, 'call-action-buttons')]/div[@data-title='Answer']"}</msg>
<msg timestamp="20190911 21:49:02.096" level="INFO">{'ELEMENT_TYPE': 'div', 'BY_TYPE': 'xpath', 'BY_VALUE': "//div[contains(@class, 'call-action-buttons')]/div[@data-title='Answer']"}</msg>
<msg timestamp="20190911 21:49:04.337" level="INFO">receive_call - Call received successfully</msg>
<msg timestamp="20190911 21:49:04.337" level="INFO">place_end_call - operation recv performed</msg>
<status status="PASS" endtime="20190911 21:49:04.337" starttime="20190911 21:49:02.032"></status>
</kw>
<kw name="Log" library="BuiltIn">
<doc>Logs the given message with the given level.</doc>
<arguments>
<arg>Step 3.1 --UserB transfer the call to UserC</arg>
</arguments>
<msg timestamp="20190911 21:49:04.338" level="INFO">Step 3.1 --UserB transfer the call to UserC</msg>
<status status="PASS" endtime="20190911 21:49:04.338" starttime="20190911 21:49:04.338"></status>
</kw>
<kw name="Create Dictionary" library="BuiltIn">
<doc>Creates and returns a dictionary based on the given ``items``.</doc>
<arguments>
<arg>option=park</arg>
<arg>user=${user03.first_name} ${user03.last_name}</arg>
</arguments>
<assign>
<var>&amp;{params}</var>
</assign>
<msg timestamp="20190911 21:49:04.340" level="INFO">&amp;{params} = { option=park | user=maha3 auto }</msg>
<status status="PASS" endtime="20190911 21:49:04.340" starttime="20190911 21:49:04.339"></status>
</kw>
<kw name="Call Method" library="BuiltIn">
<doc>Calls the named method of the given object with the provided arguments.</doc>
<arguments>
<arg>${client2}</arg>
<arg>add_participants_for_park_call</arg>
<arg>&amp;{params}</arg>
</arguments>
<msg timestamp="20190911 21:49:05.341" level="INFO">add_participants_for_park_call-  Going to add participants for park calling</msg>
<msg timestamp="20190911 21:49:05.341" level="INFO">{'ELEMENT_TYPE': 'button', 'BY_TYPE': 'xpath', 'BY_VALUE': "//button[contains(@class,'icon-controls-transfer transfer')]"}</msg>
<msg timestamp="20190911 21:49:07.405" level="INFO">{'ELEMENT_TYPE': 'div', 'BY_TYPE': 'xpath', 'BY_VALUE': "//div[contains(@class,'selected-contacts-wrap cf')]/div/input"}</msg>
<msg timestamp="20190911 21:49:07.490" level="INFO">{'ELEMENT_TYPE': 'div', 'BY_TYPE': 'xpath', 'BY_VALUE': "//div[contains(@class,'selected-contacts-wrap cf')]/div/input"}</msg>
<msg timestamp="20190911 21:49:07.684" level="INFO">{'ELEMENT_TYPE': 'st-contact-token', 'BY_TYPE': 'xpath', 'BY_VALUE': "//st-contact-token/span[contains(@class,'name')]"}</msg>
<msg timestamp="20190911 21:49:08.388" level="INFO">{'ELEMENT_TYPE': 'st-contact-token', 'BY_TYPE': 'xpath', 'BY_VALUE': "//st-contact-token/span[contains(@class,'name')]"}</msg>
<msg timestamp="20190911 21:49:08.514" level="INFO">{'ELEMENT_TYPE': 'div', 'BY_TYPE': 'xpath', 'BY_VALUE': "//div[@class='transfer-btn-icon park icon-call-park']"}</msg>
<msg timestamp="20190911 21:49:09.098" level="INFO">{'ELEMENT_TYPE': 'div', 'BY_TYPE': 'xpath', 'BY_VALUE': "//div[@class='transfer-btn-icon park icon-call-park']"}</msg>
<msg timestamp="20190911 21:49:09.215" level="INFO">park_transfer_call - user added for call park</msg>
<msg timestamp="20190911 21:49:09.215" level="INFO">{'ELEMENT_TYPE': 'button', 'BY_TYPE': 'xpath', 'BY_VALUE': "//button[contains(@class,'icon icon-maincontrols-park park')]"}</msg>
<msg timestamp="20190911 21:49:09.324" level="INFO">{'ELEMENT_TYPE': 'button', 'BY_TYPE': 'xpath', 'BY_VALUE': "//button[contains(@class,'icon icon-maincontrols-park park')]"}</msg>
<msg timestamp="20190911 21:49:09.433" level="INFO">add_participants_for_park_call-  able to click the park option</msg>
<msg timestamp="20190911 21:49:09.433" level="INFO">add_participants_for_park_call-  participants for park calling added successfully</msg>
<status status="PASS" endtime="20190911 21:49:09.433" starttime="20190911 21:49:04.340"></status>
</kw>
<kw name="Sleep" library="BuiltIn">
<doc>Pauses the test executed for the given time.</doc>
<arguments>
<arg>10s</arg>
</arguments>
<msg timestamp="20190911 21:49:19.435" level="INFO">Slept 10 seconds</msg>
<status status="PASS" endtime="20190911 21:49:19.435" starttime="20190911 21:49:09.434"></status>
</kw>
<kw name="Log" library="BuiltIn">
<doc>Logs the given message with the given level.</doc>
<arguments>
<arg>Step 3.2 --UserC verifies that incoming call notification in present ignore the call</arg>
</arguments>
<msg timestamp="20190911 21:49:19.436" level="INFO">Step 3.2 --UserC verifies that incoming call notification in present ignore the call</msg>
<status status="PASS" endtime="20190911 21:49:19.436" starttime="20190911 21:49:19.436"></status>
</kw>
<kw name="Call Method" library="BuiltIn">
<doc>Calls the named method of the given object with the provided arguments.</doc>
<arguments>
<arg>${client3}</arg>
<arg>check_incoming_park_call</arg>
</arguments>
<msg timestamp="20190911 21:49:19.437" level="INFO">{'ELEMENT_TYPE': 'div', 'BY_TYPE': 'xpath', 'BY_VALUE': "//div[@class='secondary-label-state font-sm']"}</msg>
<msg timestamp="20190911 21:49:19.553" level="INFO">Current call status is Parked</msg>
<status status="PASS" endtime="20190911 21:49:19.554" starttime="20190911 21:49:19.437"></status>
</kw>
<kw name="Log" library="BuiltIn">
<doc>Logs the given message with the given level.</doc>
<arguments>
<arg>Step 3.3 --after 60 seconds User B should get the incomming call notification.</arg>
</arguments>
<msg timestamp="20190911 21:49:19.555" level="INFO">Step 3.3 --after 60 seconds User B should get the incomming call notification.</msg>
<status status="PASS" endtime="20190911 21:49:19.555" starttime="20190911 21:49:19.554"></status>
</kw>
<kw name="Sleep" library="BuiltIn">
<doc>Pauses the test executed for the given time.</doc>
<arguments>
<arg>55s</arg>
</arguments>
<msg timestamp="20190911 21:50:14.556" level="INFO">Slept 55 seconds</msg>
<status status="PASS" endtime="20190911 21:50:14.556" starttime="20190911 21:49:19.555"></status>
</kw>
<kw name="Call Method" library="BuiltIn">
<doc>Calls the named method of the given object with the provided arguments.</doc>
<arguments>
<arg>${client2}</arg>
<arg>check_incoming_call</arg>
</arguments>
<msg timestamp="20190911 21:50:14.558" level="INFO">check_incoming_call - Checking incoming call</msg>
<msg timestamp="20190911 21:50:14.558" level="INFO">{'ELEMENT_TYPE': 'div', 'BY_TYPE': 'xpath', 'BY_VALUE': "//div[contains(@class, 'call-action-buttons')]/div[@data-title='Answer']"}</msg>
<msg timestamp="20190911 21:50:17.271" level="INFO">check_incoming_call - Recieve button is visible</msg>
<msg timestamp="20190911 21:50:17.272" level="INFO">{'ELEMENT_TYPE': 'div', 'BY_TYPE': 'xpath', 'BY_VALUE': "//div[contains(@data-title, 'To Voice Mail')]"}</msg>
<msg timestamp="20190911 21:50:17.348" level="INFO">check_incoming_call - Voice mail button is visible</msg>
<msg timestamp="20190911 21:50:17.348" level="INFO">{'ELEMENT_TYPE': 'div', 'BY_TYPE': 'xpath', 'BY_VALUE': "//div[contains(@data-title, 'To Voice Mail')]"}</msg>
<msg timestamp="20190911 21:50:17.385" level="INFO">check_incoming_call - call transfer button is visible</msg>
<status status="PASS" endtime="20190911 21:50:17.385" starttime="20190911 21:50:14.557"></status>
</kw>
<kw name="Log" library="BuiltIn">
<doc>Logs the given message with the given level.</doc>
<arguments>
<arg>Step 3.4 --UserB answers the call</arg>
</arguments>
<msg timestamp="20190911 21:50:17.386" level="INFO">Step 3.4 --UserB answers the call</msg>
<status status="PASS" endtime="20190911 21:50:17.386" starttime="20190911 21:50:17.386"></status>
</kw>
<kw name="Create Dictionary" library="BuiltIn">
<doc>Creates and returns a dictionary based on the given ``items``.</doc>
<arguments>
<arg>option=recv</arg>
<arg>user=${EMPTY}</arg>
</arguments>
<assign>
<var>&amp;{params}</var>
</assign>
<msg timestamp="20190911 21:50:17.387" level="INFO">&amp;{params} = { option=recv | user= }</msg>
<status status="PASS" endtime="20190911 21:50:17.387" starttime="20190911 21:50:17.386"></status>
</kw>
<kw name="Call Method" library="BuiltIn">
<doc>Calls the named method of the given object with the provided arguments.</doc>
<arguments>
<arg>${client2}</arg>
<arg>place_end_call</arg>
<arg>&amp;{params}</arg>
</arguments>
<msg timestamp="20190911 21:50:17.388" level="INFO">place_end_call - operation to be recv</msg>
<msg timestamp="20190911 21:50:17.388" level="INFO">{'ELEMENT_TYPE': 'div', 'BY_TYPE': 'xpath', 'BY_VALUE': "//div[contains(@class, 'call-action-buttons')]/div[@data-title='Answer']"}</msg>
<msg timestamp="20190911 21:50:17.458" level="INFO">{'ELEMENT_TYPE': 'div', 'BY_TYPE': 'xpath', 'BY_VALUE': "//div[contains(@class, 'call-action-buttons')]/div[@data-title='Answer']"}</msg>
<msg timestamp="20190911 21:50:19.643" level="INFO">receive_call - Call received successfully</msg>
<msg timestamp="20190911 21:50:19.644" level="INFO">place_end_call - operation recv performed</msg>
<status status="PASS" endtime="20190911 21:50:19.644" starttime="20190911 21:50:17.388"></status>
</kw>
<kw name="Log" library="BuiltIn">
<doc>Logs the given message with the given level.</doc>
<arguments>
<arg>Step 3.5 --UserA hangsup the call</arg>
</arguments>
<msg timestamp="20190911 21:50:19.645" level="INFO">Step 3.5 --UserA hangsup the call</msg>
<status status="PASS" endtime="20190911 21:50:19.645" starttime="20190911 21:50:19.644"></status>
</kw>
<kw name="Create Dictionary" library="BuiltIn">
<doc>Creates and returns a dictionary based on the given ``items``.</doc>
<arguments>
<arg>option=end</arg>
<arg>user=${EMPTY}</arg>
</arguments>
<assign>
<var>&amp;{params}</var>
</assign>
<msg timestamp="20190911 21:50:19.646" level="INFO">&amp;{params} = { option=end | user= }</msg>
<status status="PASS" endtime="20190911 21:50:19.646" starttime="20190911 21:50:19.645"></status>
</kw>
<kw name="Call Method" library="BuiltIn">
<doc>Calls the named method of the given object with the provided arguments.</doc>
<arguments>
<arg>${client1}</arg>
<arg>place_end_call</arg>
<arg>&amp;{params}</arg>
</arguments>
<msg timestamp="20190911 21:50:19.647" level="INFO">place_end_call - operation to be end</msg>
<msg timestamp="20190911 21:50:19.648" level="INFO">{'ELEMENT_TYPE': 'div', 'BY_TYPE': 'xpath', 'BY_VALUE': "//div/button[contains(@class,'any-contact-action icon icon-maincontrols-end')]"}</msg>
<msg timestamp="20190911 21:50:19.732" level="INFO">{'ELEMENT_TYPE': 'div', 'BY_TYPE': 'xpath', 'BY_VALUE': "//div/button[contains(@class,'any-contact-action icon icon-maincontrols-end')]"}</msg>
<msg timestamp="20190911 21:50:19.823" level="INFO">{'ELEMENT_TYPE': 'div', 'BY_TYPE': 'xpath', 'BY_VALUE': "//div/button[contains(@class,'any-contact-action icon icon-maincontrols-end')]"}</msg>
<msg timestamp="20190911 21:50:19.853" level="INFO">end_call - Call ended successfully</msg>
<msg timestamp="20190911 21:50:19.853" level="INFO">place_end_call - operation end performed</msg>
<msg timestamp="20190911 21:50:19.853" level="INFO">('element_not_displayed len -- ', 1)</msg>
<status status="PASS" endtime="20190911 21:50:19.853" starttime="20190911 21:50:19.647"></status>
</kw>
<kw name="Sleep" library="BuiltIn">
<doc>Pauses the test executed for the given time.</doc>
<arguments>
<arg>5s</arg>
</arguments>
<msg timestamp="20190911 21:50:24.855" level="INFO">Slept 5 seconds</msg>
<status status="PASS" endtime="20190911 21:50:24.856" starttime="20190911 21:50:19.854"></status>
</kw>
<kw type="teardown" name="Run Keyword Unless" library="BuiltIn">
<doc>Runs the given keyword with the given arguments if ``condition`` is false.</doc>
<arguments>
<arg>'${TEST STATUS}'=='PASS'</arg>
<arg>Test case PostCondition</arg>
</arguments>
<status status="PASS" endtime="20190911 21:50:24.859" starttime="20190911 21:50:24.857"></status>
</kw>
<tags>
<tag>Call_Control</tag>
<tag>P2</tag>
</tags>
<status status="PASS" endtime="20190911 21:50:24.859" critical="yes" starttime="20190911 21:48:29.742"></status>
</test>
<test id="s1-t4" name="tc_529567_Barge_In">
<kw name="Log" library="BuiltIn">
<doc>Logs the given message with the given level.</doc>
<arguments>
<arg>Step 2.1 --UserC opens contact card of UserB</arg>
</arguments>
<msg timestamp="20190911 21:50:24.865" level="INFO">Step 2.1 --UserC opens contact card of UserB</msg>
<status status="PASS" endtime="20190911 21:50:24.865" starttime="20190911 21:50:24.864"></status>
</kw>
<kw name="Create Dictionary" library="BuiltIn">
<doc>Creates and returns a dictionary based on the given ``items``.</doc>
<arguments>
<arg>searchItem=${user02.first_name} ${user02.last_name}</arg>
</arguments>
<assign>
<var>&amp;{params}</var>
</assign>
<msg timestamp="20190911 21:50:24.868" level="INFO">&amp;{params} = { searchItem=maha2 auto }</msg>
<status status="PASS" endtime="20190911 21:50:24.868" starttime="20190911 21:50:24.866"></status>
</kw>
<kw name="Call Method" library="BuiltIn">
<doc>Calls the named method of the given object with the provided arguments.</doc>
<arguments>
<arg>${client3}</arg>
<arg>search_people_extension</arg>
<arg>&amp;{params}</arg>
</arguments>
<msg timestamp="20190911 21:50:24.869" level="INFO">search_people_or_extension - Searching people by name </msg>
<msg timestamp="20190911 21:50:24.870" level="INFO">{'ELEMENT_TYPE': 'a', 'BY_TYPE': 'xpath', 'BY_VALUE': "//a[contains(@id,'dashboardSearch')]"}</msg>
<msg timestamp="20190911 21:50:25.982" level="INFO">{'ELEMENT_TYPE': 'input', 'BY_TYPE': 'xpath', 'BY_VALUE': "//input[contains(@id,'searchText')]"}</msg>
<msg timestamp="20190911 21:50:26.056" level="INFO">{'ELEMENT_TYPE': 'input', 'BY_TYPE': 'xpath', 'BY_VALUE': "//input[contains(@id,'searchText')]"}</msg>
<msg timestamp="20190911 21:50:26.158" level="INFO">{'ELEMENT_TYPE': 'input', 'BY_TYPE': 'xpath', 'BY_VALUE': "//input[contains(@id,'searchText')]"}</msg>
<msg timestamp="20190911 21:50:26.208" level="INFO">{'ELEMENT_TYPE': 'input', 'BY_TYPE': 'xpath', 'BY_VALUE': "//input[contains(@id,'searchText')]"}</msg>
<msg timestamp="20190911 21:50:26.253" level="INFO">{'ELEMENT_TYPE': 'input', 'BY_TYPE': 'xpath', 'BY_VALUE': "//input[contains(@id,'searchText')]"}</msg>
<msg timestamp="20190911 21:50:26.299" level="INFO">{'ELEMENT_TYPE': 'input', 'BY_TYPE': 'xpath', 'BY_VALUE': "//input[contains(@id,'searchText')]"}</msg>
<msg timestamp="20190911 21:50:26.346" level="INFO">{'ELEMENT_TYPE': 'input', 'BY_TYPE': 'xpath', 'BY_VALUE': "//input[contains(@id,'searchText')]"}</msg>
<msg timestamp="20190911 21:50:26.397" level="INFO">{'ELEMENT_TYPE': 'input', 'BY_TYPE': 'xpath', 'BY_VALUE': "//input[contains(@id,'searchText')]"}</msg>
<msg timestamp="20190911 21:50:26.443" level="INFO">{'ELEMENT_TYPE': 'input', 'BY_TYPE': 'xpath', 'BY_VALUE': "//input[contains(@id,'searchText')]"}</msg>
<msg timestamp="20190911 21:50:26.490" level="INFO">{'ELEMENT_TYPE': 'input', 'BY_TYPE': 'xpath', 'BY_VALUE': "//input[contains(@id,'searchText')]"}</msg>
<msg timestamp="20190911 21:50:26.538" level="INFO">{'ELEMENT_TYPE': 'input', 'BY_TYPE': 'xpath', 'BY_VALUE': "//input[contains(@id,'searchText')]"}</msg>
<msg timestamp="20190911 21:50:29.589" level="INFO">{'ELEMENT_TYPE': 'div', 'BY_TYPE': 'xpath', 'BY_VALUE': "//div[@class='contactName font-m']"}</msg>
<msg timestamp="20190911 21:50:29.649" level="INFO">search_people_or_extension - maha2 auto is available</msg>
<msg timestamp="20190911 21:50:29.752" level="INFO">search_people_extension - contact is available</msg>
<status status="PASS" endtime="20190911 21:50:29.752" starttime="20190911 21:50:24.869"></status>
</kw>
<kw name="Log" library="BuiltIn">
<doc>Logs the given message with the given level.</doc>
<arguments>
<arg>Step 2.2 --UserC places a call to UserB</arg>
</arguments>
<msg timestamp="20190911 21:50:29.753" level="INFO">Step 2.2 --UserC places a call to UserB</msg>
<status status="PASS" endtime="20190911 21:50:29.753" starttime="20190911 21:50:29.752"></status>
</kw>
<kw name="Create Dictionary" library="BuiltIn">
<doc>Creates and returns a dictionary based on the given ``items``.</doc>
<arguments>
<arg>option=start</arg>
<arg>user=${EMPTY}</arg>
</arguments>
<assign>
<var>&amp;{params}</var>
</assign>
<msg timestamp="20190911 21:50:29.754" level="INFO">&amp;{params} = { option=start | user= }</msg>
<status status="PASS" endtime="20190911 21:50:29.754" starttime="20190911 21:50:29.753"></status>
</kw>
<kw name="Call Method" library="BuiltIn">
<doc>Calls the named method of the given object with the provided arguments.</doc>
<arguments>
<arg>${client3}</arg>
<arg>place_end_call</arg>
<arg>&amp;{params}</arg>
</arguments>
<msg timestamp="20190911 21:50:29.755" level="INFO">place_end_call - operation to be start</msg>
<msg timestamp="20190911 21:50:29.755" level="INFO">{'ELEMENT_TYPE': 'button', 'BY_TYPE': 'xpath', 'BY_VALUE': '//button[@class="any-contact-action icon  icon-contactcard-call  call  generic-tooltip-contact-call-info"]'}</msg>
<msg timestamp="20190911 21:50:30.347" level="INFO">{'ELEMENT_TYPE': 'button', 'BY_TYPE': 'xpath', 'BY_VALUE': '//button[@class="any-contact-action icon  icon-contactcard-call  call  generic-tooltip-contact-call-info"]'}</msg>
<msg timestamp="20190911 21:50:30.596" level="INFO">{'ELEMENT_TYPE': 'button', 'BY_TYPE': 'xpath', 'BY_VALUE': "//div[contains(@class,'call-cell-buttons')]/button[@data-title='Hangup']"}</msg>
<msg timestamp="20190911 21:50:53.533" level="INFO">start_call - Clicking Second time</msg>
<msg timestamp="20190911 21:50:53.533" level="INFO">{'ELEMENT_TYPE': 'button', 'BY_TYPE': 'xpath', 'BY_VALUE': '//button[@class="any-contact-action icon  icon-contactcard-call  call  generic-tooltip-contact-call-info"]'}</msg>
<msg timestamp="20190911 21:50:53.603" level="INFO">{'ELEMENT_TYPE': 'button', 'BY_TYPE': 'xpath', 'BY_VALUE': '//button[@class="any-contact-action icon  icon-contactcard-call  call  generic-tooltip-contact-call-info"]'}</msg>
<msg timestamp="20190911 21:50:53.717" level="INFO">{'ELEMENT_TYPE': 'button', 'BY_TYPE': 'xpath', 'BY_VALUE': "//div[contains(@class,'call-cell-buttons')]/button[@data-title='Hangup']"}</msg>
<msg timestamp="20190911 21:50:55.524" level="INFO">start_call - Call placed successfully</msg>
<msg timestamp="20190911 21:50:55.524" level="INFO">place_end_call - operation start performed</msg>
<status status="PASS" endtime="20190911 21:50:55.524" starttime="20190911 21:50:29.754"></status>
</kw>
<kw name="Sleep" library="BuiltIn">
<doc>Pauses the test executed for the given time.</doc>
<arguments>
<arg>1s</arg>
</arguments>
<msg timestamp="20190911 21:50:56.525" level="INFO">Slept 1 second</msg>
<status status="PASS" endtime="20190911 21:50:56.525" starttime="20190911 21:50:55.525"></status>
</kw>
<kw name="Log" library="BuiltIn">
<doc>Logs the given message with the given level.</doc>
<arguments>
<arg>Step 2.3 --UserB verifies that incoming call notification in present</arg>
</arguments>
<msg timestamp="20190911 21:50:56.526" level="INFO">Step 2.3 --UserB verifies that incoming call notification in present</msg>
<status status="PASS" endtime="20190911 21:50:56.526" starttime="20190911 21:50:56.526"></status>
</kw>
<kw name="Call Method" library="BuiltIn">
<doc>Calls the named method of the given object with the provided arguments.</doc>
<arguments>
<arg>${client2}</arg>
<arg>check_incoming_call</arg>
</arguments>
<msg timestamp="20190911 21:50:56.527" level="INFO">check_incoming_call - Checking incoming call</msg>
<msg timestamp="20190911 21:50:56.527" level="INFO">{'ELEMENT_TYPE': 'div', 'BY_TYPE': 'xpath', 'BY_VALUE': "//div[contains(@class, 'call-action-buttons')]/div[@data-title='Answer']"}</msg>
<msg timestamp="20190911 21:50:59.564" level="INFO">Traceback (most recent call last):
  File "C:\atf-robot\Framework\web_wrappers\selenium_wrappers\Browser.py", line 361, in element_finder
    ByValue=self.elementAttr["BY_VALUE"])
  File "C:\atf-robot\Framework\web_wrappers\selenium_wrappers\Browser.py", line 278, in get_element
    raise Exception("0 elements found.")
Exception: 0 elements found.</msg>
<msg timestamp="20190911 21:50:59.564" level="FAIL">Calling method 'check_incoming_call' failed: ManhattanComponent error check_incoming_call - Failed to check incoming call notification</msg>
<status status="FAIL" endtime="20190911 21:50:59.564" starttime="20190911 21:50:56.526"></status>
</kw>
<kw type="teardown" name="Run Keyword Unless" library="BuiltIn">
<doc>Runs the given keyword with the given arguments if ``condition`` is false.</doc>
<arguments>
<arg>'${TEST STATUS}'=='PASS'</arg>
<arg>Test case PostCondition</arg>
</arguments>
<kw name="Test case PostCondition">
<kw name="Create Dictionary" library="BuiltIn">
<doc>Creates and returns a dictionary based on the given ``items``.</doc>
<arguments>
<arg>client_count=4</arg>
</arguments>
<assign>
<var>&amp;{params}</var>
</assign>
<msg timestamp="20190911 21:50:59.567" level="INFO">&amp;{params} = { client_count=4 }</msg>
<status status="PASS" endtime="20190911 21:50:59.567" starttime="20190911 21:50:59.567"></status>
</kw>
<kw name="End Calls" library="mnh_parallel_executor">
<arguments>
<arg>&amp;{params}</arg>
</arguments>
<status status="PASS" endtime="20190911 21:51:03.822" starttime="20190911 21:50:59.568"></status>
</kw>
<status status="PASS" endtime="20190911 21:51:03.823" starttime="20190911 21:50:59.566"></status>
</kw>
<status status="PASS" endtime="20190911 21:51:03.823" starttime="20190911 21:50:59.566"></status>
</kw>
<tags>
<tag>Call_Control</tag>
<tag>P3</tag>
</tags>
<status status="FAIL" endtime="20190911 21:51:03.823" critical="yes" starttime="20190911 21:50:24.862">Calling method 'check_incoming_call' failed: ManhattanComponent error check_incoming_call - Failed to check incoming call notification</status>
</test>
<test id="s1-t5" name="tc_529521_Double_Click_to_Make_Call">
<kw name="Log" library="BuiltIn">
<doc>Logs the given message with the given level.</doc>
<arguments>
<arg>Step 2 and 3.1 --UserA searches for UserB and double Click on it</arg>
</arguments>
<msg timestamp="20190911 21:51:03.828" level="INFO">Step 2 and 3.1 --UserA searches for UserB and double Click on it</msg>
<status status="PASS" endtime="20190911 21:51:03.828" starttime="20190911 21:51:03.828"></status>
</kw>
<kw name="Create Dictionary" library="BuiltIn">
<doc>Creates and returns a dictionary based on the given ``items``.</doc>
<arguments>
<arg>searchItem=${user02.first_name} ${user02.last_name}</arg>
</arguments>
<assign>
<var>&amp;{params}</var>
</assign>
<msg timestamp="20190911 21:51:03.830" level="INFO">&amp;{params} = { searchItem=maha2 auto }</msg>
<status status="PASS" endtime="20190911 21:51:03.831" starttime="20190911 21:51:03.829"></status>
</kw>
<kw name="Call Method" library="BuiltIn">
<doc>Calls the named method of the given object with the provided arguments.</doc>
<arguments>
<arg>${client1}</arg>
<arg>call_contact_by_doubleclick</arg>
<arg>&amp;{params}</arg>
</arguments>
<msg timestamp="20190911 21:51:03.832" level="INFO">call_contact_by_doubleclick - Searching contact by name </msg>
<msg timestamp="20190911 21:51:03.832" level="INFO">{'ELEMENT_TYPE': 'a', 'BY_TYPE': 'xpath', 'BY_VALUE': "//a[contains(@id,'dashboardSearch')]"}</msg>
<msg timestamp="20190911 21:51:04.960" level="INFO">{'ELEMENT_TYPE': 'input', 'BY_TYPE': 'xpath', 'BY_VALUE': "//input[contains(@id,'searchText')]"}</msg>
<msg timestamp="20190911 21:51:05.027" level="INFO">{'ELEMENT_TYPE': 'input', 'BY_TYPE': 'xpath', 'BY_VALUE': "//input[contains(@id,'searchText')]"}</msg>
<msg timestamp="20190911 21:51:05.125" level="INFO">{'ELEMENT_TYPE': 'input', 'BY_TYPE': 'xpath', 'BY_VALUE': "//input[contains(@id,'searchText')]"}</msg>
<msg timestamp="20190911 21:51:05.170" level="INFO">{'ELEMENT_TYPE': 'input', 'BY_TYPE': 'xpath', 'BY_VALUE': "//input[contains(@id,'searchText')]"}</msg>
<msg timestamp="20190911 21:51:05.214" level="INFO">{'ELEMENT_TYPE': 'input', 'BY_TYPE': 'xpath', 'BY_VALUE': "//input[contains(@id,'searchText')]"}</msg>
<msg timestamp="20190911 21:51:05.256" level="INFO">{'ELEMENT_TYPE': 'input', 'BY_TYPE': 'xpath', 'BY_VALUE': "//input[contains(@id,'searchText')]"}</msg>
<msg timestamp="20190911 21:51:05.301" level="INFO">{'ELEMENT_TYPE': 'input', 'BY_TYPE': 'xpath', 'BY_VALUE': "//input[contains(@id,'searchText')]"}</msg>
<msg timestamp="20190911 21:51:05.348" level="INFO">{'ELEMENT_TYPE': 'input', 'BY_TYPE': 'xpath', 'BY_VALUE': "//input[contains(@id,'searchText')]"}</msg>
<msg timestamp="20190911 21:51:05.397" level="INFO">{'ELEMENT_TYPE': 'input', 'BY_TYPE': 'xpath', 'BY_VALUE': "//input[contains(@id,'searchText')]"}</msg>
<msg timestamp="20190911 21:51:05.440" level="INFO">{'ELEMENT_TYPE': 'input', 'BY_TYPE': 'xpath', 'BY_VALUE': "//input[contains(@id,'searchText')]"}</msg>
<msg timestamp="20190911 21:51:05.481" level="INFO">{'ELEMENT_TYPE': 'input', 'BY_TYPE': 'xpath', 'BY_VALUE': "//input[contains(@id,'searchText')]"}</msg>
<msg timestamp="20190911 21:51:08.527" level="INFO">{'ELEMENT_TYPE': 'div', 'BY_TYPE': 'xpath', 'BY_VALUE': "//div[@class='contactName font-m']"}</msg>
<msg timestamp="20190911 21:51:08.569" level="INFO">search_people_or_extension - maha2 auto is available</msg>
<msg timestamp="20190911 21:51:08.569" level="INFO">call_contact_by_doubleclick - contact available</msg>
<msg timestamp="20190911 21:51:10.569" level="INFO">{'ELEMENT_TYPE': 'div', 'BY_TYPE': 'xpath', 'BY_VALUE': "//div[@class='contactName font-m']"}</msg>
<msg timestamp="20190911 21:51:11.428" level="INFO">call_contact_by_double_click - Clicking Second Time</msg>
<msg timestamp="20190911 21:51:11.429" level="INFO">{'ELEMENT_TYPE': 'div', 'BY_TYPE': 'xpath', 'BY_VALUE': "//div[@class='contactName font-m']"}</msg>
<msg timestamp="20190911 21:51:11.872" level="ERROR">Error while call_contact_by_double_click (&lt;type 'exceptions.UnicodeEncodeError'&gt;, UnicodeEncodeError('ascii', u"\xc3\xa9cout\xc3\xa9'bo\xc3\xaeteabcX~!@#/", 0, 2, 'ordinal not in range(128)'), &lt;traceback object at 0x03DCAFD0&gt;)</msg>
<msg timestamp="20190911 21:51:11.873" level="ERROR">call_contact_by_doubleclick - unable to call contact by double clicking(&lt;type 'exceptions.UnicodeEncodeError'&gt;, UnicodeEncodeError('ascii', u"\xc3\xa9cout\xc3\xa9'bo\xc3\xaeteabcX~!@#/", 0, 2, 'ordinal not in range(128)'), &lt;traceback object at 0x03DCA850&gt;)</msg>
<msg timestamp="20190911 21:51:11.874" level="FAIL">Calling method 'call_contact_by_doubleclick' failed: ManhattanComponent error call_contact_by_doubleclick failed</msg>
<status status="FAIL" endtime="20190911 21:51:11.875" starttime="20190911 21:51:03.831"></status>
</kw>
<kw type="teardown" name="Run Keyword Unless" library="BuiltIn">
<doc>Runs the given keyword with the given arguments if ``condition`` is false.</doc>
<arguments>
<arg>'${TEST STATUS}'=='PASS'</arg>
<arg>Test case PostCondition</arg>
</arguments>
<kw name="Test case PostCondition">
<kw name="Create Dictionary" library="BuiltIn">
<doc>Creates and returns a dictionary based on the given ``items``.</doc>
<arguments>
<arg>client_count=4</arg>
</arguments>
<assign>
<var>&amp;{params}</var>
</assign>
<msg timestamp="20190911 21:51:11.877" level="INFO">&amp;{params} = { client_count=4 }</msg>
<status status="PASS" endtime="20190911 21:51:11.877" starttime="20190911 21:51:11.876"></status>
</kw>
<kw name="End Calls" library="mnh_parallel_executor">
<arguments>
<arg>&amp;{params}</arg>
</arguments>
<status status="PASS" endtime="20190911 21:51:14.939" starttime="20190911 21:51:11.877"></status>
</kw>
<status status="PASS" endtime="20190911 21:51:14.939" starttime="20190911 21:51:11.876"></status>
</kw>
<status status="PASS" endtime="20190911 21:51:14.939" starttime="20190911 21:51:11.875"></status>
</kw>
<tags>
<tag>Call_Control</tag>
<tag>P2</tag>
</tags>
<status status="FAIL" endtime="20190911 21:51:14.940" critical="yes" starttime="20190911 21:51:03.827">Calling method 'call_contact_by_doubleclick' failed: ManhattanComponent error call_contact_by_doubleclick failed</status>
</test>
<kw type="teardown" name="Suite case PostCondition">
<kw name="Create Dictionary" library="BuiltIn">
<doc>Creates and returns a dictionary based on the given ``items``.</doc>
<arguments>
<arg>params=4</arg>
</arguments>
<assign>
<var>&amp;{params}</var>
</assign>
<msg timestamp="20190911 21:51:14.944" level="INFO">&amp;{params} = { params=4 }</msg>
<status status="PASS" endtime="20190911 21:51:14.944" starttime="20190911 21:51:14.943"></status>
</kw>
<kw name="Close Applications" library="mnh_parallel_executor">
<arguments>
<arg>&amp;{params}</arg>
</arguments>
<status status="PASS" endtime="20190911 21:51:17.402" starttime="20190911 21:51:14.944"></status>
</kw>
<status status="PASS" endtime="20190911 21:51:17.402" starttime="20190911 21:51:14.943"></status>
</kw>
<doc>Call-Control-Feature
Ajoy and Ashika
Comments:</doc>
<status status="FAIL" endtime="20190911 21:51:17.402" starttime="20190911 21:47:17.303"></status>
</suite>
<statistics>
<total>
<stat fail="2" pass="3">Critical Tests</stat>
<stat fail="2" pass="3">All Tests</stat>
</total>
<tag>
<stat fail="2" pass="3">Call_Control</stat>
<stat fail="1" pass="3">P2</stat>
<stat fail="1" pass="0">P3</stat>
</tag>
<suite>
<stat fail="2" id="s1" name="Call Control Feature 1to5 TC" pass="3">Call Control Feature 1to5 TC</stat>
</suite>
</statistics>
<errors>
<msg timestamp="20190911 21:51:11.872" level="ERROR">Error while call_contact_by_double_click (&lt;type 'exceptions.UnicodeEncodeError'&gt;, UnicodeEncodeError('ascii', u"\xc3\xa9cout\xc3\xa9'bo\xc3\xaeteabcX~!@#/", 0, 2, 'ordinal not in range(128)'), &lt;traceback object at 0x03DCAFD0&gt;)</msg>
<msg timestamp="20190911 21:51:11.873" level="ERROR">call_contact_by_doubleclick - unable to call contact by double clicking(&lt;type 'exceptions.UnicodeEncodeError'&gt;, UnicodeEncodeError('ascii', u"\xc3\xa9cout\xc3\xa9'bo\xc3\xaeteabcX~!@#/", 0, 2, 'ordinal not in range(128)'), &lt;traceback object at 0x03DCA850&gt;)</msg>
</errors>
</robot>
