<?xml version="1.0" encoding="UTF-8"?>
<robot rpa="false" generated="20190911 21:56:24.793" generator="Robot 3.1.2 (Python 2.7.12 on win32)">
<suite source="C:\atf-robot\automation-connect-client\Regression_TestCases\Call_Control_Feature_10to15_TC.robot" id="s1" name="Call Control Feature 10to15 TC">
<kw type="setup" name="Suite case PreCondition">
<kw name="Create Dictionary" library="BuiltIn">
<doc>Creates and returns a dictionary based on the given ``items``.</doc>
<arguments>
<arg>user1=${user01}</arg>
<arg>user2=${user02}</arg>
<arg>user3=${user03}</arg>
<arg>user4=${user04}</arg>
<arg>client_count=4</arg>
</arguments>
<assign>
<var>&amp;{params}</var>
</assign>
<msg timestamp="20190911 21:56:25.311" level="INFO">&amp;{params} = { user1={'ip': '', 'extension': '6432', 'server': 'clientstart.sky.shoretel.com', 'phone_type': 'p8cg', 'user_type': 'Manhattan', 'mac': '0010493F2DF4 ', 'first_name': 'maha1', 'middle_name': '', 'las...</msg>
<status status="PASS" endtime="20190911 21:56:25.311" starttime="20190911 21:56:25.309"></status>
</kw>
<kw name="Launch Login" library="mnh_parallel_executor">
<arguments>
<arg>&amp;{params}</arg>
</arguments>
<assign>
<var>${objects_list}</var>
</assign>
<msg timestamp="20190911 21:56:37.996" level="INFO">manhattancomponent
Map directory for &lt;manhattancomponent&gt; is &lt;C:\atf-robot\automation-connect-client\map&gt;
manhattancomponent
Map directory for &lt;manhattancomponent&gt; is &lt;C:\atf-robot\automation-connect-client\map&gt;
manhattancomponent
Map directory for &lt;manhattancomponent&gt; is &lt;C:\atf-robot\automation-connect-client\map&gt;
manhattancomponent
Map directory for &lt;manhattancomponent&gt; is &lt;C:\atf-robot\automation-connect-client\map&gt;
Traceback (most recent call last):
  File "C:\atf-robot\Framework\web_wrappers\selenium_wrappers\Browser.py", line 361, in element_finder
    ByValue=self.elementAttr["BY_VALUE"])
  File "C:\atf-robot\Framework\web_wrappers\selenium_wrappers\Browser.py", line 278, in get_element
    raise Exception("0 elements found.")
Exception: 0 elements found.
Traceback (most recent call last):
  File "C:\atf-robot\Framework\web_wrappers\selenium_wrappers\Browser.py", line 361, in element_finder
    ByValue=self.elementAttr["BY_VALUE"])
  File "C:\atf-robot\Framework\web_wrappers\selenium_wrappers\Browser.py", line 278, in get_element
    raise Exception("0 elements found.")
Exception: 0 elements found.
Traceback (most recent call last):
  File "C:\atf-robot\Framework\web_wrappers\selenium_wrappers\Browser.py", line 361, in element_finder
    ByValue=self.elementAttr["BY_VALUE"])
  File "C:\atf-robot\Framework\web_wrappers\selenium_wrappers\Browser.py", line 278, in get_element
    raise Exception("0 elements found.")
Exception: 0 elements found.
Traceback (most recent call last):
  File "C:\atf-robot\Framework\web_wrappers\selenium_wrappers\Browser.py", line 361, in element_finder
    ByValue=self.elementAttr["BY_VALUE"])
  File "C:\atf-robot\Framework\web_wrappers\selenium_wrappers\Browser.py", line 278, in get_element
    raise Exception("0 elements found.")
Exception: 0 elements found.</msg>
<msg timestamp="20190911 21:56:37.997" level="INFO">Exception in thread Thread-5:
Traceback (most recent call last):
  File "C:\Python27\lib\threading.py", line 801, in __bootstrap_inner
    self.run()
  File "C:\Python27\lib\threading.py", line 754, in run
    self.__target(*self.__args, **self.__kwargs)
  File "C:\atf-robot\automation-connect-client\lib\mnh_parallel_executor.py", line 16, in parallel_login
    obj.client_login(**user)
  File "C:\atf-robot\automation-connect-client\lib\ManhattanComponent.py", line 155, in client_login
    raise Exception("ManhattanComponent error Client_login - Failed to Login to Connect Client")
Exception: ManhattanComponent error Client_login - Failed to Login to Connect Client

Exception in thread Thread-7:
Traceback (most recent call last):
  File "C:\Python27\lib\threading.py", line 801, in __bootstrap_inner
    self.run()
  File "C:\Python27\lib\threading.py", line 754, in run
    self.__target(*self.__args, **self.__kwargs)
  File "C:\atf-robot\automation-connect-client\lib\mnh_parallel_executor.py", line 16, in parallel_login
    obj.client_login(**user)
  File "C:\atf-robot\automation-connect-client\lib\ManhattanComponent.py", line 155, in client_login
    raise Exception("ManhattanComponent error Client_login - Failed to Login to Connect Client")
Exception: ManhattanComponent error Client_login - Failed to Login to Connect Client

Exception in thread Thread-6:
Traceback (most recent call last):
  File "C:\Python27\lib\threading.py", line 801, in __bootstrap_inner
    self.run()
  File "C:\Python27\lib\threading.py", line 754, in run
    self.__target(*self.__args, **self.__kwargs)
  File "C:\atf-robot\automation-connect-client\lib\mnh_parallel_executor.py", line 16, in parallel_login
    obj.client_login(**user)
  File "C:\atf-robot\automation-connect-client\lib\ManhattanComponent.py", line 155, in client_login
    raise Exception("ManhattanComponent error Client_login - Failed to Login to Connect Client")
Exception: ManhattanComponent error Client_login - Failed to Login to Connect Client

Exception in thread Thread-8:
Traceback (most recent call last):
  File "C:\Python27\lib\threading.py", line 801, in __bootstrap_inner
    self.run()
  File "C:\Python27\lib\threading.py", line 754, in run
    self.__target(*self.__args, **self.__kwargs)
  File "C:\atf-robot\automation-connect-client\lib\mnh_parallel_executor.py", line 16, in parallel_login
    obj.client_login(**user)
  File "C:\atf-robot\automation-connect-client\lib\ManhattanComponent.py", line 155, in client_login
    raise Exception("ManhattanComponent error Client_login - Failed to Login to Connect Client")
Exception: ManhattanComponent error Client_login - Failed to Login to Connect Client</msg>
<msg timestamp="20190911 21:56:37.997" level="INFO">${objects_list} = [&lt;ManhattanComponent.ManhattanComponent instance at 0x03092300&gt;, &lt;ManhattanComponent.ManhattanComponent instance at 0x03092328&gt;, &lt;ManhattanComponent.ManhattanComponent instance at 0x03092350&gt;, &lt;Manhat...</msg>
<status status="PASS" endtime="20190911 21:56:37.997" starttime="20190911 21:56:25.311"></status>
</kw>
<kw name="Get From List" library="Collections">
<doc>Returns the value specified with an ``index`` from ``list``.</doc>
<arguments>
<arg>${objects_list}</arg>
<arg>0</arg>
</arguments>
<assign>
<var>${client_one}</var>
</assign>
<msg timestamp="20190911 21:56:37.999" level="INFO">${client_one} = &lt;ManhattanComponent.ManhattanComponent instance at 0x03092300&gt;</msg>
<status status="PASS" endtime="20190911 21:56:37.999" starttime="20190911 21:56:37.999"></status>
</kw>
<kw name="Get From List" library="Collections">
<doc>Returns the value specified with an ``index`` from ``list``.</doc>
<arguments>
<arg>${objects_list}</arg>
<arg>1</arg>
</arguments>
<assign>
<var>${client_two}</var>
</assign>
<msg timestamp="20190911 21:56:38.000" level="INFO">${client_two} = &lt;ManhattanComponent.ManhattanComponent instance at 0x03092328&gt;</msg>
<status status="PASS" endtime="20190911 21:56:38.000" starttime="20190911 21:56:37.999"></status>
</kw>
<kw name="Get From List" library="Collections">
<doc>Returns the value specified with an ``index`` from ``list``.</doc>
<arguments>
<arg>${objects_list}</arg>
<arg>2</arg>
</arguments>
<assign>
<var>${client_three}</var>
</assign>
<msg timestamp="20190911 21:56:38.000" level="INFO">${client_three} = &lt;ManhattanComponent.ManhattanComponent instance at 0x03092350&gt;</msg>
<status status="PASS" endtime="20190911 21:56:38.000" starttime="20190911 21:56:38.000"></status>
</kw>
<kw name="Get From List" library="Collections">
<doc>Returns the value specified with an ``index`` from ``list``.</doc>
<arguments>
<arg>${objects_list}</arg>
<arg>3</arg>
</arguments>
<assign>
<var>${client_four}</var>
</assign>
<msg timestamp="20190911 21:56:38.001" level="INFO">${client_four} = &lt;ManhattanComponent.ManhattanComponent instance at 0x03092800&gt;</msg>
<status status="PASS" endtime="20190911 21:56:38.001" starttime="20190911 21:56:38.001"></status>
</kw>
<kw name="Set Suite Variable" library="BuiltIn">
<doc>Makes a variable available everywhere within the scope of the current suite.</doc>
<arguments>
<arg>${client1}</arg>
<arg>${client_one}</arg>
</arguments>
<msg timestamp="20190911 21:56:38.003" level="INFO">${client1} = &lt;ManhattanComponent.ManhattanComponent instance at 0x03092300&gt;</msg>
<status status="PASS" endtime="20190911 21:56:38.003" starttime="20190911 21:56:38.001"></status>
</kw>
<kw name="Set Suite Variable" library="BuiltIn">
<doc>Makes a variable available everywhere within the scope of the current suite.</doc>
<arguments>
<arg>${client2}</arg>
<arg>${client_two}</arg>
</arguments>
<msg timestamp="20190911 21:56:38.006" level="INFO">${client2} = &lt;ManhattanComponent.ManhattanComponent instance at 0x03092328&gt;</msg>
<status status="PASS" endtime="20190911 21:56:38.006" starttime="20190911 21:56:38.004"></status>
</kw>
<kw name="Set Suite Variable" library="BuiltIn">
<doc>Makes a variable available everywhere within the scope of the current suite.</doc>
<arguments>
<arg>${client3}</arg>
<arg>${client_three}</arg>
</arguments>
<msg timestamp="20190911 21:56:38.009" level="INFO">${client3} = &lt;ManhattanComponent.ManhattanComponent instance at 0x03092350&gt;</msg>
<status status="PASS" endtime="20190911 21:56:38.009" starttime="20190911 21:56:38.006"></status>
</kw>
<kw name="Set Suite Variable" library="BuiltIn">
<doc>Makes a variable available everywhere within the scope of the current suite.</doc>
<arguments>
<arg>${client4}</arg>
<arg>${client_four}</arg>
</arguments>
<msg timestamp="20190911 21:56:38.011" level="INFO">${client4} = &lt;ManhattanComponent.ManhattanComponent instance at 0x03092800&gt;</msg>
<status status="PASS" endtime="20190911 21:56:38.011" starttime="20190911 21:56:38.009"></status>
</kw>
<status status="PASS" endtime="20190911 21:56:38.011" starttime="20190911 21:56:25.309"></status>
</kw>
<test id="s1-t1" name="tc_529545_Consult_Conference_Right_status">
<kw name="Log" library="BuiltIn">
<doc>Logs the given message with the given level.</doc>
<arguments>
<arg>Step2.1--UserA opens contact card of UserB</arg>
</arguments>
<msg timestamp="20190911 21:56:38.013" level="INFO">Step2.1--UserA opens contact card of UserB</msg>
<status status="PASS" endtime="20190911 21:56:38.013" starttime="20190911 21:56:38.012"></status>
</kw>
<kw name="Create Dictionary" library="BuiltIn">
<doc>Creates and returns a dictionary based on the given ``items``.</doc>
<arguments>
<arg>searchItem=${user02.first_name} ${user02.last_name}</arg>
</arguments>
<assign>
<var>&amp;{params}</var>
</assign>
<msg timestamp="20190911 21:56:38.014" level="INFO">&amp;{params} = { searchItem=maha2 auto }</msg>
<status status="PASS" endtime="20190911 21:56:38.014" starttime="20190911 21:56:38.013"></status>
</kw>
<kw name="Call Method" library="BuiltIn">
<doc>Calls the named method of the given object with the provided arguments.</doc>
<arguments>
<arg>${client1}</arg>
<arg>search_people_extension</arg>
<arg>&amp;{params}</arg>
</arguments>
<msg timestamp="20190911 21:56:38.015" level="INFO">search_people_or_extension - Searching people by name </msg>
<msg timestamp="20190911 21:56:38.015" level="INFO">{'ELEMENT_TYPE': 'a', 'BY_TYPE': 'xpath', 'BY_VALUE': "//a[contains(@id,'dashboardSearch')]"}</msg>
<msg timestamp="20190911 21:56:41.082" level="ERROR">search_people_or_extension-Error while searching people(&lt;type 'exceptions.AssertionError'&gt;, AssertionError('Browser- element_finder - No element returned for provided locator: default_name_number_search',), &lt;traceback object at 0x03FAEBE8&gt;)</msg>
<msg timestamp="20190911 21:56:41.083" level="ERROR">search_people_extension - Searching people by name failed(&lt;type 'exceptions.AssertionError'&gt;, AssertionError('Browser- element_finder - No element returned for provided locator: default_name_number_search',), &lt;traceback object at 0x03FA6378&gt;)</msg>
<msg timestamp="20190911 21:56:41.084" level="INFO">Traceback (most recent call last):
  File "C:\atf-robot\Framework\web_wrappers\selenium_wrappers\Browser.py", line 361, in element_finder
    ByValue=self.elementAttr["BY_VALUE"])
  File "C:\atf-robot\Framework\web_wrappers\selenium_wrappers\Browser.py", line 278, in get_element
    raise Exception("0 elements found.")
Exception: 0 elements found.</msg>
<msg timestamp="20190911 21:56:41.084" level="FAIL">Calling method 'search_people_extension' failed: ManhattanComponent error search_people_extension - failed</msg>
<status status="FAIL" endtime="20190911 21:56:41.084" starttime="20190911 21:56:38.015"></status>
</kw>
<kw type="teardown" name="Run Keyword Unless" library="BuiltIn">
<doc>Runs the given keyword with the given arguments if ``condition`` is false.</doc>
<arguments>
<arg>'${TEST STATUS}'=='PASS'</arg>
<arg>Test case PostCondition</arg>
</arguments>
<kw name="Test case PostCondition">
<kw name="Create Dictionary" library="BuiltIn">
<doc>Creates and returns a dictionary based on the given ``items``.</doc>
<arguments>
<arg>client_count=4</arg>
</arguments>
<assign>
<var>&amp;{params}</var>
</assign>
<msg timestamp="20190911 21:56:41.086" level="INFO">&amp;{params} = { client_count=4 }</msg>
<status status="PASS" endtime="20190911 21:56:41.087" starttime="20190911 21:56:41.086"></status>
</kw>
<kw name="End Calls" library="mnh_parallel_executor">
<arguments>
<arg>&amp;{params}</arg>
</arguments>
<status status="PASS" endtime="20190911 21:56:44.197" starttime="20190911 21:56:41.087"></status>
</kw>
<status status="PASS" endtime="20190911 21:56:44.198" starttime="20190911 21:56:41.085"></status>
</kw>
<status status="PASS" endtime="20190911 21:56:44.198" starttime="20190911 21:56:41.085"></status>
</kw>
<tags>
<tag>Call_Control</tag>
<tag>P2</tag>
</tags>
<status status="FAIL" endtime="20190911 21:56:44.198" critical="yes" starttime="20190911 21:56:38.011">Calling method 'search_people_extension' failed: ManhattanComponent error search_people_extension - failed</status>
</test>
<test id="s1-t2" name="tc_529555_Conference-4_party">
<kw name="Log" library="BuiltIn">
<doc>Logs the given message with the given level.</doc>
<arguments>
<arg>Step2.1--UserA opens contact card of UserB</arg>
</arguments>
<msg timestamp="20190911 21:56:44.203" level="INFO">Step2.1--UserA opens contact card of UserB</msg>
<status status="PASS" endtime="20190911 21:56:44.203" starttime="20190911 21:56:44.202"></status>
</kw>
<kw name="Create Dictionary" library="BuiltIn">
<doc>Creates and returns a dictionary based on the given ``items``.</doc>
<arguments>
<arg>searchItem=${user02.first_name} ${user02.last_name}</arg>
</arguments>
<assign>
<var>&amp;{params}</var>
</assign>
<msg timestamp="20190911 21:56:44.204" level="INFO">&amp;{params} = { searchItem=maha2 auto }</msg>
<status status="PASS" endtime="20190911 21:56:44.204" starttime="20190911 21:56:44.203"></status>
</kw>
<kw name="Call Method" library="BuiltIn">
<doc>Calls the named method of the given object with the provided arguments.</doc>
<arguments>
<arg>${client1}</arg>
<arg>search_people_extension</arg>
<arg>&amp;{params}</arg>
</arguments>
<msg timestamp="20190911 21:56:44.205" level="INFO">search_people_or_extension - Searching people by name </msg>
<msg timestamp="20190911 21:56:44.205" level="INFO">{'ELEMENT_TYPE': 'a', 'BY_TYPE': 'xpath', 'BY_VALUE': "//a[contains(@id,'dashboardSearch')]"}</msg>
<msg timestamp="20190911 21:56:45.293" level="INFO">{'ELEMENT_TYPE': 'input', 'BY_TYPE': 'xpath', 'BY_VALUE': "//input[contains(@id,'searchText')]"}</msg>
<msg timestamp="20190911 21:56:45.360" level="INFO">{'ELEMENT_TYPE': 'input', 'BY_TYPE': 'xpath', 'BY_VALUE': "//input[contains(@id,'searchText')]"}</msg>
<msg timestamp="20190911 21:56:45.463" level="INFO">{'ELEMENT_TYPE': 'input', 'BY_TYPE': 'xpath', 'BY_VALUE': "//input[contains(@id,'searchText')]"}</msg>
<msg timestamp="20190911 21:56:46.423" level="INFO">{'ELEMENT_TYPE': 'input', 'BY_TYPE': 'xpath', 'BY_VALUE': "//input[contains(@id,'searchText')]"}</msg>
<msg timestamp="20190911 21:56:46.478" level="INFO">{'ELEMENT_TYPE': 'input', 'BY_TYPE': 'xpath', 'BY_VALUE': "//input[contains(@id,'searchText')]"}</msg>
<msg timestamp="20190911 21:56:46.522" level="INFO">{'ELEMENT_TYPE': 'input', 'BY_TYPE': 'xpath', 'BY_VALUE': "//input[contains(@id,'searchText')]"}</msg>
<msg timestamp="20190911 21:56:46.567" level="INFO">{'ELEMENT_TYPE': 'input', 'BY_TYPE': 'xpath', 'BY_VALUE': "//input[contains(@id,'searchText')]"}</msg>
<msg timestamp="20190911 21:56:46.615" level="INFO">{'ELEMENT_TYPE': 'input', 'BY_TYPE': 'xpath', 'BY_VALUE': "//input[contains(@id,'searchText')]"}</msg>
<msg timestamp="20190911 21:56:46.660" level="INFO">{'ELEMENT_TYPE': 'input', 'BY_TYPE': 'xpath', 'BY_VALUE': "//input[contains(@id,'searchText')]"}</msg>
<msg timestamp="20190911 21:56:46.822" level="INFO">{'ELEMENT_TYPE': 'input', 'BY_TYPE': 'xpath', 'BY_VALUE': "//input[contains(@id,'searchText')]"}</msg>
<msg timestamp="20190911 21:56:46.866" level="INFO">{'ELEMENT_TYPE': 'input', 'BY_TYPE': 'xpath', 'BY_VALUE': "//input[contains(@id,'searchText')]"}</msg>
<msg timestamp="20190911 21:56:49.908" level="INFO">{'ELEMENT_TYPE': 'div', 'BY_TYPE': 'xpath', 'BY_VALUE': "//div[@class='contactName font-m']"}</msg>
<msg timestamp="20190911 21:56:49.942" level="INFO">search_people_or_extension - maha2 auto is available</msg>
<msg timestamp="20190911 21:56:50.033" level="INFO">search_people_extension - contact is available</msg>
<status status="PASS" endtime="20190911 21:56:50.033" starttime="20190911 21:56:44.204"></status>
</kw>
<kw name="Log" library="BuiltIn">
<doc>Logs the given message with the given level.</doc>
<arguments>
<arg>Step2.2--UserA places a call to UserB</arg>
</arguments>
<msg timestamp="20190911 21:56:50.034" level="INFO">Step2.2--UserA places a call to UserB</msg>
<status status="PASS" endtime="20190911 21:56:50.034" starttime="20190911 21:56:50.034"></status>
</kw>
<kw name="Create Dictionary" library="BuiltIn">
<doc>Creates and returns a dictionary based on the given ``items``.</doc>
<arguments>
<arg>option=start</arg>
<arg>user=${EMPTY}</arg>
</arguments>
<assign>
<var>&amp;{params}</var>
</assign>
<msg timestamp="20190911 21:56:50.035" level="INFO">&amp;{params} = { option=start | user= }</msg>
<status status="PASS" endtime="20190911 21:56:50.036" starttime="20190911 21:56:50.035"></status>
</kw>
<kw name="Call Method" library="BuiltIn">
<doc>Calls the named method of the given object with the provided arguments.</doc>
<arguments>
<arg>${client1}</arg>
<arg>place_end_call</arg>
<arg>&amp;{params}</arg>
</arguments>
<msg timestamp="20190911 21:56:50.037" level="INFO">place_end_call - operation to be start</msg>
<msg timestamp="20190911 21:56:50.037" level="INFO">{'ELEMENT_TYPE': 'button', 'BY_TYPE': 'xpath', 'BY_VALUE': '//button[@class="any-contact-action icon  icon-contactcard-call  call  generic-tooltip-contact-call-info"]'}</msg>
<msg timestamp="20190911 21:56:50.602" level="INFO">{'ELEMENT_TYPE': 'button', 'BY_TYPE': 'xpath', 'BY_VALUE': '//button[@class="any-contact-action icon  icon-contactcard-call  call  generic-tooltip-contact-call-info"]'}</msg>
<msg timestamp="20190911 21:56:50.887" level="INFO">{'ELEMENT_TYPE': 'button', 'BY_TYPE': 'xpath', 'BY_VALUE': "//div[contains(@class,'call-cell-buttons')]/button[@data-title='Hangup']"}</msg>
<msg timestamp="20190911 21:57:13.876" level="INFO">start_call - Clicking Second time</msg>
<msg timestamp="20190911 21:57:13.876" level="INFO">{'ELEMENT_TYPE': 'button', 'BY_TYPE': 'xpath', 'BY_VALUE': '//button[@class="any-contact-action icon  icon-contactcard-call  call  generic-tooltip-contact-call-info"]'}</msg>
<msg timestamp="20190911 21:57:13.940" level="INFO">{'ELEMENT_TYPE': 'button', 'BY_TYPE': 'xpath', 'BY_VALUE': '//button[@class="any-contact-action icon  icon-contactcard-call  call  generic-tooltip-contact-call-info"]'}</msg>
<msg timestamp="20190911 21:57:14.048" level="INFO">{'ELEMENT_TYPE': 'button', 'BY_TYPE': 'xpath', 'BY_VALUE': "//div[contains(@class,'call-cell-buttons')]/button[@data-title='Hangup']"}</msg>
<msg timestamp="20190911 21:57:19.227" level="INFO">start_call - Call placed successfully</msg>
<msg timestamp="20190911 21:57:19.228" level="INFO">place_end_call - operation start performed</msg>
<status status="PASS" endtime="20190911 21:57:19.228" starttime="20190911 21:56:50.036"></status>
</kw>
<kw name="Log" library="BuiltIn">
<doc>Logs the given message with the given level.</doc>
<arguments>
<arg>Step2.3--UserB verifies that incoming call notification in present</arg>
</arguments>
<msg timestamp="20190911 21:57:19.229" level="INFO">Step2.3--UserB verifies that incoming call notification in present</msg>
<status status="PASS" endtime="20190911 21:57:19.229" starttime="20190911 21:57:19.228"></status>
</kw>
<kw name="Call Method" library="BuiltIn">
<doc>Calls the named method of the given object with the provided arguments.</doc>
<arguments>
<arg>${client2}</arg>
<arg>check_incoming_call</arg>
</arguments>
<msg timestamp="20190911 21:57:19.230" level="INFO">check_incoming_call - Checking incoming call</msg>
<msg timestamp="20190911 21:57:19.230" level="INFO">{'ELEMENT_TYPE': 'div', 'BY_TYPE': 'xpath', 'BY_VALUE': "//div[contains(@class, 'call-action-buttons')]/div[@data-title='Answer']"}</msg>
<msg timestamp="20190911 21:57:19.315" level="INFO">check_incoming_call - Recieve button is visible</msg>
<msg timestamp="20190911 21:57:19.316" level="INFO">{'ELEMENT_TYPE': 'div', 'BY_TYPE': 'xpath', 'BY_VALUE': "//div[contains(@data-title, 'To Voice Mail')]"}</msg>
<msg timestamp="20190911 21:57:19.377" level="INFO">check_incoming_call - Voice mail button is visible</msg>
<msg timestamp="20190911 21:57:19.377" level="INFO">{'ELEMENT_TYPE': 'div', 'BY_TYPE': 'xpath', 'BY_VALUE': "//div[contains(@data-title, 'To Voice Mail')]"}</msg>
<msg timestamp="20190911 21:57:19.414" level="INFO">check_incoming_call - call transfer button is visible</msg>
<status status="PASS" endtime="20190911 21:57:19.414" starttime="20190911 21:57:19.229"></status>
</kw>
<kw name="Log" library="BuiltIn">
<doc>Logs the given message with the given level.</doc>
<arguments>
<arg>Step2.4--UserB answers the call</arg>
</arguments>
<msg timestamp="20190911 21:57:19.415" level="INFO">Step2.4--UserB answers the call</msg>
<status status="PASS" endtime="20190911 21:57:19.415" starttime="20190911 21:57:19.414"></status>
</kw>
<kw name="Create Dictionary" library="BuiltIn">
<doc>Creates and returns a dictionary based on the given ``items``.</doc>
<arguments>
<arg>option=recv</arg>
<arg>user=${EMPTY}</arg>
</arguments>
<assign>
<var>&amp;{params}</var>
</assign>
<msg timestamp="20190911 21:57:19.416" level="INFO">&amp;{params} = { option=recv | user= }</msg>
<status status="PASS" endtime="20190911 21:57:19.416" starttime="20190911 21:57:19.415"></status>
</kw>
<kw name="Call Method" library="BuiltIn">
<doc>Calls the named method of the given object with the provided arguments.</doc>
<arguments>
<arg>${client2}</arg>
<arg>place_end_call</arg>
<arg>&amp;{params}</arg>
</arguments>
<msg timestamp="20190911 21:57:19.417" level="INFO">place_end_call - operation to be recv</msg>
<msg timestamp="20190911 21:57:19.417" level="INFO">{'ELEMENT_TYPE': 'div', 'BY_TYPE': 'xpath', 'BY_VALUE': "//div[contains(@class, 'call-action-buttons')]/div[@data-title='Answer']"}</msg>
<msg timestamp="20190911 21:57:19.469" level="INFO">{'ELEMENT_TYPE': 'div', 'BY_TYPE': 'xpath', 'BY_VALUE': "//div[contains(@class, 'call-action-buttons')]/div[@data-title='Answer']"}</msg>
<msg timestamp="20190911 21:57:21.491" level="INFO">receive_call - Call received successfully</msg>
<msg timestamp="20190911 21:57:21.491" level="INFO">place_end_call - operation recv performed</msg>
<status status="PASS" endtime="20190911 21:57:21.492" starttime="20190911 21:57:19.417"></status>
</kw>
<kw name="Sleep" library="BuiltIn">
<doc>Pauses the test executed for the given time.</doc>
<arguments>
<arg>2s</arg>
</arguments>
<msg timestamp="20190911 21:57:23.492" level="INFO">Slept 2 seconds</msg>
<status status="PASS" endtime="20190911 21:57:23.492" starttime="20190911 21:57:21.492"></status>
</kw>
<kw name="Log" library="BuiltIn">
<doc>Logs the given message with the given level.</doc>
<arguments>
<arg>Step3.1--UserA clicks on Add add_participant</arg>
</arguments>
<msg timestamp="20190911 21:57:23.493" level="INFO">Step3.1--UserA clicks on Add add_participant</msg>
<status status="PASS" endtime="20190911 21:57:23.493" starttime="20190911 21:57:23.492"></status>
</kw>
<kw name="Create Dictionary" library="BuiltIn">
<doc>Creates and returns a dictionary based on the given ``items``.</doc>
<arguments>
<arg>option=conf</arg>
<arg>user=${user03.first_name} ${user03.last_name}</arg>
</arguments>
<assign>
<var>&amp;{params}</var>
</assign>
<msg timestamp="20190911 21:57:23.494" level="INFO">&amp;{params} = { option=conf | user=maha3 auto }</msg>
<status status="PASS" endtime="20190911 21:57:23.494" starttime="20190911 21:57:23.493"></status>
</kw>
<kw name="Call Method" library="BuiltIn">
<doc>Calls the named method of the given object with the provided arguments.</doc>
<arguments>
<arg>${client1}</arg>
<arg>place_end_call</arg>
<arg>&amp;{params}</arg>
</arguments>
<msg timestamp="20190911 21:57:23.495" level="INFO">place_end_call - operation to be conf</msg>
<msg timestamp="20190911 21:57:23.496" level="INFO">{'ELEMENT_TYPE': 'button', 'BY_TYPE': 'xpath', 'BY_VALUE': "//button[contains(@class,'icon-controls-add')]"}</msg>
<msg timestamp="20190911 21:57:24.677" level="INFO">{'ELEMENT_TYPE': 'input', 'BY_TYPE': 'xpath', 'BY_VALUE': "//div[contains(@class,'selected-contacts-wrap cf')]/div/input"}</msg>
<msg timestamp="20190911 21:57:25.852" level="INFO">{'ELEMENT_TYPE': 'st-contact-token', 'BY_TYPE': 'xpath', 'BY_VALUE': "//st-contact-token/span[contains(@class,'name')]"}</msg>
<msg timestamp="20190911 21:57:28.908" level="ERROR">conference_call - Failed to click on conference call button (&lt;type 'exceptions.AssertionError'&gt;, AssertionError('Browser- element_finder - No element returned for provided locator: third_panel_transfer_user',), &lt;traceback object at 0x03FBD418&gt;)</msg>
<msg timestamp="20190911 21:57:28.909" level="ERROR">place_end_call - Failed to click on call button(&lt;type 'exceptions.AssertionError'&gt;, AssertionError('Browser- element_finder - No element returned for provided locator: third_panel_transfer_user',), &lt;traceback object at 0x03FBDBE8&gt;)</msg>
<msg timestamp="20190911 21:57:28.909" level="INFO">Traceback (most recent call last):
  File "C:\atf-robot\Framework\web_wrappers\selenium_wrappers\Browser.py", line 361, in element_finder
    ByValue=self.elementAttr["BY_VALUE"])
  File "C:\atf-robot\Framework\web_wrappers\selenium_wrappers\Browser.py", line 278, in get_element
    raise Exception("0 elements found.")
Exception: 0 elements found.</msg>
<msg timestamp="20190911 21:57:28.910" level="FAIL">Calling method 'place_end_call' failed: ManhattanComponent error place_end_call - Failed to click on call button</msg>
<status status="FAIL" endtime="20190911 21:57:28.910" starttime="20190911 21:57:23.495"></status>
</kw>
<kw type="teardown" name="Run Keyword Unless" library="BuiltIn">
<doc>Runs the given keyword with the given arguments if ``condition`` is false.</doc>
<arguments>
<arg>'${TEST STATUS}'=='PASS'</arg>
<arg>Test case PostCondition</arg>
</arguments>
<kw name="Test case PostCondition">
<kw name="Create Dictionary" library="BuiltIn">
<doc>Creates and returns a dictionary based on the given ``items``.</doc>
<arguments>
<arg>client_count=4</arg>
</arguments>
<assign>
<var>&amp;{params}</var>
</assign>
<msg timestamp="20190911 21:57:28.912" level="INFO">&amp;{params} = { client_count=4 }</msg>
<status status="PASS" endtime="20190911 21:57:28.912" starttime="20190911 21:57:28.911"></status>
</kw>
<kw name="End Calls" library="mnh_parallel_executor">
<arguments>
<arg>&amp;{params}</arg>
</arguments>
<status status="PASS" endtime="20190911 21:57:33.097" starttime="20190911 21:57:28.912"></status>
</kw>
<status status="PASS" endtime="20190911 21:57:33.097" starttime="20190911 21:57:28.911"></status>
</kw>
<status status="PASS" endtime="20190911 21:57:33.098" starttime="20190911 21:57:28.910"></status>
</kw>
<tags>
<tag>Call_Control</tag>
<tag>P1</tag>
</tags>
<status status="FAIL" endtime="20190911 21:57:33.098" critical="yes" starttime="20190911 21:56:44.201">Calling method 'place_end_call' failed: ManhattanComponent error place_end_call - Failed to click on call button</status>
</test>
<test id="s1-t3" name="tc_529529_Merge_two_1-1_calls">
<kw name="Log" library="BuiltIn">
<doc>Logs the given message with the given level.</doc>
<arguments>
<arg>Step2.1--UserA opens contact card of UserB</arg>
</arguments>
<msg timestamp="20190911 21:57:33.102" level="INFO">Step2.1--UserA opens contact card of UserB</msg>
<status status="PASS" endtime="20190911 21:57:33.103" starttime="20190911 21:57:33.102"></status>
</kw>
<kw name="Create Dictionary" library="BuiltIn">
<doc>Creates and returns a dictionary based on the given ``items``.</doc>
<arguments>
<arg>searchItem=${user02.first_name} ${user02.last_name}</arg>
</arguments>
<assign>
<var>&amp;{params}</var>
</assign>
<msg timestamp="20190911 21:57:33.104" level="INFO">&amp;{params} = { searchItem=maha2 auto }</msg>
<status status="PASS" endtime="20190911 21:57:33.104" starttime="20190911 21:57:33.103"></status>
</kw>
<kw name="Call Method" library="BuiltIn">
<doc>Calls the named method of the given object with the provided arguments.</doc>
<arguments>
<arg>${client1}</arg>
<arg>search_people_extension</arg>
<arg>&amp;{params}</arg>
</arguments>
<msg timestamp="20190911 21:57:33.105" level="INFO">search_people_or_extension - Searching people by name </msg>
<msg timestamp="20190911 21:57:33.105" level="INFO">{'ELEMENT_TYPE': 'a', 'BY_TYPE': 'xpath', 'BY_VALUE': "//a[contains(@id,'dashboardSearch')]"}</msg>
<msg timestamp="20190911 21:57:34.282" level="INFO">{'ELEMENT_TYPE': 'input', 'BY_TYPE': 'xpath', 'BY_VALUE': "//input[contains(@id,'searchText')]"}</msg>
<msg timestamp="20190911 21:57:34.348" level="INFO">{'ELEMENT_TYPE': 'input', 'BY_TYPE': 'xpath', 'BY_VALUE': "//input[contains(@id,'searchText')]"}</msg>
<msg timestamp="20190911 21:57:34.447" level="INFO">{'ELEMENT_TYPE': 'input', 'BY_TYPE': 'xpath', 'BY_VALUE': "//input[contains(@id,'searchText')]"}</msg>
<msg timestamp="20190911 21:57:34.489" level="INFO">{'ELEMENT_TYPE': 'input', 'BY_TYPE': 'xpath', 'BY_VALUE': "//input[contains(@id,'searchText')]"}</msg>
<msg timestamp="20190911 21:57:34.539" level="INFO">{'ELEMENT_TYPE': 'input', 'BY_TYPE': 'xpath', 'BY_VALUE': "//input[contains(@id,'searchText')]"}</msg>
<msg timestamp="20190911 21:57:34.594" level="INFO">{'ELEMENT_TYPE': 'input', 'BY_TYPE': 'xpath', 'BY_VALUE': "//input[contains(@id,'searchText')]"}</msg>
<msg timestamp="20190911 21:57:34.640" level="INFO">{'ELEMENT_TYPE': 'input', 'BY_TYPE': 'xpath', 'BY_VALUE': "//input[contains(@id,'searchText')]"}</msg>
<msg timestamp="20190911 21:57:34.685" level="INFO">{'ELEMENT_TYPE': 'input', 'BY_TYPE': 'xpath', 'BY_VALUE': "//input[contains(@id,'searchText')]"}</msg>
<msg timestamp="20190911 21:57:34.731" level="INFO">{'ELEMENT_TYPE': 'input', 'BY_TYPE': 'xpath', 'BY_VALUE': "//input[contains(@id,'searchText')]"}</msg>
<msg timestamp="20190911 21:57:34.773" level="INFO">{'ELEMENT_TYPE': 'input', 'BY_TYPE': 'xpath', 'BY_VALUE': "//input[contains(@id,'searchText')]"}</msg>
<msg timestamp="20190911 21:57:34.817" level="INFO">{'ELEMENT_TYPE': 'input', 'BY_TYPE': 'xpath', 'BY_VALUE': "//input[contains(@id,'searchText')]"}</msg>
<msg timestamp="20190911 21:57:37.859" level="INFO">{'ELEMENT_TYPE': 'div', 'BY_TYPE': 'xpath', 'BY_VALUE': "//div[@class='contactName font-m']"}</msg>
<msg timestamp="20190911 21:57:37.899" level="INFO">search_people_or_extension - maha2 auto is available</msg>
<msg timestamp="20190911 21:57:37.990" level="INFO">search_people_extension - contact is available</msg>
<status status="PASS" endtime="20190911 21:57:37.991" starttime="20190911 21:57:33.105"></status>
</kw>
<kw name="Log" library="BuiltIn">
<doc>Logs the given message with the given level.</doc>
<arguments>
<arg>Step2.2--UserA places a call to UserB</arg>
</arguments>
<msg timestamp="20190911 21:57:37.992" level="INFO">Step2.2--UserA places a call to UserB</msg>
<status status="PASS" endtime="20190911 21:57:37.992" starttime="20190911 21:57:37.991"></status>
</kw>
<kw name="Create Dictionary" library="BuiltIn">
<doc>Creates and returns a dictionary based on the given ``items``.</doc>
<arguments>
<arg>option=start</arg>
<arg>user=${EMPTY}</arg>
</arguments>
<assign>
<var>&amp;{params}</var>
</assign>
<msg timestamp="20190911 21:57:37.993" level="INFO">&amp;{params} = { option=start | user= }</msg>
<status status="PASS" endtime="20190911 21:57:37.993" starttime="20190911 21:57:37.992"></status>
</kw>
<kw name="Call Method" library="BuiltIn">
<doc>Calls the named method of the given object with the provided arguments.</doc>
<arguments>
<arg>${client1}</arg>
<arg>place_end_call</arg>
<arg>&amp;{params}</arg>
</arguments>
<msg timestamp="20190911 21:57:37.994" level="INFO">place_end_call - operation to be start</msg>
<msg timestamp="20190911 21:57:37.994" level="INFO">{'ELEMENT_TYPE': 'button', 'BY_TYPE': 'xpath', 'BY_VALUE': '//button[@class="any-contact-action icon  icon-contactcard-call  call  generic-tooltip-contact-call-info"]'}</msg>
<msg timestamp="20190911 21:57:38.544" level="INFO">{'ELEMENT_TYPE': 'button', 'BY_TYPE': 'xpath', 'BY_VALUE': '//button[@class="any-contact-action icon  icon-contactcard-call  call  generic-tooltip-contact-call-info"]'}</msg>
<msg timestamp="20190911 21:57:38.769" level="INFO">{'ELEMENT_TYPE': 'button', 'BY_TYPE': 'xpath', 'BY_VALUE': "//div[contains(@class,'call-cell-buttons')]/button[@data-title='Hangup']"}</msg>
<msg timestamp="20190911 21:58:01.575" level="INFO">start_call - Clicking Second time</msg>
<msg timestamp="20190911 21:58:01.575" level="INFO">{'ELEMENT_TYPE': 'button', 'BY_TYPE': 'xpath', 'BY_VALUE': '//button[@class="any-contact-action icon  icon-contactcard-call  call  generic-tooltip-contact-call-info"]'}</msg>
<msg timestamp="20190911 21:58:01.638" level="INFO">{'ELEMENT_TYPE': 'button', 'BY_TYPE': 'xpath', 'BY_VALUE': '//button[@class="any-contact-action icon  icon-contactcard-call  call  generic-tooltip-contact-call-info"]'}</msg>
<msg timestamp="20190911 21:58:01.759" level="INFO">{'ELEMENT_TYPE': 'button', 'BY_TYPE': 'xpath', 'BY_VALUE': "//div[contains(@class,'call-cell-buttons')]/button[@data-title='Hangup']"}</msg>
<msg timestamp="20190911 21:58:05.656" level="INFO">start_call - Call placed successfully</msg>
<msg timestamp="20190911 21:58:05.657" level="INFO">place_end_call - operation start performed</msg>
<status status="PASS" endtime="20190911 21:58:05.657" starttime="20190911 21:57:37.993"></status>
</kw>
<kw name="Log" library="BuiltIn">
<doc>Logs the given message with the given level.</doc>
<arguments>
<arg>Step2.3--UserB verifies that incoming call notification in present</arg>
</arguments>
<msg timestamp="20190911 21:58:05.658" level="INFO">Step2.3--UserB verifies that incoming call notification in present</msg>
<status status="PASS" endtime="20190911 21:58:05.658" starttime="20190911 21:58:05.657"></status>
</kw>
<kw name="Call Method" library="BuiltIn">
<doc>Calls the named method of the given object with the provided arguments.</doc>
<arguments>
<arg>${client2}</arg>
<arg>check_incoming_call</arg>
</arguments>
<msg timestamp="20190911 21:58:05.658" level="INFO">check_incoming_call - Checking incoming call</msg>
<msg timestamp="20190911 21:58:05.659" level="INFO">{'ELEMENT_TYPE': 'div', 'BY_TYPE': 'xpath', 'BY_VALUE': "//div[contains(@class, 'call-action-buttons')]/div[@data-title='Answer']"}</msg>
<msg timestamp="20190911 21:58:08.681" level="INFO">Traceback (most recent call last):
  File "C:\atf-robot\Framework\web_wrappers\selenium_wrappers\Browser.py", line 361, in element_finder
    ByValue=self.elementAttr["BY_VALUE"])
  File "C:\atf-robot\Framework\web_wrappers\selenium_wrappers\Browser.py", line 278, in get_element
    raise Exception("0 elements found.")
Exception: 0 elements found.</msg>
<msg timestamp="20190911 21:58:08.681" level="FAIL">Calling method 'check_incoming_call' failed: ManhattanComponent error check_incoming_call - Failed to check incoming call notification</msg>
<status status="FAIL" endtime="20190911 21:58:08.681" starttime="20190911 21:58:05.658"></status>
</kw>
<kw type="teardown" name="Run Keyword Unless" library="BuiltIn">
<doc>Runs the given keyword with the given arguments if ``condition`` is false.</doc>
<arguments>
<arg>'${TEST STATUS}'=='PASS'</arg>
<arg>Test case PostCondition</arg>
</arguments>
<kw name="Test case PostCondition">
<kw name="Create Dictionary" library="BuiltIn">
<doc>Creates and returns a dictionary based on the given ``items``.</doc>
<arguments>
<arg>client_count=4</arg>
</arguments>
<assign>
<var>&amp;{params}</var>
</assign>
<msg timestamp="20190911 21:58:08.683" level="INFO">&amp;{params} = { client_count=4 }</msg>
<status status="PASS" endtime="20190911 21:58:08.683" starttime="20190911 21:58:08.682"></status>
</kw>
<kw name="End Calls" library="mnh_parallel_executor">
<arguments>
<arg>&amp;{params}</arg>
</arguments>
<status status="PASS" endtime="20190911 21:58:12.849" starttime="20190911 21:58:08.683"></status>
</kw>
<status status="PASS" endtime="20190911 21:58:12.850" starttime="20190911 21:58:08.682"></status>
</kw>
<status status="PASS" endtime="20190911 21:58:12.850" starttime="20190911 21:58:08.682"></status>
</kw>
<tags>
<tag>Call_Control</tag>
<tag>P2</tag>
</tags>
<status status="FAIL" endtime="20190911 21:58:12.850" critical="yes" starttime="20190911 21:57:33.100">Calling method 'check_incoming_call' failed: ManhattanComponent error check_incoming_call - Failed to check incoming call notification</status>
</test>
<test id="s1-t4" name="tc_529522_Call_is_routed_to_voicemail_if_not_answered">
<kw name="Log" library="BuiltIn">
<doc>Logs the given message with the given level.</doc>
<arguments>
<arg>Step2.1--UserA opens contact card of UserB</arg>
</arguments>
<msg timestamp="20190911 21:58:12.854" level="INFO">Step2.1--UserA opens contact card of UserB</msg>
<status status="PASS" endtime="20190911 21:58:12.854" starttime="20190911 21:58:12.854"></status>
</kw>
<kw name="Create Dictionary" library="BuiltIn">
<doc>Creates and returns a dictionary based on the given ``items``.</doc>
<arguments>
<arg>searchItem=${user02.first_name} ${user02.last_name}</arg>
</arguments>
<assign>
<var>&amp;{params}</var>
</assign>
<msg timestamp="20190911 21:58:12.856" level="INFO">&amp;{params} = { searchItem=maha2 auto }</msg>
<status status="PASS" endtime="20190911 21:58:12.856" starttime="20190911 21:58:12.855"></status>
</kw>
<kw name="Call Method" library="BuiltIn">
<doc>Calls the named method of the given object with the provided arguments.</doc>
<arguments>
<arg>${client1}</arg>
<arg>search_people_extension</arg>
<arg>&amp;{params}</arg>
</arguments>
<msg timestamp="20190911 21:58:12.857" level="INFO">search_people_or_extension - Searching people by name </msg>
<msg timestamp="20190911 21:58:12.857" level="INFO">{'ELEMENT_TYPE': 'a', 'BY_TYPE': 'xpath', 'BY_VALUE': "//a[contains(@id,'dashboardSearch')]"}</msg>
<msg timestamp="20190911 21:58:13.958" level="INFO">{'ELEMENT_TYPE': 'input', 'BY_TYPE': 'xpath', 'BY_VALUE': "//input[contains(@id,'searchText')]"}</msg>
<msg timestamp="20190911 21:58:14.023" level="INFO">{'ELEMENT_TYPE': 'input', 'BY_TYPE': 'xpath', 'BY_VALUE': "//input[contains(@id,'searchText')]"}</msg>
<msg timestamp="20190911 21:58:14.118" level="INFO">{'ELEMENT_TYPE': 'input', 'BY_TYPE': 'xpath', 'BY_VALUE': "//input[contains(@id,'searchText')]"}</msg>
<msg timestamp="20190911 21:58:14.159" level="INFO">{'ELEMENT_TYPE': 'input', 'BY_TYPE': 'xpath', 'BY_VALUE': "//input[contains(@id,'searchText')]"}</msg>
<msg timestamp="20190911 21:58:14.202" level="INFO">{'ELEMENT_TYPE': 'input', 'BY_TYPE': 'xpath', 'BY_VALUE': "//input[contains(@id,'searchText')]"}</msg>
<msg timestamp="20190911 21:58:14.244" level="INFO">{'ELEMENT_TYPE': 'input', 'BY_TYPE': 'xpath', 'BY_VALUE': "//input[contains(@id,'searchText')]"}</msg>
<msg timestamp="20190911 21:58:14.289" level="INFO">{'ELEMENT_TYPE': 'input', 'BY_TYPE': 'xpath', 'BY_VALUE': "//input[contains(@id,'searchText')]"}</msg>
<msg timestamp="20190911 21:58:14.335" level="INFO">{'ELEMENT_TYPE': 'input', 'BY_TYPE': 'xpath', 'BY_VALUE': "//input[contains(@id,'searchText')]"}</msg>
<msg timestamp="20190911 21:58:14.380" level="INFO">{'ELEMENT_TYPE': 'input', 'BY_TYPE': 'xpath', 'BY_VALUE': "//input[contains(@id,'searchText')]"}</msg>
<msg timestamp="20190911 21:58:14.422" level="INFO">{'ELEMENT_TYPE': 'input', 'BY_TYPE': 'xpath', 'BY_VALUE': "//input[contains(@id,'searchText')]"}</msg>
<msg timestamp="20190911 21:58:14.464" level="INFO">{'ELEMENT_TYPE': 'input', 'BY_TYPE': 'xpath', 'BY_VALUE': "//input[contains(@id,'searchText')]"}</msg>
<msg timestamp="20190911 21:58:17.508" level="INFO">{'ELEMENT_TYPE': 'div', 'BY_TYPE': 'xpath', 'BY_VALUE': "//div[@class='contactName font-m']"}</msg>
<msg timestamp="20190911 21:58:17.599" level="INFO">search_people_or_extension - maha2 auto is available</msg>
<msg timestamp="20190911 21:58:17.680" level="INFO">search_people_extension - contact is available</msg>
<status status="PASS" endtime="20190911 21:58:17.680" starttime="20190911 21:58:12.856"></status>
</kw>
<kw name="Log" library="BuiltIn">
<doc>Logs the given message with the given level.</doc>
<arguments>
<arg>Step2.2--UserA places a call to UserB</arg>
</arguments>
<msg timestamp="20190911 21:58:17.681" level="INFO">Step2.2--UserA places a call to UserB</msg>
<status status="PASS" endtime="20190911 21:58:17.681" starttime="20190911 21:58:17.680"></status>
</kw>
<kw name="Create Dictionary" library="BuiltIn">
<doc>Creates and returns a dictionary based on the given ``items``.</doc>
<arguments>
<arg>option=start</arg>
<arg>user=${EMPTY}</arg>
</arguments>
<assign>
<var>&amp;{params}</var>
</assign>
<msg timestamp="20190911 21:58:17.682" level="INFO">&amp;{params} = { option=start | user= }</msg>
<status status="PASS" endtime="20190911 21:58:17.682" starttime="20190911 21:58:17.681"></status>
</kw>
<kw name="Call Method" library="BuiltIn">
<doc>Calls the named method of the given object with the provided arguments.</doc>
<arguments>
<arg>${client1}</arg>
<arg>place_end_call</arg>
<arg>&amp;{params}</arg>
</arguments>
<msg timestamp="20190911 21:58:17.683" level="INFO">place_end_call - operation to be start</msg>
<msg timestamp="20190911 21:58:17.683" level="INFO">{'ELEMENT_TYPE': 'button', 'BY_TYPE': 'xpath', 'BY_VALUE': '//button[@class="any-contact-action icon  icon-contactcard-call  call  generic-tooltip-contact-call-info"]'}</msg>
<msg timestamp="20190911 21:58:18.249" level="INFO">{'ELEMENT_TYPE': 'button', 'BY_TYPE': 'xpath', 'BY_VALUE': '//button[@class="any-contact-action icon  icon-contactcard-call  call  generic-tooltip-contact-call-info"]'}</msg>
<msg timestamp="20190911 21:58:18.402" level="INFO">{'ELEMENT_TYPE': 'button', 'BY_TYPE': 'xpath', 'BY_VALUE': "//div[contains(@class,'call-cell-buttons')]/button[@data-title='Hangup']"}</msg>
<msg timestamp="20190911 21:58:41.044" level="INFO">start_call - Clicking Second time</msg>
<msg timestamp="20190911 21:58:41.044" level="INFO">{'ELEMENT_TYPE': 'button', 'BY_TYPE': 'xpath', 'BY_VALUE': '//button[@class="any-contact-action icon  icon-contactcard-call  call  generic-tooltip-contact-call-info"]'}</msg>
<msg timestamp="20190911 21:58:41.116" level="INFO">{'ELEMENT_TYPE': 'button', 'BY_TYPE': 'xpath', 'BY_VALUE': '//button[@class="any-contact-action icon  icon-contactcard-call  call  generic-tooltip-contact-call-info"]'}</msg>
<msg timestamp="20190911 21:58:41.232" level="INFO">{'ELEMENT_TYPE': 'button', 'BY_TYPE': 'xpath', 'BY_VALUE': "//div[contains(@class,'call-cell-buttons')]/button[@data-title='Hangup']"}</msg>
<msg timestamp="20190911 21:58:45.360" level="INFO">start_call - Call placed successfully</msg>
<msg timestamp="20190911 21:58:45.360" level="INFO">place_end_call - operation start performed</msg>
<status status="PASS" endtime="20190911 21:58:45.360" starttime="20190911 21:58:17.682"></status>
</kw>
<kw name="Log" library="BuiltIn">
<doc>Logs the given message with the given level.</doc>
<arguments>
<arg>Step2.3--UserB verifies that incoming call notification in present</arg>
</arguments>
<msg timestamp="20190911 21:58:45.361" level="INFO">Step2.3--UserB verifies that incoming call notification in present</msg>
<status status="PASS" endtime="20190911 21:58:45.361" starttime="20190911 21:58:45.361"></status>
</kw>
<kw name="Call Method" library="BuiltIn">
<doc>Calls the named method of the given object with the provided arguments.</doc>
<arguments>
<arg>${client2}</arg>
<arg>check_incoming_call</arg>
</arguments>
<msg timestamp="20190911 21:58:45.362" level="INFO">check_incoming_call - Checking incoming call</msg>
<msg timestamp="20190911 21:58:45.362" level="INFO">{'ELEMENT_TYPE': 'div', 'BY_TYPE': 'xpath', 'BY_VALUE': "//div[contains(@class, 'call-action-buttons')]/div[@data-title='Answer']"}</msg>
<msg timestamp="20190911 21:58:46.139" level="INFO">check_incoming_call - Recieve button is visible</msg>
<msg timestamp="20190911 21:58:46.139" level="INFO">{'ELEMENT_TYPE': 'div', 'BY_TYPE': 'xpath', 'BY_VALUE': "//div[contains(@data-title, 'To Voice Mail')]"}</msg>
<msg timestamp="20190911 21:58:46.219" level="INFO">check_incoming_call - Voice mail button is visible</msg>
<msg timestamp="20190911 21:58:46.219" level="INFO">{'ELEMENT_TYPE': 'div', 'BY_TYPE': 'xpath', 'BY_VALUE': "//div[contains(@data-title, 'To Voice Mail')]"}</msg>
<msg timestamp="20190911 21:58:46.257" level="INFO">check_incoming_call - call transfer button is visible</msg>
<status status="PASS" endtime="20190911 21:58:46.257" starttime="20190911 21:58:45.362"></status>
</kw>
<kw name="Sleep" library="BuiltIn">
<doc>Pauses the test executed for the given time.</doc>
<arguments>
<arg>20s</arg>
</arguments>
<msg timestamp="20190911 21:59:06.258" level="INFO">Slept 20 seconds</msg>
<status status="PASS" endtime="20190911 21:59:06.258" starttime="20190911 21:58:46.258"></status>
</kw>
<kw name="Log" library="BuiltIn">
<doc>Logs the given message with the given level.</doc>
<arguments>
<arg>Step3.1--UserB doesnot accept the call and call will go to Voicemail, then UserA verifies the text in the third panel</arg>
</arguments>
<msg timestamp="20190911 21:59:06.259" level="INFO">Step3.1--UserB doesnot accept the call and call will go to Voicemail, then UserA verifies the text in the third panel</msg>
<status status="PASS" endtime="20190911 21:59:06.259" starttime="20190911 21:59:06.259"></status>
</kw>
<kw name="Call Method" library="BuiltIn">
<doc>Calls the named method of the given object with the provided arguments.</doc>
<arguments>
<arg>${client1}</arg>
<arg>check_Voicemail_Text_in_Third_Panel</arg>
</arguments>
<msg timestamp="20190911 21:59:06.316" level="INFO">check_Voicemail_Text_in_Third_Panel - The call is forwarded to the Voicemail</msg>
<status status="PASS" endtime="20190911 21:59:06.316" starttime="20190911 21:59:06.260"></status>
</kw>
<kw name="Sleep" library="BuiltIn">
<doc>Pauses the test executed for the given time.</doc>
<arguments>
<arg>2s</arg>
</arguments>
<msg timestamp="20190911 21:59:08.318" level="INFO">Slept 2 seconds</msg>
<status status="PASS" endtime="20190911 21:59:08.318" starttime="20190911 21:59:06.316"></status>
</kw>
<kw name="Log" library="BuiltIn">
<doc>Logs the given message with the given level.</doc>
<arguments>
<arg>Step3.2--UserA hangsup the call</arg>
</arguments>
<msg timestamp="20190911 21:59:08.319" level="INFO">Step3.2--UserA hangsup the call</msg>
<status status="PASS" endtime="20190911 21:59:08.319" starttime="20190911 21:59:08.318"></status>
</kw>
<kw name="Create Dictionary" library="BuiltIn">
<doc>Creates and returns a dictionary based on the given ``items``.</doc>
<arguments>
<arg>option=end</arg>
<arg>user=${EMPTY}</arg>
</arguments>
<assign>
<var>&amp;{params}</var>
</assign>
<msg timestamp="20190911 21:59:08.320" level="INFO">&amp;{params} = { option=end | user= }</msg>
<status status="PASS" endtime="20190911 21:59:08.320" starttime="20190911 21:59:08.319"></status>
</kw>
<kw name="Call Method" library="BuiltIn">
<doc>Calls the named method of the given object with the provided arguments.</doc>
<arguments>
<arg>${client1}</arg>
<arg>place_end_call</arg>
<arg>&amp;{params}</arg>
</arguments>
<msg timestamp="20190911 21:59:08.321" level="INFO">place_end_call - operation to be end</msg>
<msg timestamp="20190911 21:59:08.321" level="INFO">{'ELEMENT_TYPE': 'div', 'BY_TYPE': 'xpath', 'BY_VALUE': "//div/button[contains(@class,'any-contact-action icon icon-maincontrols-end')]"}</msg>
<msg timestamp="20190911 21:59:08.385" level="INFO">{'ELEMENT_TYPE': 'div', 'BY_TYPE': 'xpath', 'BY_VALUE': "//div/button[contains(@class,'any-contact-action icon icon-maincontrols-end')]"}</msg>
<msg timestamp="20190911 21:59:08.498" level="INFO">{'ELEMENT_TYPE': 'div', 'BY_TYPE': 'xpath', 'BY_VALUE': "//div/button[contains(@class,'any-contact-action icon icon-maincontrols-end')]"}</msg>
<msg timestamp="20190911 21:59:08.513" level="INFO">end_call - Call ended successfully</msg>
<msg timestamp="20190911 21:59:08.514" level="INFO">place_end_call - operation end performed</msg>
<msg timestamp="20190911 21:59:08.514" level="INFO">('element_not_displayed len -- ', 1)</msg>
<status status="PASS" endtime="20190911 21:59:08.514" starttime="20190911 21:59:08.321"></status>
</kw>
<kw name="Sleep" library="BuiltIn">
<doc>Pauses the test executed for the given time.</doc>
<arguments>
<arg>5s</arg>
</arguments>
<msg timestamp="20190911 21:59:13.515" level="INFO">Slept 5 seconds</msg>
<status status="PASS" endtime="20190911 21:59:13.515" starttime="20190911 21:59:08.514"></status>
</kw>
<kw type="teardown" name="Run Keyword Unless" library="BuiltIn">
<doc>Runs the given keyword with the given arguments if ``condition`` is false.</doc>
<arguments>
<arg>'${TEST STATUS}'=='PASS'</arg>
<arg>Test case PostCondition</arg>
</arguments>
<status status="PASS" endtime="20190911 21:59:13.516" starttime="20190911 21:59:13.516"></status>
</kw>
<tags>
<tag>Call_Control</tag>
<tag>P2</tag>
</tags>
<status status="PASS" endtime="20190911 21:59:13.517" critical="yes" starttime="20190911 21:58:12.853"></status>
</test>
<test id="s1-t5" name="tc_529523_Close_contact_card_when_call_ends_enabled">
<kw name="Log" library="BuiltIn">
<doc>Logs the given message with the given level.</doc>
<arguments>
<arg>Step3.1--UserA opens contact card of UserB</arg>
</arguments>
<msg timestamp="20190911 21:59:13.520" level="INFO">Step3.1--UserA opens contact card of UserB</msg>
<status status="PASS" endtime="20190911 21:59:13.520" starttime="20190911 21:59:13.520"></status>
</kw>
<kw name="Create Dictionary" library="BuiltIn">
<doc>Creates and returns a dictionary based on the given ``items``.</doc>
<arguments>
<arg>searchItem=${user02.first_name} ${user02.last_name}</arg>
</arguments>
<assign>
<var>&amp;{params}</var>
</assign>
<msg timestamp="20190911 21:59:13.521" level="INFO">&amp;{params} = { searchItem=maha2 auto }</msg>
<status status="PASS" endtime="20190911 21:59:13.521" starttime="20190911 21:59:13.520"></status>
</kw>
<kw name="Call Method" library="BuiltIn">
<doc>Calls the named method of the given object with the provided arguments.</doc>
<arguments>
<arg>${client1}</arg>
<arg>search_people_extension</arg>
<arg>&amp;{params}</arg>
</arguments>
<msg timestamp="20190911 21:59:13.522" level="INFO">search_people_or_extension - Searching people by name </msg>
<msg timestamp="20190911 21:59:13.522" level="INFO">{'ELEMENT_TYPE': 'a', 'BY_TYPE': 'xpath', 'BY_VALUE': "//a[contains(@id,'dashboardSearch')]"}</msg>
<msg timestamp="20190911 21:59:14.628" level="INFO">{'ELEMENT_TYPE': 'input', 'BY_TYPE': 'xpath', 'BY_VALUE': "//input[contains(@id,'searchText')]"}</msg>
<msg timestamp="20190911 21:59:14.696" level="INFO">{'ELEMENT_TYPE': 'input', 'BY_TYPE': 'xpath', 'BY_VALUE': "//input[contains(@id,'searchText')]"}</msg>
<msg timestamp="20190911 21:59:14.794" level="INFO">{'ELEMENT_TYPE': 'input', 'BY_TYPE': 'xpath', 'BY_VALUE': "//input[contains(@id,'searchText')]"}</msg>
<msg timestamp="20190911 21:59:14.839" level="INFO">{'ELEMENT_TYPE': 'input', 'BY_TYPE': 'xpath', 'BY_VALUE': "//input[contains(@id,'searchText')]"}</msg>
<msg timestamp="20190911 21:59:14.883" level="INFO">{'ELEMENT_TYPE': 'input', 'BY_TYPE': 'xpath', 'BY_VALUE': "//input[contains(@id,'searchText')]"}</msg>
<msg timestamp="20190911 21:59:14.926" level="INFO">{'ELEMENT_TYPE': 'input', 'BY_TYPE': 'xpath', 'BY_VALUE': "//input[contains(@id,'searchText')]"}</msg>
<msg timestamp="20190911 21:59:14.972" level="INFO">{'ELEMENT_TYPE': 'input', 'BY_TYPE': 'xpath', 'BY_VALUE': "//input[contains(@id,'searchText')]"}</msg>
<msg timestamp="20190911 21:59:15.016" level="INFO">{'ELEMENT_TYPE': 'input', 'BY_TYPE': 'xpath', 'BY_VALUE': "//input[contains(@id,'searchText')]"}</msg>
<msg timestamp="20190911 21:59:15.059" level="INFO">{'ELEMENT_TYPE': 'input', 'BY_TYPE': 'xpath', 'BY_VALUE': "//input[contains(@id,'searchText')]"}</msg>
<msg timestamp="20190911 21:59:15.101" level="INFO">{'ELEMENT_TYPE': 'input', 'BY_TYPE': 'xpath', 'BY_VALUE': "//input[contains(@id,'searchText')]"}</msg>
<msg timestamp="20190911 21:59:15.140" level="INFO">{'ELEMENT_TYPE': 'input', 'BY_TYPE': 'xpath', 'BY_VALUE': "//input[contains(@id,'searchText')]"}</msg>
<msg timestamp="20190911 21:59:18.184" level="INFO">{'ELEMENT_TYPE': 'div', 'BY_TYPE': 'xpath', 'BY_VALUE': "//div[@class='contactName font-m']"}</msg>
<msg timestamp="20190911 21:59:18.296" level="INFO">search_people_or_extension - maha2 auto is available</msg>
<msg timestamp="20190911 21:59:18.388" level="INFO">search_people_extension - contact is available</msg>
<status status="PASS" endtime="20190911 21:59:18.388" starttime="20190911 21:59:13.522"></status>
</kw>
<kw name="Log" library="BuiltIn">
<doc>Logs the given message with the given level.</doc>
<arguments>
<arg>Step3.2--UserA places a call to UserB</arg>
</arguments>
<msg timestamp="20190911 21:59:18.389" level="INFO">Step3.2--UserA places a call to UserB</msg>
<status status="PASS" endtime="20190911 21:59:18.389" starttime="20190911 21:59:18.388"></status>
</kw>
<kw name="Create Dictionary" library="BuiltIn">
<doc>Creates and returns a dictionary based on the given ``items``.</doc>
<arguments>
<arg>option=start</arg>
<arg>user=${EMPTY}</arg>
</arguments>
<assign>
<var>&amp;{params}</var>
</assign>
<msg timestamp="20190911 21:59:18.390" level="INFO">&amp;{params} = { option=start | user= }</msg>
<status status="PASS" endtime="20190911 21:59:18.390" starttime="20190911 21:59:18.389"></status>
</kw>
<kw name="Call Method" library="BuiltIn">
<doc>Calls the named method of the given object with the provided arguments.</doc>
<arguments>
<arg>${client1}</arg>
<arg>place_end_call</arg>
<arg>&amp;{params}</arg>
</arguments>
<msg timestamp="20190911 21:59:18.391" level="INFO">place_end_call - operation to be start</msg>
<msg timestamp="20190911 21:59:18.391" level="INFO">{'ELEMENT_TYPE': 'button', 'BY_TYPE': 'xpath', 'BY_VALUE': '//button[@class="any-contact-action icon  icon-contactcard-call  call  generic-tooltip-contact-call-info"]'}</msg>
<msg timestamp="20190911 21:59:18.997" level="INFO">{'ELEMENT_TYPE': 'button', 'BY_TYPE': 'xpath', 'BY_VALUE': '//button[@class="any-contact-action icon  icon-contactcard-call  call  generic-tooltip-contact-call-info"]'}</msg>
<msg timestamp="20190911 21:59:19.229" level="INFO">{'ELEMENT_TYPE': 'button', 'BY_TYPE': 'xpath', 'BY_VALUE': "//div[contains(@class,'call-cell-buttons')]/button[@data-title='Hangup']"}</msg>
<msg timestamp="20190911 21:59:42.018" level="INFO">start_call - Clicking Second time</msg>
<msg timestamp="20190911 21:59:42.018" level="INFO">{'ELEMENT_TYPE': 'button', 'BY_TYPE': 'xpath', 'BY_VALUE': '//button[@class="any-contact-action icon  icon-contactcard-call  call  generic-tooltip-contact-call-info"]'}</msg>
<msg timestamp="20190911 21:59:42.084" level="INFO">{'ELEMENT_TYPE': 'button', 'BY_TYPE': 'xpath', 'BY_VALUE': '//button[@class="any-contact-action icon  icon-contactcard-call  call  generic-tooltip-contact-call-info"]'}</msg>
<msg timestamp="20190911 21:59:42.193" level="INFO">{'ELEMENT_TYPE': 'button', 'BY_TYPE': 'xpath', 'BY_VALUE': "//div[contains(@class,'call-cell-buttons')]/button[@data-title='Hangup']"}</msg>
<msg timestamp="20190911 21:59:52.341" level="INFO">start_call - Call placed successfully</msg>
<msg timestamp="20190911 21:59:52.341" level="INFO">place_end_call - operation start performed</msg>
<status status="PASS" endtime="20190911 21:59:52.342" starttime="20190911 21:59:18.390"></status>
</kw>
<kw name="Log" library="BuiltIn">
<doc>Logs the given message with the given level.</doc>
<arguments>
<arg>Step3.3--UserB verifies that incoming call notification in present</arg>
</arguments>
<msg timestamp="20190911 21:59:52.342" level="INFO">Step3.3--UserB verifies that incoming call notification in present</msg>
<status status="PASS" endtime="20190911 21:59:52.344" starttime="20190911 21:59:52.342"></status>
</kw>
<kw name="Call Method" library="BuiltIn">
<doc>Calls the named method of the given object with the provided arguments.</doc>
<arguments>
<arg>${client2}</arg>
<arg>check_incoming_call</arg>
</arguments>
<msg timestamp="20190911 21:59:52.345" level="INFO">check_incoming_call - Checking incoming call</msg>
<msg timestamp="20190911 21:59:52.345" level="INFO">{'ELEMENT_TYPE': 'div', 'BY_TYPE': 'xpath', 'BY_VALUE': "//div[contains(@class, 'call-action-buttons')]/div[@data-title='Answer']"}</msg>
<msg timestamp="20190911 21:59:52.434" level="INFO">check_incoming_call - Recieve button is visible</msg>
<msg timestamp="20190911 21:59:52.434" level="INFO">{'ELEMENT_TYPE': 'div', 'BY_TYPE': 'xpath', 'BY_VALUE': "//div[contains(@data-title, 'To Voice Mail')]"}</msg>
<msg timestamp="20190911 21:59:52.506" level="INFO">check_incoming_call - Voice mail button is visible</msg>
<msg timestamp="20190911 21:59:52.507" level="INFO">{'ELEMENT_TYPE': 'div', 'BY_TYPE': 'xpath', 'BY_VALUE': "//div[contains(@data-title, 'To Voice Mail')]"}</msg>
<msg timestamp="20190911 21:59:52.548" level="INFO">check_incoming_call - call transfer button is visible</msg>
<status status="PASS" endtime="20190911 21:59:52.548" starttime="20190911 21:59:52.345"></status>
</kw>
<kw name="Log" library="BuiltIn">
<doc>Logs the given message with the given level.</doc>
<arguments>
<arg>Step3.4--UserB answers the call</arg>
</arguments>
<msg timestamp="20190911 21:59:52.549" level="INFO">Step3.4--UserB answers the call</msg>
<status status="PASS" endtime="20190911 21:59:52.549" starttime="20190911 21:59:52.549"></status>
</kw>
<kw name="Create Dictionary" library="BuiltIn">
<doc>Creates and returns a dictionary based on the given ``items``.</doc>
<arguments>
<arg>option=recv</arg>
<arg>user=${EMPTY}</arg>
</arguments>
<assign>
<var>&amp;{params}</var>
</assign>
<msg timestamp="20190911 21:59:52.550" level="INFO">&amp;{params} = { option=recv | user= }</msg>
<status status="PASS" endtime="20190911 21:59:52.550" starttime="20190911 21:59:52.550"></status>
</kw>
<kw name="Call Method" library="BuiltIn">
<doc>Calls the named method of the given object with the provided arguments.</doc>
<arguments>
<arg>${client2}</arg>
<arg>place_end_call</arg>
<arg>&amp;{params}</arg>
</arguments>
<msg timestamp="20190911 21:59:52.551" level="INFO">place_end_call - operation to be recv</msg>
<msg timestamp="20190911 21:59:52.552" level="INFO">{'ELEMENT_TYPE': 'div', 'BY_TYPE': 'xpath', 'BY_VALUE': "//div[contains(@class, 'call-action-buttons')]/div[@data-title='Answer']"}</msg>
<msg timestamp="20190911 21:59:52.623" level="INFO">{'ELEMENT_TYPE': 'div', 'BY_TYPE': 'xpath', 'BY_VALUE': "//div[contains(@class, 'call-action-buttons')]/div[@data-title='Answer']"}</msg>
<msg timestamp="20190911 21:59:54.640" level="INFO">receive_call - Call received successfully</msg>
<msg timestamp="20190911 21:59:54.640" level="INFO">place_end_call - operation recv performed</msg>
<status status="PASS" endtime="20190911 21:59:54.640" starttime="20190911 21:59:52.551"></status>
</kw>
<kw name="Sleep" library="BuiltIn">
<doc>Pauses the test executed for the given time.</doc>
<arguments>
<arg>5s</arg>
</arguments>
<msg timestamp="20190911 21:59:59.641" level="INFO">Slept 5 seconds</msg>
<status status="PASS" endtime="20190911 21:59:59.641" starttime="20190911 21:59:54.641"></status>
</kw>
<kw name="Log" library="BuiltIn">
<doc>Logs the given message with the given level.</doc>
<arguments>
<arg>Step3.5--verify the UserB's contact card opens in the second panel</arg>
</arguments>
<msg timestamp="20190911 21:59:59.642" level="INFO">Step3.5--verify the UserB's contact card opens in the second panel</msg>
<status status="PASS" endtime="20190911 21:59:59.642" starttime="20190911 21:59:59.641"></status>
</kw>
<kw name="Create Dictionary" library="BuiltIn">
<doc>Creates and returns a dictionary based on the given ``items``.</doc>
<arguments>
<arg>option=call_panel</arg>
</arguments>
<assign>
<var>&amp;{params}</var>
</assign>
<msg timestamp="20190911 21:59:59.643" level="INFO">&amp;{params} = { option=call_panel }</msg>
<status status="PASS" endtime="20190911 21:59:59.643" starttime="20190911 21:59:59.642"></status>
</kw>
<kw name="Call Method" library="BuiltIn">
<doc>Calls the named method of the given object with the provided arguments.</doc>
<arguments>
<arg>${client1}</arg>
<arg>verify_contact_Panel</arg>
<arg>&amp;{params}</arg>
</arguments>
<assign>
<var>${result}</var>
</assign>
<msg timestamp="20190911 21:59:59.644" level="INFO">{'ELEMENT_TYPE': 'div', 'BY_TYPE': 'xpath', 'BY_VALUE': '//div[@class="panel-wrap "]'}</msg>
<msg timestamp="20190911 21:59:59.711" level="INFO">verify_contact_Panel - success in verifying the call panel</msg>
<msg timestamp="20190911 21:59:59.711" level="INFO">${result} = True</msg>
<status status="PASS" endtime="20190911 21:59:59.711" starttime="20190911 21:59:59.643"></status>
</kw>
<kw name="Should Be True" library="BuiltIn">
<doc>Fails if the given condition is not true.</doc>
<arguments>
<arg>${result}</arg>
</arguments>
<status status="PASS" endtime="20190911 21:59:59.712" starttime="20190911 21:59:59.712"></status>
</kw>
<kw name="Log" library="BuiltIn">
<doc>Logs the given message with the given level.</doc>
<arguments>
<arg>Step 4.1 --UserA hangsup the call</arg>
</arguments>
<msg timestamp="20190911 21:59:59.713" level="INFO">Step 4.1 --UserA hangsup the call</msg>
<status status="PASS" endtime="20190911 21:59:59.713" starttime="20190911 21:59:59.712"></status>
</kw>
<kw name="Create Dictionary" library="BuiltIn">
<doc>Creates and returns a dictionary based on the given ``items``.</doc>
<arguments>
<arg>option=end</arg>
<arg>user=${EMPTY}</arg>
</arguments>
<assign>
<var>&amp;{params}</var>
</assign>
<msg timestamp="20190911 21:59:59.714" level="INFO">&amp;{params} = { option=end | user= }</msg>
<status status="PASS" endtime="20190911 21:59:59.714" starttime="20190911 21:59:59.714"></status>
</kw>
<kw name="Call Method" library="BuiltIn">
<doc>Calls the named method of the given object with the provided arguments.</doc>
<arguments>
<arg>${client1}</arg>
<arg>place_end_call</arg>
<arg>&amp;{params}</arg>
</arguments>
<msg timestamp="20190911 21:59:59.715" level="INFO">place_end_call - operation to be end</msg>
<msg timestamp="20190911 21:59:59.716" level="INFO">{'ELEMENT_TYPE': 'div', 'BY_TYPE': 'xpath', 'BY_VALUE': "//div/button[contains(@class,'any-contact-action icon icon-maincontrols-end')]"}</msg>
<msg timestamp="20190911 21:59:59.777" level="INFO">{'ELEMENT_TYPE': 'div', 'BY_TYPE': 'xpath', 'BY_VALUE': "//div/button[contains(@class,'any-contact-action icon icon-maincontrols-end')]"}</msg>
<msg timestamp="20190911 21:59:59.869" level="INFO">{'ELEMENT_TYPE': 'div', 'BY_TYPE': 'xpath', 'BY_VALUE': "//div/button[contains(@class,'any-contact-action icon icon-maincontrols-end')]"}</msg>
<msg timestamp="20190911 21:59:59.897" level="INFO">end_call - Call ended successfully</msg>
<msg timestamp="20190911 21:59:59.897" level="INFO">place_end_call - operation end performed</msg>
<msg timestamp="20190911 21:59:59.898" level="INFO">('element_not_displayed len -- ', 1)</msg>
<status status="PASS" endtime="20190911 21:59:59.898" starttime="20190911 21:59:59.715"></status>
</kw>
<kw name="Sleep" library="BuiltIn">
<doc>Pauses the test executed for the given time.</doc>
<arguments>
<arg>5s</arg>
</arguments>
<msg timestamp="20190911 22:00:04.898" level="INFO">Slept 5 seconds</msg>
<status status="PASS" endtime="20190911 22:00:04.898" starttime="20190911 21:59:59.898"></status>
</kw>
<kw name="Log" library="BuiltIn">
<doc>Logs the given message with the given level.</doc>
<arguments>
<arg>Step 4.2 --verify the UserB's contact card Closes in the second panel</arg>
</arguments>
<msg timestamp="20190911 22:00:04.899" level="INFO">Step 4.2 --verify the UserB's contact card Closes in the second panel</msg>
<status status="PASS" endtime="20190911 22:00:04.899" starttime="20190911 22:00:04.898"></status>
</kw>
<kw name="Create Dictionary" library="BuiltIn">
<doc>Creates and returns a dictionary based on the given ``items``.</doc>
<arguments>
<arg>option=call_panel</arg>
</arguments>
<assign>
<var>&amp;{params}</var>
</assign>
<msg timestamp="20190911 22:00:04.900" level="INFO">&amp;{params} = { option=call_panel }</msg>
<status status="PASS" endtime="20190911 22:00:04.900" starttime="20190911 22:00:04.899"></status>
</kw>
<kw name="Call Method" library="BuiltIn">
<doc>Calls the named method of the given object with the provided arguments.</doc>
<arguments>
<arg>${client1}</arg>
<arg>verify_contact_Panel</arg>
<arg>&amp;{params}</arg>
</arguments>
<assign>
<var>${result}</var>
</assign>
<msg timestamp="20190911 22:00:04.901" level="INFO">{'ELEMENT_TYPE': 'div', 'BY_TYPE': 'xpath', 'BY_VALUE': '//div[@class="panel-wrap "]'}</msg>
<msg timestamp="20190911 22:00:07.932" level="INFO">verify_contact_Panel - Panel not available</msg>
<msg timestamp="20190911 22:00:07.933" level="INFO">Traceback (most recent call last):
  File "C:\atf-robot\Framework\web_wrappers\selenium_wrappers\Browser.py", line 361, in element_finder
    ByValue=self.elementAttr["BY_VALUE"])
  File "C:\atf-robot\Framework\web_wrappers\selenium_wrappers\Browser.py", line 278, in get_element
    raise Exception("0 elements found.")
Exception: 0 elements found.</msg>
<msg timestamp="20190911 22:00:07.933" level="INFO">${result} = False</msg>
<status status="PASS" endtime="20190911 22:00:07.933" starttime="20190911 22:00:04.900"></status>
</kw>
<kw name="Should Not Be True" library="BuiltIn">
<doc>Fails if the given condition is true.</doc>
<arguments>
<arg>${result}</arg>
</arguments>
<status status="PASS" endtime="20190911 22:00:07.934" starttime="20190911 22:00:07.933"></status>
</kw>
<kw name="Sleep" library="BuiltIn">
<doc>Pauses the test executed for the given time.</doc>
<arguments>
<arg>5s</arg>
</arguments>
<msg timestamp="20190911 22:00:12.934" level="INFO">Slept 5 seconds</msg>
<status status="PASS" endtime="20190911 22:00:12.934" starttime="20190911 22:00:07.934"></status>
</kw>
<kw type="teardown" name="Run Keyword Unless" library="BuiltIn">
<doc>Runs the given keyword with the given arguments if ``condition`` is false.</doc>
<arguments>
<arg>'${TEST STATUS}'=='PASS'</arg>
<arg>Test case PostCondition</arg>
</arguments>
<status status="PASS" endtime="20190911 22:00:12.936" starttime="20190911 22:00:12.935"></status>
</kw>
<tags>
<tag>Call_Control</tag>
<tag>P2</tag>
</tags>
<status status="PASS" endtime="20190911 22:00:12.936" critical="yes" starttime="20190911 21:59:13.519"></status>
</test>
<kw type="teardown" name="Suite case PostCondition">
<kw name="Create Dictionary" library="BuiltIn">
<doc>Creates and returns a dictionary based on the given ``items``.</doc>
<arguments>
<arg>params=4</arg>
</arguments>
<assign>
<var>&amp;{params}</var>
</assign>
<msg timestamp="20190911 22:00:12.943" level="INFO">&amp;{params} = { params=4 }</msg>
<status status="PASS" endtime="20190911 22:00:12.944" starttime="20190911 22:00:12.942"></status>
</kw>
<kw name="Close Applications" library="mnh_parallel_executor">
<arguments>
<arg>&amp;{params}</arg>
</arguments>
<status status="PASS" endtime="20190911 22:00:13.863" starttime="20190911 22:00:12.944"></status>
</kw>
<status status="PASS" endtime="20190911 22:00:13.863" starttime="20190911 22:00:12.941"></status>
</kw>
<doc>Call-Control-Feature
Ajoy and Ashika
Comments:</doc>
<status status="FAIL" endtime="20190911 22:00:13.863" starttime="20190911 21:56:24.796"></status>
</suite>
<statistics>
<total>
<stat fail="3" pass="2">Critical Tests</stat>
<stat fail="3" pass="2">All Tests</stat>
</total>
<tag>
<stat fail="3" pass="2">Call_Control</stat>
<stat fail="1" pass="0">P1</stat>
<stat fail="2" pass="2">P2</stat>
</tag>
<suite>
<stat fail="3" id="s1" name="Call Control Feature 10to15 TC" pass="2">Call Control Feature 10to15 TC</stat>
</suite>
</statistics>
<errors>
<msg timestamp="20190911 21:56:41.082" level="ERROR">search_people_or_extension-Error while searching people(&lt;type 'exceptions.AssertionError'&gt;, AssertionError('Browser- element_finder - No element returned for provided locator: default_name_number_search',), &lt;traceback object at 0x03FAEBE8&gt;)</msg>
<msg timestamp="20190911 21:56:41.083" level="ERROR">search_people_extension - Searching people by name failed(&lt;type 'exceptions.AssertionError'&gt;, AssertionError('Browser- element_finder - No element returned for provided locator: default_name_number_search',), &lt;traceback object at 0x03FA6378&gt;)</msg>
<msg timestamp="20190911 21:57:28.908" level="ERROR">conference_call - Failed to click on conference call button (&lt;type 'exceptions.AssertionError'&gt;, AssertionError('Browser- element_finder - No element returned for provided locator: third_panel_transfer_user',), &lt;traceback object at 0x03FBD418&gt;)</msg>
<msg timestamp="20190911 21:57:28.909" level="ERROR">place_end_call - Failed to click on call button(&lt;type 'exceptions.AssertionError'&gt;, AssertionError('Browser- element_finder - No element returned for provided locator: third_panel_transfer_user',), &lt;traceback object at 0x03FBDBE8&gt;)</msg>
</errors>
</robot>
