<?xml version="1.0" encoding="UTF-8"?>
<robot rpa="false" generated="20190911 22:03:50.940" generator="Robot 3.1.2 (Python 2.7.12 on win32)">
<suite source="C:\atf-robot\automation-connect-client\Regression_TestCases\Contact_Feature_5to10_TC.robot" id="s1" name="Contact Feature 5to10 TC">
<kw type="setup" name="Suite case PreCondition">
<kw name="Create Dictionary" library="BuiltIn">
<doc>Creates and returns a dictionary based on the given ``items``.</doc>
<arguments>
<arg>user1=${user01}</arg>
<arg>user2=${user02}</arg>
<arg>user3=${user03}</arg>
<arg>user4=${user04}</arg>
<arg>client_count=4</arg>
</arguments>
<assign>
<var>&amp;{params}</var>
</assign>
<msg timestamp="20190911 22:03:51.449" level="INFO">&amp;{params} = { user1={'ip': '', 'extension': '6432', 'server': 'clientstart.sky.shoretel.com', 'phone_type': 'p8cg', 'user_type': 'Manhattan', 'mac': '0010493F2DF4 ', 'first_name': 'maha1', 'middle_name': '', 'las...</msg>
<status status="PASS" endtime="20190911 22:03:51.449" starttime="20190911 22:03:51.447"></status>
</kw>
<kw name="Launch Login" library="mnh_parallel_executor">
<arguments>
<arg>&amp;{params}</arg>
</arguments>
<assign>
<var>${objects_list}</var>
</assign>
<msg timestamp="20190911 22:04:04.025" level="INFO">manhattancomponent
Map directory for &lt;manhattancomponent&gt; is &lt;C:\atf-robot\automation-connect-client\map&gt;
manhattancomponent
Map directory for &lt;manhattancomponent&gt; is &lt;C:\atf-robot\automation-connect-client\map&gt;
manhattancomponent
Map directory for &lt;manhattancomponent&gt; is &lt;C:\atf-robot\automation-connect-client\map&gt;
manhattancomponent
Map directory for &lt;manhattancomponent&gt; is &lt;C:\atf-robot\automation-connect-client\map&gt;
Traceback (most recent call last):
  File "C:\atf-robot\Framework\web_wrappers\selenium_wrappers\Browser.py", line 361, in element_finder
    ByValue=self.elementAttr["BY_VALUE"])
  File "C:\atf-robot\Framework\web_wrappers\selenium_wrappers\Browser.py", line 278, in get_element
    raise Exception("0 elements found.")
Exception: 0 elements found.
Traceback (most recent call last):
  File "C:\atf-robot\Framework\web_wrappers\selenium_wrappers\Browser.py", line 361, in element_finder
    ByValue=self.elementAttr["BY_VALUE"])
  File "C:\atf-robot\Framework\web_wrappers\selenium_wrappers\Browser.py", line 278, in get_element
    raise Exception("0 elements found.")
Exception: 0 elements found.
Traceback (most recent call last):
  File "C:\atf-robot\Framework\web_wrappers\selenium_wrappers\Browser.py", line 361, in element_finder
    ByValue=self.elementAttr["BY_VALUE"])
  File "C:\atf-robot\Framework\web_wrappers\selenium_wrappers\Browser.py", line 278, in get_element
    raise Exception("0 elements found.")
Exception: 0 elements found.
Traceback (most recent call last):
  File "C:\atf-robot\Framework\web_wrappers\selenium_wrappers\Browser.py", line 361, in element_finder
    ByValue=self.elementAttr["BY_VALUE"])
  File "C:\atf-robot\Framework\web_wrappers\selenium_wrappers\Browser.py", line 278, in get_element
    raise Exception("0 elements found.")
Exception: 0 elements found.</msg>
<msg timestamp="20190911 22:04:04.025" level="INFO">Exception in thread Thread-5:
Traceback (most recent call last):
  File "C:\Python27\lib\threading.py", line 801, in __bootstrap_inner
    self.run()
  File "C:\Python27\lib\threading.py", line 754, in run
    self.__target(*self.__args, **self.__kwargs)
  File "C:\atf-robot\automation-connect-client\lib\mnh_parallel_executor.py", line 16, in parallel_login
    obj.client_login(**user)
  File "C:\atf-robot\automation-connect-client\lib\ManhattanComponent.py", line 155, in client_login
    raise Exception("ManhattanComponent error Client_login - Failed to Login to Connect Client")
Exception: ManhattanComponent error Client_login - Failed to Login to Connect Client

Exception in thread Thread-8:
Traceback (most recent call last):
  File "C:\Python27\lib\threading.py", line 801, in __bootstrap_inner
    self.run()
  File "C:\Python27\lib\threading.py", line 754, in run
    self.__target(*self.__args, **self.__kwargs)
  File "C:\atf-robot\automation-connect-client\lib\mnh_parallel_executor.py", line 16, in parallel_login
    obj.client_login(**user)
  File "C:\atf-robot\automation-connect-client\lib\ManhattanComponent.py", line 155, in client_login
    raise Exception("ManhattanComponent error Client_login - Failed to Login to Connect Client")
Exception: ManhattanComponent error Client_login - Failed to Login to Connect Client

Exception in thread Thread-7:
Traceback (most recent call last):
  File "C:\Python27\lib\threading.py", line 801, in __bootstrap_inner
    self.run()
  File "C:\Python27\lib\threading.py", line 754, in run
    self.__target(*self.__args, **self.__kwargs)
  File "C:\atf-robot\automation-connect-client\lib\mnh_parallel_executor.py", line 16, in parallel_login
    obj.client_login(**user)
  File "C:\atf-robot\automation-connect-client\lib\ManhattanComponent.py", line 155, in client_login
    raise Exception("ManhattanComponent error Client_login - Failed to Login to Connect Client")
Exception: ManhattanComponent error Client_login - Failed to Login to Connect Client

Exception in thread Thread-6:
Traceback (most recent call last):
  File "C:\Python27\lib\threading.py", line 801, in __bootstrap_inner
    self.run()
  File "C:\Python27\lib\threading.py", line 754, in run
    self.__target(*self.__args, **self.__kwargs)
  File "C:\atf-robot\automation-connect-client\lib\mnh_parallel_executor.py", line 16, in parallel_login
    obj.client_login(**user)
  File "C:\atf-robot\automation-connect-client\lib\ManhattanComponent.py", line 155, in client_login
    raise Exception("ManhattanComponent error Client_login - Failed to Login to Connect Client")
Exception: ManhattanComponent error Client_login - Failed to Login to Connect Client</msg>
<msg timestamp="20190911 22:04:04.025" level="INFO">${objects_list} = [&lt;ManhattanComponent.ManhattanComponent instance at 0x039B0378&gt;, &lt;ManhattanComponent.ManhattanComponent instance at 0x039B0DC8&gt;, &lt;ManhattanComponent.ManhattanComponent instance at 0x039B07B0&gt;, &lt;Manhat...</msg>
<status status="PASS" endtime="20190911 22:04:04.026" starttime="20190911 22:03:51.449"></status>
</kw>
<kw name="Get From List" library="Collections">
<doc>Returns the value specified with an ``index`` from ``list``.</doc>
<arguments>
<arg>${objects_list}</arg>
<arg>0</arg>
</arguments>
<assign>
<var>${client_one}</var>
</assign>
<msg timestamp="20190911 22:04:04.026" level="INFO">${client_one} = &lt;ManhattanComponent.ManhattanComponent instance at 0x039B0378&gt;</msg>
<status status="PASS" endtime="20190911 22:04:04.026" starttime="20190911 22:04:04.026"></status>
</kw>
<kw name="Get From List" library="Collections">
<doc>Returns the value specified with an ``index`` from ``list``.</doc>
<arguments>
<arg>${objects_list}</arg>
<arg>1</arg>
</arguments>
<assign>
<var>${client_two}</var>
</assign>
<msg timestamp="20190911 22:04:04.027" level="INFO">${client_two} = &lt;ManhattanComponent.ManhattanComponent instance at 0x039B0DC8&gt;</msg>
<status status="PASS" endtime="20190911 22:04:04.027" starttime="20190911 22:04:04.026"></status>
</kw>
<kw name="Get From List" library="Collections">
<doc>Returns the value specified with an ``index`` from ``list``.</doc>
<arguments>
<arg>${objects_list}</arg>
<arg>2</arg>
</arguments>
<assign>
<var>${client_three}</var>
</assign>
<msg timestamp="20190911 22:04:04.027" level="INFO">${client_three} = &lt;ManhattanComponent.ManhattanComponent instance at 0x039B07B0&gt;</msg>
<status status="PASS" endtime="20190911 22:04:04.027" starttime="20190911 22:04:04.027"></status>
</kw>
<kw name="Get From List" library="Collections">
<doc>Returns the value specified with an ``index`` from ``list``.</doc>
<arguments>
<arg>${objects_list}</arg>
<arg>3</arg>
</arguments>
<assign>
<var>${client_four}</var>
</assign>
<msg timestamp="20190911 22:04:04.028" level="INFO">${client_four} = &lt;ManhattanComponent.ManhattanComponent instance at 0x039B0AD0&gt;</msg>
<status status="PASS" endtime="20190911 22:04:04.028" starttime="20190911 22:04:04.028"></status>
</kw>
<kw name="Set Suite Variable" library="BuiltIn">
<doc>Makes a variable available everywhere within the scope of the current suite.</doc>
<arguments>
<arg>${client1}</arg>
<arg>${client_one}</arg>
</arguments>
<msg timestamp="20190911 22:04:04.030" level="INFO">${client1} = &lt;ManhattanComponent.ManhattanComponent instance at 0x039B0378&gt;</msg>
<status status="PASS" endtime="20190911 22:04:04.031" starttime="20190911 22:04:04.028"></status>
</kw>
<kw name="Set Suite Variable" library="BuiltIn">
<doc>Makes a variable available everywhere within the scope of the current suite.</doc>
<arguments>
<arg>${client2}</arg>
<arg>${client_two}</arg>
</arguments>
<msg timestamp="20190911 22:04:04.033" level="INFO">${client2} = &lt;ManhattanComponent.ManhattanComponent instance at 0x039B0DC8&gt;</msg>
<status status="PASS" endtime="20190911 22:04:04.033" starttime="20190911 22:04:04.031"></status>
</kw>
<kw name="Set Suite Variable" library="BuiltIn">
<doc>Makes a variable available everywhere within the scope of the current suite.</doc>
<arguments>
<arg>${client3}</arg>
<arg>${client_three}</arg>
</arguments>
<msg timestamp="20190911 22:04:04.035" level="INFO">${client3} = &lt;ManhattanComponent.ManhattanComponent instance at 0x039B07B0&gt;</msg>
<status status="PASS" endtime="20190911 22:04:04.035" starttime="20190911 22:04:04.033"></status>
</kw>
<kw name="Set Suite Variable" library="BuiltIn">
<doc>Makes a variable available everywhere within the scope of the current suite.</doc>
<arguments>
<arg>${client4}</arg>
<arg>${client_four}</arg>
</arguments>
<msg timestamp="20190911 22:04:04.039" level="INFO">${client4} = &lt;ManhattanComponent.ManhattanComponent instance at 0x039B0AD0&gt;</msg>
<status status="PASS" endtime="20190911 22:04:04.039" starttime="20190911 22:04:04.036"></status>
</kw>
<kw name="Call Method" library="BuiltIn">
<doc>Calls the named method of the given object with the provided arguments.</doc>
<arguments>
<arg>${client1}</arg>
<arg>cleanup_groups</arg>
</arguments>
<msg timestamp="20190911 22:04:04.039" level="INFO">cleanup_groups- Open the People tab and unmark number of users</msg>
<msg timestamp="20190911 22:04:04.039" level="INFO">{'ELEMENT_TYPE': 'span', 'BY_TYPE': 'xpath', 'BY_VALUE': "//span[contains(@class,'icon icon-dashboard-people')]"}</msg>
<msg timestamp="20190911 22:04:07.152" level="INFO">{'ELEMENT_TYPE': 'div', 'BY_TYPE': 'xpath', 'BY_VALUE': "//div[contains(text(),'Groups')]"}</msg>
<msg timestamp="20190911 22:04:07.560" level="INFO">{'ELEMENT_TYPE': 'button', 'BY_TYPE': 'xpath', 'BY_VALUE': '//button[@class="group-header-button icon icon-group-more"]'}</msg>
<msg timestamp="20190911 22:04:07.909" level="INFO">{'ELEMENT_TYPE': 'div', 'BY_TYPE': 'xpath', 'BY_VALUE': "//div[@class='editGroupItem group-edit icon icon-group-edit']"}</msg>
<msg timestamp="20190911 22:04:08.592" level="INFO">{'ELEMENT_TYPE': 'button', 'BY_TYPE': 'xpath', 'BY_VALUE': "//stc-button/button/div[@class='delete-btn']"}</msg>
<msg timestamp="20190911 22:04:08.806" level="INFO">{'ELEMENT_TYPE': 'st-dialog', 'BY_TYPE': 'xpath', 'BY_VALUE': '//st-dialog'}</msg>
<msg timestamp="20190911 22:04:08.957" level="INFO">{'ELEMENT_TYPE': 'button', 'BY_TYPE': 'xpath', 'BY_VALUE': "//div/stc-button/button[@id='delete']"}</msg>
<msg timestamp="20190911 22:04:11.070" level="INFO">{'ELEMENT_TYPE': 'span', 'BY_TYPE': 'xpath', 'BY_VALUE': "//span[contains(@class,'icon icon-dashboard-people')]"}</msg>
<status status="PASS" endtime="20190911 22:04:11.130" starttime="20190911 22:04:04.039"></status>
</kw>
<kw name="Call Method" library="BuiltIn">
<doc>Calls the named method of the given object with the provided arguments.</doc>
<arguments>
<arg>${client1}</arg>
<arg>cleanup_favorites</arg>
</arguments>
<msg timestamp="20190911 22:04:11.130" level="INFO">cleanup_favorites- Open the People tab and unmark number of users</msg>
<msg timestamp="20190911 22:04:11.130" level="INFO">{'ELEMENT_TYPE': 'span', 'BY_TYPE': 'xpath', 'BY_VALUE': "//span[contains(@class,'icon icon-dashboard-people')]"}</msg>
<msg timestamp="20190911 22:04:11.330" level="INFO">{'ELEMENT_TYPE': 'div', 'BY_TYPE': 'xpath', 'BY_VALUE': "//div[contains(text(),'Favorites')]"}</msg>
<msg timestamp="20190911 22:04:11.510" level="INFO">{'ELEMENT_TYPE': 'button', 'BY_TYPE': 'xpath', 'BY_VALUE': '//button[@class="peopleFavIcon icon icon-buttons-favorite-on"]'}</msg>
<msg timestamp="20190911 22:04:13.849" level="INFO">{'ELEMENT_TYPE': 'span', 'BY_TYPE': 'xpath', 'BY_VALUE': "//span[contains(@class,'icon icon-dashboard-people')]"}</msg>
<status status="PASS" endtime="20190911 22:04:13.938" starttime="20190911 22:04:11.130"></status>
</kw>
<status status="PASS" endtime="20190911 22:04:13.939" starttime="20190911 22:03:51.447"></status>
</kw>
<test id="s1-t1" name="tc_680529_Group_Fav_Search">
<kw name="Log" library="BuiltIn">
<doc>Logs the given message with the given level.</doc>
<arguments>
<arg>Step 2.1 --User add userB as Favorite</arg>
</arguments>
<msg timestamp="20190911 22:04:13.949" level="INFO">Step 2.1 --User add userB as Favorite</msg>
<status status="PASS" endtime="20190911 22:04:13.949" starttime="20190911 22:04:13.948"></status>
</kw>
<kw name="Create Dictionary" library="BuiltIn">
<doc>Creates and returns a dictionary based on the given ``items``.</doc>
<arguments>
<arg>peopleName=${user02.first_name} ${user02.last_name}</arg>
<arg>option=add</arg>
</arguments>
<assign>
<var>&amp;{params}</var>
</assign>
<msg timestamp="20190911 22:04:13.951" level="INFO">&amp;{params} = { peopleName=maha2 auto | option=add }</msg>
<status status="PASS" endtime="20190911 22:04:13.951" starttime="20190911 22:04:13.950"></status>
</kw>
<kw name="Call Method" library="BuiltIn">
<doc>Calls the named method of the given object with the provided arguments.</doc>
<arguments>
<arg>${client1}</arg>
<arg>add_or_delete_to_favorite_group</arg>
<arg>&amp;{params}</arg>
</arguments>
<msg timestamp="20190911 22:04:13.959" level="INFO">{'ELEMENT_TYPE': 'a', 'BY_TYPE': 'xpath', 'BY_VALUE': "//a[contains(@id,'dashboardSearch')]"}</msg>
<msg timestamp="20190911 22:04:15.064" level="INFO">{'ELEMENT_TYPE': 'input', 'BY_TYPE': 'xpath', 'BY_VALUE': "//input[contains(@id,'searchText')]"}</msg>
<msg timestamp="20190911 22:04:15.130" level="INFO">{'ELEMENT_TYPE': 'input', 'BY_TYPE': 'xpath', 'BY_VALUE': "//input[contains(@id,'searchText')]"}</msg>
<msg timestamp="20190911 22:04:15.890" level="INFO">{'ELEMENT_TYPE': 'input', 'BY_TYPE': 'xpath', 'BY_VALUE': "//input[contains(@id,'searchText')]"}</msg>
<msg timestamp="20190911 22:04:15.944" level="INFO">{'ELEMENT_TYPE': 'input', 'BY_TYPE': 'xpath', 'BY_VALUE': "//input[contains(@id,'searchText')]"}</msg>
<msg timestamp="20190911 22:04:15.999" level="INFO">{'ELEMENT_TYPE': 'input', 'BY_TYPE': 'xpath', 'BY_VALUE': "//input[contains(@id,'searchText')]"}</msg>
<msg timestamp="20190911 22:04:16.056" level="INFO">{'ELEMENT_TYPE': 'input', 'BY_TYPE': 'xpath', 'BY_VALUE': "//input[contains(@id,'searchText')]"}</msg>
<msg timestamp="20190911 22:04:16.139" level="INFO">{'ELEMENT_TYPE': 'input', 'BY_TYPE': 'xpath', 'BY_VALUE': "//input[contains(@id,'searchText')]"}</msg>
<msg timestamp="20190911 22:04:16.182" level="INFO">{'ELEMENT_TYPE': 'input', 'BY_TYPE': 'xpath', 'BY_VALUE': "//input[contains(@id,'searchText')]"}</msg>
<msg timestamp="20190911 22:04:16.225" level="INFO">{'ELEMENT_TYPE': 'input', 'BY_TYPE': 'xpath', 'BY_VALUE': "//input[contains(@id,'searchText')]"}</msg>
<msg timestamp="20190911 22:04:16.268" level="INFO">{'ELEMENT_TYPE': 'input', 'BY_TYPE': 'xpath', 'BY_VALUE': "//input[contains(@id,'searchText')]"}</msg>
<msg timestamp="20190911 22:04:16.311" level="INFO">{'ELEMENT_TYPE': 'input', 'BY_TYPE': 'xpath', 'BY_VALUE': "//input[contains(@id,'searchText')]"}</msg>
<msg timestamp="20190911 22:04:19.356" level="INFO">{'ELEMENT_TYPE': 'div', 'BY_TYPE': 'xpath', 'BY_VALUE': "//div[@class='contactName font-m']"}</msg>
<msg timestamp="20190911 22:04:19.389" level="INFO">search_people_or_extension - maha2 auto is available</msg>
<msg timestamp="20190911 22:04:23.390" level="INFO">{'ELEMENT_TYPE': 'div', 'BY_TYPE': 'xpath', 'BY_VALUE': '//div[@class="contactName font-m"]'}</msg>
<msg timestamp="20190911 22:04:23.422" level="INFO">c</msg>
<msg timestamp="20190911 22:04:23.423" level="INFO">{'ELEMENT_TYPE': 'button', 'BY_TYPE': 'xpath', 'BY_VALUE': '//button[@class="contactFavIcon icon icon-buttons-favorite"]'}</msg>
<msg timestamp="20190911 22:04:23.539" level="INFO">add_or_delete_to_favorite_group - user maha2 auto added to Favorites</msg>
<status status="PASS" endtime="20190911 22:04:23.539" starttime="20190911 22:04:13.952"></status>
</kw>
<kw name="Log" library="BuiltIn">
<doc>Logs the given message with the given level.</doc>
<arguments>
<arg>Step 2.2 --Close second panel</arg>
</arguments>
<msg timestamp="20190911 22:04:23.540" level="INFO">Step 2.2 --Close second panel</msg>
<status status="PASS" endtime="20190911 22:04:23.540" starttime="20190911 22:04:23.539"></status>
</kw>
<kw name="Create Dictionary" library="BuiltIn">
<doc>Creates and returns a dictionary based on the given ``items``.</doc>
<arguments>
<arg>panel=second_search</arg>
</arguments>
<assign>
<var>&amp;{params}</var>
</assign>
<msg timestamp="20190911 22:04:23.541" level="INFO">&amp;{params} = { panel=second_search }</msg>
<status status="PASS" endtime="20190911 22:04:23.541" starttime="20190911 22:04:23.540"></status>
</kw>
<kw name="Call Method" library="BuiltIn">
<doc>Calls the named method of the given object with the provided arguments.</doc>
<arguments>
<arg>${client1}</arg>
<arg>close_panel</arg>
<arg>&amp;{params}</arg>
</arguments>
<msg timestamp="20190911 22:04:23.542" level="INFO">close_panel- closing the panel...</msg>
<msg timestamp="20190911 22:04:23.542" level="INFO">{'ELEMENT_TYPE': 'button', 'BY_TYPE': 'xpath', 'BY_VALUE': '//div[@id="contactSearch"]/button[contains(@class,"close-panel")]'}</msg>
<msg timestamp="20190911 22:04:23.678" level="INFO">close_panel - second panel for search result closed successfully</msg>
<msg timestamp="20190911 22:04:23.678" level="INFO">close_panel- closed the panel successfully</msg>
<status status="PASS" endtime="20190911 22:04:23.678" starttime="20190911 22:04:23.541"></status>
</kw>
<kw name="Log" library="BuiltIn">
<doc>Logs the given message with the given level.</doc>
<arguments>
<arg>Step 2.3 --User add userC as Favorite</arg>
</arguments>
<msg timestamp="20190911 22:04:23.680" level="INFO">Step 2.3 --User add userC as Favorite</msg>
<status status="PASS" endtime="20190911 22:04:23.680" starttime="20190911 22:04:23.679"></status>
</kw>
<kw name="Create Dictionary" library="BuiltIn">
<doc>Creates and returns a dictionary based on the given ``items``.</doc>
<arguments>
<arg>peopleName=${user03.first_name} ${user03.last_name}</arg>
<arg>option=add</arg>
</arguments>
<assign>
<var>&amp;{params}</var>
</assign>
<msg timestamp="20190911 22:04:23.683" level="INFO">&amp;{params} = { peopleName=maha3 auto | option=add }</msg>
<status status="PASS" endtime="20190911 22:04:23.683" starttime="20190911 22:04:23.681"></status>
</kw>
<kw name="Call Method" library="BuiltIn">
<doc>Calls the named method of the given object with the provided arguments.</doc>
<arguments>
<arg>${client1}</arg>
<arg>add_or_delete_to_favorite_group</arg>
<arg>&amp;{params}</arg>
</arguments>
<msg timestamp="20190911 22:04:23.686" level="INFO">{'ELEMENT_TYPE': 'a', 'BY_TYPE': 'xpath', 'BY_VALUE': "//a[contains(@id,'dashboardSearch')]"}</msg>
<msg timestamp="20190911 22:04:24.819" level="INFO">{'ELEMENT_TYPE': 'input', 'BY_TYPE': 'xpath', 'BY_VALUE': "//input[contains(@id,'searchText')]"}</msg>
<msg timestamp="20190911 22:04:24.868" level="INFO">{'ELEMENT_TYPE': 'input', 'BY_TYPE': 'xpath', 'BY_VALUE': "//input[contains(@id,'searchText')]"}</msg>
<msg timestamp="20190911 22:04:24.949" level="INFO">{'ELEMENT_TYPE': 'input', 'BY_TYPE': 'xpath', 'BY_VALUE': "//input[contains(@id,'searchText')]"}</msg>
<msg timestamp="20190911 22:04:25.003" level="INFO">{'ELEMENT_TYPE': 'input', 'BY_TYPE': 'xpath', 'BY_VALUE': "//input[contains(@id,'searchText')]"}</msg>
<msg timestamp="20190911 22:04:25.066" level="INFO">{'ELEMENT_TYPE': 'input', 'BY_TYPE': 'xpath', 'BY_VALUE': "//input[contains(@id,'searchText')]"}</msg>
<msg timestamp="20190911 22:04:25.131" level="INFO">{'ELEMENT_TYPE': 'input', 'BY_TYPE': 'xpath', 'BY_VALUE': "//input[contains(@id,'searchText')]"}</msg>
<msg timestamp="20190911 22:04:25.194" level="INFO">{'ELEMENT_TYPE': 'input', 'BY_TYPE': 'xpath', 'BY_VALUE': "//input[contains(@id,'searchText')]"}</msg>
<msg timestamp="20190911 22:04:25.238" level="INFO">{'ELEMENT_TYPE': 'input', 'BY_TYPE': 'xpath', 'BY_VALUE': "//input[contains(@id,'searchText')]"}</msg>
<msg timestamp="20190911 22:04:25.283" level="INFO">{'ELEMENT_TYPE': 'input', 'BY_TYPE': 'xpath', 'BY_VALUE': "//input[contains(@id,'searchText')]"}</msg>
<msg timestamp="20190911 22:04:25.325" level="INFO">{'ELEMENT_TYPE': 'input', 'BY_TYPE': 'xpath', 'BY_VALUE': "//input[contains(@id,'searchText')]"}</msg>
<msg timestamp="20190911 22:04:25.370" level="INFO">{'ELEMENT_TYPE': 'input', 'BY_TYPE': 'xpath', 'BY_VALUE': "//input[contains(@id,'searchText')]"}</msg>
<msg timestamp="20190911 22:04:28.412" level="INFO">{'ELEMENT_TYPE': 'div', 'BY_TYPE': 'xpath', 'BY_VALUE': "//div[@class='contactName font-m']"}</msg>
<msg timestamp="20190911 22:04:28.437" level="INFO">search_people_or_extension - maha3 auto is available</msg>
<msg timestamp="20190911 22:04:32.437" level="INFO">{'ELEMENT_TYPE': 'div', 'BY_TYPE': 'xpath', 'BY_VALUE': '//div[@class="contactName font-m"]'}</msg>
<msg timestamp="20190911 22:04:32.474" level="INFO">click_favorite_button </msg>
<msg timestamp="20190911 22:04:32.474" level="INFO">{'ELEMENT_TYPE': 'button', 'BY_TYPE': 'xpath', 'BY_VALUE': '//button[@class="contactFavIcon icon icon-buttons-favorite"]'}</msg>
<msg timestamp="20190911 22:04:33.436" level="ERROR">click_favorite_button - error while clicking favorite button (&lt;type 'exceptions.UnboundLocalError'&gt;, UnboundLocalError("local variable 'indexUser' referenced before assignment",), &lt;traceback object at 0x047C6788&gt;)</msg>
<msg timestamp="20190911 22:04:33.436" level="ERROR">add_or_delete_to_favorite_group - unable to add or delete user to Favorites(&lt;type 'exceptions.UnboundLocalError'&gt;, UnboundLocalError("local variable 'indexUser' referenced before assignment",), &lt;traceback object at 0x047C6BE8&gt;)</msg>
<msg timestamp="20190911 22:04:33.437" level="FAIL">Calling method 'add_or_delete_to_favorite_group' failed: ManhattanComponent error add_or_delete_to_favorite_group failed</msg>
<status status="FAIL" endtime="20190911 22:04:33.437" starttime="20190911 22:04:23.685"></status>
</kw>
<kw type="teardown" name="Run Keyword Unless" library="BuiltIn">
<doc>Runs the given keyword with the given arguments if ``condition`` is false.</doc>
<arguments>
<arg>'${TEST STATUS}'=='PASS'</arg>
<arg>Test case PostCondition</arg>
</arguments>
<kw name="Test case PostCondition">
<kw name="Run Keyword" library="BuiltIn">
<doc>Executes the given keyword with the given arguments.</doc>
<arguments>
<arg>Delete Contact</arg>
</arguments>
<kw name="Delete Contact">
<kw name="Call Method" library="BuiltIn">
<doc>Calls the named method of the given object with the provided arguments.</doc>
<arguments>
<arg>${client1}</arg>
<arg>cleanup_groups</arg>
</arguments>
<msg timestamp="20190911 22:04:33.440" level="INFO">cleanup_groups- Open the People tab and unmark number of users</msg>
<msg timestamp="20190911 22:04:33.440" level="INFO">{'ELEMENT_TYPE': 'span', 'BY_TYPE': 'xpath', 'BY_VALUE': "//span[contains(@class,'icon icon-dashboard-people')]"}</msg>
<msg timestamp="20190911 22:04:33.706" level="INFO">{'ELEMENT_TYPE': 'div', 'BY_TYPE': 'xpath', 'BY_VALUE': "//div[contains(text(),'Groups')]"}</msg>
<msg timestamp="20190911 22:04:33.888" level="INFO">{'ELEMENT_TYPE': 'button', 'BY_TYPE': 'xpath', 'BY_VALUE': '//button[@class="group-header-button icon icon-group-more"]'}</msg>
<msg timestamp="20190911 22:04:36.924" level="INFO">{'ELEMENT_TYPE': 'span', 'BY_TYPE': 'xpath', 'BY_VALUE': "//span[contains(@class,'icon icon-dashboard-people')]"}</msg>
<status status="PASS" endtime="20190911 22:04:37.024" starttime="20190911 22:04:33.440"></status>
</kw>
<kw name="Call Method" library="BuiltIn">
<doc>Calls the named method of the given object with the provided arguments.</doc>
<arguments>
<arg>${client1}</arg>
<arg>cleanup_favorites</arg>
</arguments>
<msg timestamp="20190911 22:04:37.025" level="INFO">cleanup_favorites- Open the People tab and unmark number of users</msg>
<msg timestamp="20190911 22:04:37.025" level="INFO">{'ELEMENT_TYPE': 'span', 'BY_TYPE': 'xpath', 'BY_VALUE': "//span[contains(@class,'icon icon-dashboard-people')]"}</msg>
<msg timestamp="20190911 22:04:37.189" level="INFO">{'ELEMENT_TYPE': 'div', 'BY_TYPE': 'xpath', 'BY_VALUE': "//div[contains(text(),'Favorites')]"}</msg>
<msg timestamp="20190911 22:04:37.328" level="INFO">{'ELEMENT_TYPE': 'button', 'BY_TYPE': 'xpath', 'BY_VALUE': '//button[@class="peopleFavIcon icon icon-buttons-favorite-on"]'}</msg>
<msg timestamp="20190911 22:04:39.714" level="INFO">{'ELEMENT_TYPE': 'span', 'BY_TYPE': 'xpath', 'BY_VALUE': "//span[contains(@class,'icon icon-dashboard-people')]"}</msg>
<status status="PASS" endtime="20190911 22:04:39.817" starttime="20190911 22:04:37.024"></status>
</kw>
<status status="PASS" endtime="20190911 22:04:39.817" starttime="20190911 22:04:33.439"></status>
</kw>
<status status="PASS" endtime="20190911 22:04:39.817" starttime="20190911 22:04:33.439"></status>
</kw>
<kw name="Create Dictionary" library="BuiltIn">
<doc>Creates and returns a dictionary based on the given ``items``.</doc>
<arguments>
<arg>client_count=4</arg>
</arguments>
<assign>
<var>&amp;{params}</var>
</assign>
<msg timestamp="20190911 22:04:39.818" level="INFO">&amp;{params} = { client_count=4 }</msg>
<status status="PASS" endtime="20190911 22:04:39.818" starttime="20190911 22:04:39.817"></status>
</kw>
<kw name="End Calls" library="mnh_parallel_executor">
<arguments>
<arg>&amp;{params}</arg>
</arguments>
<status status="PASS" endtime="20190911 22:04:42.921" starttime="20190911 22:04:39.818"></status>
</kw>
<status status="PASS" endtime="20190911 22:04:42.921" starttime="20190911 22:04:33.439"></status>
</kw>
<status status="PASS" endtime="20190911 22:04:42.921" starttime="20190911 22:04:33.438"></status>
</kw>
<tags>
<tag>Contact_Feature</tag>
<tag>P3</tag>
</tags>
<status status="FAIL" endtime="20190911 22:04:42.922" critical="yes" starttime="20190911 22:04:13.939">Calling method 'add_or_delete_to_favorite_group' failed: ManhattanComponent error add_or_delete_to_favorite_group failed</status>
</test>
<test id="s1-t2" name="tc_680710_Large_A_view_and_small_a_view_in_groups_tab">
<kw name="Log" library="BuiltIn">
<doc>Logs the given message with the given level.</doc>
<arguments>
<arg>Pre-requiste--open people tab</arg>
</arguments>
<msg timestamp="20190911 22:04:42.927" level="INFO">Pre-requiste--open people tab</msg>
<status status="PASS" endtime="20190911 22:04:42.927" starttime="20190911 22:04:42.926"></status>
</kw>
<kw name="Create Dictionary" library="BuiltIn">
<doc>Creates and returns a dictionary based on the given ``items``.</doc>
<arguments>
<arg>option=people</arg>
</arguments>
<assign>
<var>&amp;{params}</var>
</assign>
<msg timestamp="20190911 22:04:42.928" level="INFO">&amp;{params} = { option=people }</msg>
<status status="PASS" endtime="20190911 22:04:42.928" starttime="20190911 22:04:42.927"></status>
</kw>
<kw name="Call Method" library="BuiltIn">
<doc>Calls the named method of the given object with the provided arguments.</doc>
<arguments>
<arg>${client1}</arg>
<arg>invoke_dashboard_tab</arg>
<arg>&amp;{params}</arg>
</arguments>
<msg timestamp="20190911 22:04:42.929" level="INFO">{'ELEMENT_TYPE': 'span', 'BY_TYPE': 'xpath', 'BY_VALUE': "//span[contains(@class,'icon icon-dashboard-people')]"}</msg>
<msg timestamp="20190911 22:04:44.103" level="INFO">{'ELEMENT_TYPE': 'div', 'BY_TYPE': 'xpath', 'BY_VALUE': "//div[contains(text(),'Groups')]"}</msg>
<msg timestamp="20190911 22:04:44.166" level="INFO">Clicked on People tab</msg>
<msg timestamp="20190911 22:04:44.166" level="INFO">invoke_dashboard_tab - People tab opened successfully</msg>
<status status="PASS" endtime="20190911 22:04:44.167" starttime="20190911 22:04:42.928"></status>
</kw>
<kw name="Create Dictionary" library="BuiltIn">
<doc>Creates and returns a dictionary based on the given ``items``.</doc>
<arguments>
<arg>option=list</arg>
</arguments>
<assign>
<var>&amp;{params}</var>
</assign>
<msg timestamp="20190911 22:04:44.168" level="INFO">&amp;{params} = { option=list }</msg>
<status status="PASS" endtime="20190911 22:04:44.168" starttime="20190911 22:04:44.167"></status>
</kw>
<kw name="Call Method" library="BuiltIn">
<doc>Calls the named method of the given object with the provided arguments.</doc>
<arguments>
<arg>${client1}</arg>
<arg>select_people_view</arg>
<arg>&amp;{params}</arg>
</arguments>
<msg timestamp="20190911 22:04:44.169" level="INFO">select_people_view - shifting from big A to small a or vice versa</msg>
<msg timestamp="20190911 22:04:44.169" level="INFO">{'ELEMENT_TYPE': 'span', 'BY_TYPE': 'xpath', 'BY_VALUE': "//span[contains(@class,'listIcon')]"}</msg>
<msg timestamp="20190911 22:04:44.201" level="INFO">('element_not_displayed len -- ', 1)</msg>
<status status="PASS" endtime="20190911 22:04:44.201" starttime="20190911 22:04:44.168"></status>
</kw>
<kw name="Log" library="BuiltIn">
<doc>Logs the given message with the given level.</doc>
<arguments>
<arg>Step 2.1 --create new groups : groupA, groupB, groupC, groupD, groupE</arg>
</arguments>
<msg timestamp="20190911 22:04:44.202" level="INFO">Step 2.1 --create new groups : groupA, groupB, groupC, groupD, groupE</msg>
<status status="PASS" endtime="20190911 22:04:44.202" starttime="20190911 22:04:44.201"></status>
</kw>
<kw name="Create Dictionary" library="BuiltIn">
<doc>Creates and returns a dictionary based on the given ``items``.</doc>
<arguments>
<arg>groupName=groupA</arg>
<arg>choice=save</arg>
<arg>contact1=${user02.first_name} ${user02.last_name}</arg>
<arg>contact2=${user03.first_name} ${user03.last_name}</arg>
</arguments>
<assign>
<var>&amp;{params}</var>
</assign>
<msg timestamp="20190911 22:04:44.203" level="INFO">&amp;{params} = { groupName=groupA | choice=save | contact1=maha2 auto | contact2=maha3 auto }</msg>
<status status="PASS" endtime="20190911 22:04:44.204" starttime="20190911 22:04:44.202"></status>
</kw>
<kw name="Call Method" library="BuiltIn">
<doc>Calls the named method of the given object with the provided arguments.</doc>
<arguments>
<arg>${client1}</arg>
<arg>create_new_group</arg>
<arg>&amp;{params}</arg>
</arguments>
<msg timestamp="20190911 22:04:44.205" level="INFO">{'ELEMENT_TYPE': 'button', 'BY_TYPE': 'xpath', 'BY_VALUE': '//st-panel[contains(@class,\'panelB\')]/*/button[contains(@class,"close-panel")]'}</msg>
<msg timestamp="20190911 22:04:47.221" level="INFO">{'ELEMENT_TYPE': 'button', 'BY_TYPE': 'xpath', 'BY_VALUE': '//st-panel[contains(@class,\'panelB\')]/*/button[contains(@class,"close-panel")]'}</msg>
<msg timestamp="20190911 22:04:50.267" level="INFO">{'ELEMENT_TYPE': 'div', 'BY_TYPE': 'xpath', 'BY_VALUE': "//div[contains(text(),'Groups')]"}</msg>
<msg timestamp="20190911 22:04:52.408" level="INFO">{'ELEMENT_TYPE': 'div', 'BY_TYPE': 'xpath', 'BY_VALUE': "//div[contains(text(),'Groups')]"}</msg>
<msg timestamp="20190911 22:04:52.464" level="INFO">{'ELEMENT_TYPE': 'div', 'BY_TYPE': 'xpath', 'BY_VALUE': "//div[contains(@class,'group-header ui-draggable')]"}</msg>
<msg timestamp="20190911 22:04:55.506" level="INFO"> delete_group - No Such Group Present</msg>
<msg timestamp="20190911 22:04:55.506" level="INFO">delete_group - group groupA deleted successfully</msg>
<msg timestamp="20190911 22:04:55.506" level="INFO">{'ELEMENT_TYPE': 'div', 'BY_TYPE': 'xpath', 'BY_VALUE': "//div[contains(text(),'Groups')]"}</msg>
<msg timestamp="20190911 22:04:56.055" level="INFO">{'ELEMENT_TYPE': 'a', 'BY_TYPE': 'xpath', 'BY_VALUE': "//a[contains(@class, 'add')]"}</msg>
<msg timestamp="20190911 22:04:59.159" level="INFO">{'ELEMENT_TYPE': 'div', 'BY_TYPE': 'xpath', 'BY_VALUE': "//div[contains(text(),'Add Group')]"}</msg>
<msg timestamp="20190911 22:04:59.390" level="INFO">add_new_group_button - creating new group</msg>
<msg timestamp="20190911 22:04:59.390" level="INFO">{'ELEMENT_TYPE': 'input', 'BY_TYPE': 'xpath', 'BY_VALUE': "//input[contains(@can-value,'{group.name}')]"}</msg>
<msg timestamp="20190911 22:05:01.587" level="INFO">{'ELEMENT_TYPE': 'st-autosuggest', 'BY_TYPE': 'xpath', 'BY_VALUE': "//div[@class='memberlist']/st-autosuggest/div/div/input"}</msg>
<msg timestamp="20190911 22:05:03.760" level="INFO">{'ELEMENT_TYPE': 'ul', 'BY_TYPE': 'xpath', 'BY_VALUE': "//ul[contains(@class,'user-suggestion-wrap')]/li[1]"}</msg>
<msg timestamp="20190911 22:05:07.375" level="INFO">{'ELEMENT_TYPE': 'st-autosuggest', 'BY_TYPE': 'xpath', 'BY_VALUE': "//div[@class='memberlist']/st-autosuggest/div/div/input"}</msg>
<msg timestamp="20190911 22:05:09.512" level="INFO">{'ELEMENT_TYPE': 'ul', 'BY_TYPE': 'xpath', 'BY_VALUE': "//ul[contains(@class,'user-suggestion-wrap')]/li[1]"}</msg>
<msg timestamp="20190911 22:05:10.707" level="INFO">{'ELEMENT_TYPE': 'span', 'BY_TYPE': 'xpath', 'BY_VALUE': "//stc-button/button[contains(@class,'submit')]"}</msg>
<msg timestamp="20190911 22:05:10.820" level="INFO">add_new_group - clicked on save button</msg>
<msg timestamp="20190911 22:05:11.820" level="INFO">create_new_group - group groupA added</msg>
<msg timestamp="20190911 22:05:11.820" level="INFO">('element_not_displayed len -- ', 0)
('element_not_displayed len -- ', 0)
[u'maha2 auto', u'maha3 auto']</msg>
<status status="PASS" endtime="20190911 22:05:11.820" starttime="20190911 22:04:44.204"></status>
</kw>
<kw name="Create Dictionary" library="BuiltIn">
<doc>Creates and returns a dictionary based on the given ``items``.</doc>
<arguments>
<arg>groupName=groupB</arg>
<arg>choice=save</arg>
<arg>contact1=${user02.first_name} ${user02.last_name}</arg>
<arg>contact2=${user03.first_name} ${user03.last_name}</arg>
</arguments>
<assign>
<var>&amp;{params}</var>
</assign>
<msg timestamp="20190911 22:05:11.822" level="INFO">&amp;{params} = { groupName=groupB | choice=save | contact1=maha2 auto | contact2=maha3 auto }</msg>
<status status="PASS" endtime="20190911 22:05:11.822" starttime="20190911 22:05:11.821"></status>
</kw>
<kw name="Call Method" library="BuiltIn">
<doc>Calls the named method of the given object with the provided arguments.</doc>
<arguments>
<arg>${client1}</arg>
<arg>create_new_group</arg>
<arg>&amp;{params}</arg>
</arguments>
<msg timestamp="20190911 22:05:11.824" level="INFO">{'ELEMENT_TYPE': 'button', 'BY_TYPE': 'xpath', 'BY_VALUE': '//st-panel[contains(@class,\'panelB\')]/*/button[contains(@class,"close-panel")]'}</msg>
<msg timestamp="20190911 22:05:14.851" level="INFO">{'ELEMENT_TYPE': 'button', 'BY_TYPE': 'xpath', 'BY_VALUE': '//st-panel[contains(@class,\'panelB\')]/*/button[contains(@class,"close-panel")]'}</msg>
<msg timestamp="20190911 22:05:17.905" level="INFO">{'ELEMENT_TYPE': 'div', 'BY_TYPE': 'xpath', 'BY_VALUE': "//div[contains(text(),'Groups')]"}</msg>
<msg timestamp="20190911 22:05:20.021" level="INFO">{'ELEMENT_TYPE': 'div', 'BY_TYPE': 'xpath', 'BY_VALUE': "//div[contains(text(),'Groups')]"}</msg>
<msg timestamp="20190911 22:05:20.065" level="INFO">{'ELEMENT_TYPE': 'div', 'BY_TYPE': 'xpath', 'BY_VALUE': "//div[contains(@class,'group-header ui-draggable')]"}</msg>
<msg timestamp="20190911 22:05:20.141" level="INFO"> delete_group - No Such Group Present</msg>
<msg timestamp="20190911 22:05:20.141" level="INFO">delete_group - group groupB deleted successfully</msg>
<msg timestamp="20190911 22:05:20.141" level="INFO">{'ELEMENT_TYPE': 'div', 'BY_TYPE': 'xpath', 'BY_VALUE': "//div[contains(text(),'Groups')]"}</msg>
<msg timestamp="20190911 22:05:20.687" level="INFO">{'ELEMENT_TYPE': 'a', 'BY_TYPE': 'xpath', 'BY_VALUE': "//a[contains(@class, 'add')]"}</msg>
<msg timestamp="20190911 22:05:23.799" level="INFO">{'ELEMENT_TYPE': 'div', 'BY_TYPE': 'xpath', 'BY_VALUE': "//div[contains(text(),'Add Group')]"}</msg>
<msg timestamp="20190911 22:05:24.046" level="INFO">add_new_group_button - creating new group</msg>
<msg timestamp="20190911 22:05:24.047" level="INFO">{'ELEMENT_TYPE': 'input', 'BY_TYPE': 'xpath', 'BY_VALUE': "//input[contains(@can-value,'{group.name}')]"}</msg>
<msg timestamp="20190911 22:05:26.252" level="INFO">{'ELEMENT_TYPE': 'st-autosuggest', 'BY_TYPE': 'xpath', 'BY_VALUE': "//div[@class='memberlist']/st-autosuggest/div/div/input"}</msg>
<msg timestamp="20190911 22:05:28.426" level="INFO">{'ELEMENT_TYPE': 'ul', 'BY_TYPE': 'xpath', 'BY_VALUE': "//ul[contains(@class,'user-suggestion-wrap')]/li[1]"}</msg>
<msg timestamp="20190911 22:05:29.646" level="INFO">{'ELEMENT_TYPE': 'st-autosuggest', 'BY_TYPE': 'xpath', 'BY_VALUE': "//div[@class='memberlist']/st-autosuggest/div/div/input"}</msg>
<msg timestamp="20190911 22:05:31.792" level="INFO">{'ELEMENT_TYPE': 'ul', 'BY_TYPE': 'xpath', 'BY_VALUE': "//ul[contains(@class,'user-suggestion-wrap')]/li[1]"}</msg>
<msg timestamp="20190911 22:05:32.929" level="INFO">{'ELEMENT_TYPE': 'span', 'BY_TYPE': 'xpath', 'BY_VALUE': "//stc-button/button[contains(@class,'submit')]"}</msg>
<msg timestamp="20190911 22:05:33.035" level="INFO">add_new_group - clicked on save button</msg>
<msg timestamp="20190911 22:05:34.035" level="INFO">create_new_group - group groupB added</msg>
<msg timestamp="20190911 22:05:34.035" level="INFO">('element_not_displayed len -- ', 0)
('element_not_displayed len -- ', 0)
[u'maha2 auto', u'maha3 auto']</msg>
<status status="PASS" endtime="20190911 22:05:34.035" starttime="20190911 22:05:11.823"></status>
</kw>
<kw name="Create Dictionary" library="BuiltIn">
<doc>Creates and returns a dictionary based on the given ``items``.</doc>
<arguments>
<arg>groupName=groupC</arg>
<arg>choice=save</arg>
<arg>contact1=${user02.first_name} ${user02.last_name}</arg>
<arg>contact2=${user03.first_name} ${user03.last_name}</arg>
</arguments>
<assign>
<var>&amp;{params}</var>
</assign>
<msg timestamp="20190911 22:05:34.037" level="INFO">&amp;{params} = { groupName=groupC | choice=save | contact1=maha2 auto | contact2=maha3 auto }</msg>
<status status="PASS" endtime="20190911 22:05:34.037" starttime="20190911 22:05:34.036"></status>
</kw>
<kw name="Call Method" library="BuiltIn">
<doc>Calls the named method of the given object with the provided arguments.</doc>
<arguments>
<arg>${client1}</arg>
<arg>create_new_group</arg>
<arg>&amp;{params}</arg>
</arguments>
<msg timestamp="20190911 22:05:34.038" level="INFO">{'ELEMENT_TYPE': 'button', 'BY_TYPE': 'xpath', 'BY_VALUE': '//st-panel[contains(@class,\'panelB\')]/*/button[contains(@class,"close-panel")]'}</msg>
<msg timestamp="20190911 22:05:37.096" level="INFO">{'ELEMENT_TYPE': 'button', 'BY_TYPE': 'xpath', 'BY_VALUE': '//st-panel[contains(@class,\'panelB\')]/*/button[contains(@class,"close-panel")]'}</msg>
<msg timestamp="20190911 22:05:40.111" level="INFO">{'ELEMENT_TYPE': 'div', 'BY_TYPE': 'xpath', 'BY_VALUE': "//div[contains(text(),'Groups')]"}</msg>
<msg timestamp="20190911 22:05:42.231" level="INFO">{'ELEMENT_TYPE': 'div', 'BY_TYPE': 'xpath', 'BY_VALUE': "//div[contains(text(),'Groups')]"}</msg>
<msg timestamp="20190911 22:05:42.291" level="INFO">{'ELEMENT_TYPE': 'div', 'BY_TYPE': 'xpath', 'BY_VALUE': "//div[contains(@class,'group-header ui-draggable')]"}</msg>
<msg timestamp="20190911 22:05:42.414" level="INFO"> delete_group - No Such Group Present</msg>
<msg timestamp="20190911 22:05:42.414" level="INFO">delete_group - group groupC deleted successfully</msg>
<msg timestamp="20190911 22:05:42.415" level="INFO">{'ELEMENT_TYPE': 'div', 'BY_TYPE': 'xpath', 'BY_VALUE': "//div[contains(text(),'Groups')]"}</msg>
<msg timestamp="20190911 22:05:42.974" level="INFO">{'ELEMENT_TYPE': 'a', 'BY_TYPE': 'xpath', 'BY_VALUE': "//a[contains(@class, 'add')]"}</msg>
<msg timestamp="20190911 22:05:46.078" level="INFO">{'ELEMENT_TYPE': 'div', 'BY_TYPE': 'xpath', 'BY_VALUE': "//div[contains(text(),'Add Group')]"}</msg>
<msg timestamp="20190911 22:05:46.307" level="INFO">add_new_group_button - creating new group</msg>
<msg timestamp="20190911 22:05:46.308" level="INFO">{'ELEMENT_TYPE': 'input', 'BY_TYPE': 'xpath', 'BY_VALUE': "//input[contains(@can-value,'{group.name}')]"}</msg>
<msg timestamp="20190911 22:05:48.496" level="INFO">{'ELEMENT_TYPE': 'st-autosuggest', 'BY_TYPE': 'xpath', 'BY_VALUE': "//div[@class='memberlist']/st-autosuggest/div/div/input"}</msg>
<msg timestamp="20190911 22:05:50.674" level="INFO">{'ELEMENT_TYPE': 'ul', 'BY_TYPE': 'xpath', 'BY_VALUE': "//ul[contains(@class,'user-suggestion-wrap')]/li[1]"}</msg>
<msg timestamp="20190911 22:05:52.977" level="INFO">{'ELEMENT_TYPE': 'st-autosuggest', 'BY_TYPE': 'xpath', 'BY_VALUE': "//div[@class='memberlist']/st-autosuggest/div/div/input"}</msg>
<msg timestamp="20190911 22:05:55.113" level="INFO">{'ELEMENT_TYPE': 'ul', 'BY_TYPE': 'xpath', 'BY_VALUE': "//ul[contains(@class,'user-suggestion-wrap')]/li[1]"}</msg>
<msg timestamp="20190911 22:05:57.295" level="INFO">{'ELEMENT_TYPE': 'span', 'BY_TYPE': 'xpath', 'BY_VALUE': "//stc-button/button[contains(@class,'submit')]"}</msg>
<msg timestamp="20190911 22:05:57.417" level="INFO">add_new_group - clicked on save button</msg>
<msg timestamp="20190911 22:05:58.417" level="INFO">create_new_group - group groupC added</msg>
<msg timestamp="20190911 22:05:58.417" level="INFO">('element_not_displayed len -- ', 0)
('element_not_displayed len -- ', 0)
[u'maha2 auto', u'maha3 auto']</msg>
<status status="PASS" endtime="20190911 22:05:58.417" starttime="20190911 22:05:34.038"></status>
</kw>
<kw name="Log" library="BuiltIn">
<doc>Logs the given message with the given level.</doc>
<arguments>
<arg>Step 2.2 --check created groups</arg>
</arguments>
<msg timestamp="20190911 22:05:58.418" level="INFO">Step 2.2 --check created groups</msg>
<status status="PASS" endtime="20190911 22:05:58.418" starttime="20190911 22:05:58.418"></status>
</kw>
<kw name="Create Dictionary" library="BuiltIn">
<doc>Creates and returns a dictionary based on the given ``items``.</doc>
<arguments>
<arg>groupName1=groupA</arg>
<arg>groupName2=groupB</arg>
<arg>groupName3=groupC</arg>
</arguments>
<assign>
<var>&amp;{params}</var>
</assign>
<msg timestamp="20190911 22:05:58.419" level="INFO">&amp;{params} = { groupName1=groupA | groupName2=groupB | groupName3=groupC }</msg>
<status status="PASS" endtime="20190911 22:05:58.419" starttime="20190911 22:05:58.419"></status>
</kw>
<kw name="Call Method" library="BuiltIn">
<doc>Calls the named method of the given object with the provided arguments.</doc>
<arguments>
<arg>${client1}</arg>
<arg>check_created_group</arg>
<arg>&amp;{params}</arg>
</arguments>
<msg timestamp="20190911 22:05:58.420" level="INFO">{'ELEMENT_TYPE': 'div', 'BY_TYPE': 'xpath', 'BY_VALUE': "//div[contains(@class,'group-header ui-draggable')]"}</msg>
<msg timestamp="20190911 22:05:58.534" level="INFO">verify_groups_name - group name:groupB is present</msg>
<msg timestamp="20190911 22:05:58.591" level="INFO">verify_groups_name - group name:groupA is present</msg>
<msg timestamp="20190911 22:05:58.591" level="ERROR">check_created_group - Error in searching persons (&lt;type 'exceptions.TypeError'&gt;, TypeError('exceptions must be old-style classes or derived from BaseException, not NoneType',), &lt;traceback object at 0x047CD580&gt;)</msg>
<msg timestamp="20190911 22:05:58.592" level="INFO">Group name is found
Group name is found</msg>
<msg timestamp="20190911 22:05:58.592" level="FAIL">Calling method 'check_created_group' failed: TypeError: exceptions must be old-style classes or derived from BaseException, not NoneType</msg>
<status status="FAIL" endtime="20190911 22:05:58.592" starttime="20190911 22:05:58.420"></status>
</kw>
<kw type="teardown" name="Run Keyword Unless" library="BuiltIn">
<doc>Runs the given keyword with the given arguments if ``condition`` is false.</doc>
<arguments>
<arg>'${TEST STATUS}'=='PASS'</arg>
<arg>Test case PostCondition</arg>
</arguments>
<kw name="Test case PostCondition">
<kw name="Run Keyword" library="BuiltIn">
<doc>Executes the given keyword with the given arguments.</doc>
<arguments>
<arg>Delete Contact</arg>
</arguments>
<kw name="Delete Contact">
<kw name="Call Method" library="BuiltIn">
<doc>Calls the named method of the given object with the provided arguments.</doc>
<arguments>
<arg>${client1}</arg>
<arg>cleanup_groups</arg>
</arguments>
<msg timestamp="20190911 22:05:58.595" level="INFO">cleanup_groups- Open the People tab and unmark number of users</msg>
<msg timestamp="20190911 22:05:58.595" level="INFO">{'ELEMENT_TYPE': 'span', 'BY_TYPE': 'xpath', 'BY_VALUE': "//span[contains(@class,'icon icon-dashboard-people')]"}</msg>
<msg timestamp="20190911 22:05:58.699" level="INFO">{'ELEMENT_TYPE': 'div', 'BY_TYPE': 'xpath', 'BY_VALUE': "//div[contains(text(),'Groups')]"}</msg>
<msg timestamp="20190911 22:06:01.827" level="ERROR">cleanup_groups- Failed to open People tab(&lt;type 'exceptions.AssertionError'&gt;, AssertionError('Browser- element_finder - No element returned for provided locator: peoples_group',), &lt;traceback object at 0x047C7828&gt;)</msg>
<msg timestamp="20190911 22:06:01.828" level="INFO">Traceback (most recent call last):
  File "C:\atf-robot\Framework\web_wrappers\selenium_wrappers\Browser.py", line 361, in element_finder
    ByValue=self.elementAttr["BY_VALUE"])
  File "C:\atf-robot\Framework\web_wrappers\selenium_wrappers\Browser.py", line 278, in get_element
    raise Exception("0 elements found.")
Exception: 0 elements found.</msg>
<status status="PASS" endtime="20190911 22:06:01.828" starttime="20190911 22:05:58.594"></status>
</kw>
<kw name="Call Method" library="BuiltIn">
<doc>Calls the named method of the given object with the provided arguments.</doc>
<arguments>
<arg>${client1}</arg>
<arg>cleanup_favorites</arg>
</arguments>
<msg timestamp="20190911 22:06:01.829" level="INFO">cleanup_favorites- Open the People tab and unmark number of users</msg>
<msg timestamp="20190911 22:06:01.829" level="INFO">{'ELEMENT_TYPE': 'span', 'BY_TYPE': 'xpath', 'BY_VALUE': "//span[contains(@class,'icon icon-dashboard-people')]"}</msg>
<msg timestamp="20190911 22:06:01.996" level="INFO">{'ELEMENT_TYPE': 'div', 'BY_TYPE': 'xpath', 'BY_VALUE': "//div[contains(text(),'Favorites')]"}</msg>
<msg timestamp="20190911 22:06:02.175" level="INFO">{'ELEMENT_TYPE': 'button', 'BY_TYPE': 'xpath', 'BY_VALUE': '//button[@class="peopleFavIcon icon icon-buttons-favorite-on"]'}</msg>
<msg timestamp="20190911 22:06:05.704" level="INFO">{'ELEMENT_TYPE': 'span', 'BY_TYPE': 'xpath', 'BY_VALUE': '//span[@class="icon  listIcon "]'}</msg>
<msg timestamp="20190911 22:06:05.764" level="INFO">{'ELEMENT_TYPE': 'button', 'BY_TYPE': 'xpath', 'BY_VALUE': '//button[@class="peopleFavIcon icon icon-buttons-favorite-on"]'}</msg>
<msg timestamp="20190911 22:06:08.808" level="INFO">{'ELEMENT_TYPE': 'span', 'BY_TYPE': 'xpath', 'BY_VALUE': "//span[contains(@class,'icon icon-dashboard-people')]"}</msg>
<status status="PASS" endtime="20190911 22:06:08.915" starttime="20190911 22:06:01.829"></status>
</kw>
<status status="PASS" endtime="20190911 22:06:08.915" starttime="20190911 22:05:58.594"></status>
</kw>
<status status="PASS" endtime="20190911 22:06:08.915" starttime="20190911 22:05:58.594"></status>
</kw>
<kw name="Create Dictionary" library="BuiltIn">
<doc>Creates and returns a dictionary based on the given ``items``.</doc>
<arguments>
<arg>client_count=4</arg>
</arguments>
<assign>
<var>&amp;{params}</var>
</assign>
<msg timestamp="20190911 22:06:08.916" level="INFO">&amp;{params} = { client_count=4 }</msg>
<status status="PASS" endtime="20190911 22:06:08.916" starttime="20190911 22:06:08.916"></status>
</kw>
<kw name="End Calls" library="mnh_parallel_executor">
<arguments>
<arg>&amp;{params}</arg>
</arguments>
<status status="PASS" endtime="20190911 22:06:12.005" starttime="20190911 22:06:08.916"></status>
</kw>
<status status="PASS" endtime="20190911 22:06:12.006" starttime="20190911 22:05:58.593"></status>
</kw>
<status status="PASS" endtime="20190911 22:06:12.006" starttime="20190911 22:05:58.593"></status>
</kw>
<tags>
<tag>Contact_Feature</tag>
<tag>P3</tag>
</tags>
<status status="FAIL" endtime="20190911 22:06:12.006" critical="yes" starttime="20190911 22:04:42.925">Calling method 'check_created_group' failed: TypeError: exceptions must be old-style classes or derived from BaseException, not NoneType</status>
</test>
<kw type="teardown" name="Suite case PostCondition">
<kw name="Create Dictionary" library="BuiltIn">
<doc>Creates and returns a dictionary based on the given ``items``.</doc>
<arguments>
<arg>params=4</arg>
</arguments>
<assign>
<var>&amp;{params}</var>
</assign>
<msg timestamp="20190911 22:06:12.010" level="INFO">&amp;{params} = { params=4 }</msg>
<status status="PASS" endtime="20190911 22:06:12.010" starttime="20190911 22:06:12.010"></status>
</kw>
<kw name="Close Applications" library="mnh_parallel_executor">
<arguments>
<arg>&amp;{params}</arg>
</arguments>
<status status="PASS" endtime="20190911 22:06:12.958" starttime="20190911 22:06:12.011"></status>
</kw>
<status status="PASS" endtime="20190911 22:06:12.959" starttime="20190911 22:06:12.009"></status>
</kw>
<doc>Call-Control-Feature
Shailashree
Comments:</doc>
<status status="FAIL" endtime="20190911 22:06:12.959" starttime="20190911 22:03:50.944"></status>
</suite>
<statistics>
<total>
<stat fail="2" pass="0">Critical Tests</stat>
<stat fail="2" pass="0">All Tests</stat>
</total>
<tag>
<stat fail="2" pass="0">Contact_Feature</stat>
<stat fail="2" pass="0">P3</stat>
</tag>
<suite>
<stat fail="2" id="s1" name="Contact Feature 5to10 TC" pass="0">Contact Feature 5to10 TC</stat>
</suite>
</statistics>
<errors>
<msg timestamp="20190911 22:04:33.436" level="ERROR">click_favorite_button - error while clicking favorite button (&lt;type 'exceptions.UnboundLocalError'&gt;, UnboundLocalError("local variable 'indexUser' referenced before assignment",), &lt;traceback object at 0x047C6788&gt;)</msg>
<msg timestamp="20190911 22:04:33.436" level="ERROR">add_or_delete_to_favorite_group - unable to add or delete user to Favorites(&lt;type 'exceptions.UnboundLocalError'&gt;, UnboundLocalError("local variable 'indexUser' referenced before assignment",), &lt;traceback object at 0x047C6BE8&gt;)</msg>
<msg timestamp="20190911 22:05:58.591" level="ERROR">check_created_group - Error in searching persons (&lt;type 'exceptions.TypeError'&gt;, TypeError('exceptions must be old-style classes or derived from BaseException, not NoneType',), &lt;traceback object at 0x047CD580&gt;)</msg>
<msg timestamp="20190911 22:06:01.827" level="ERROR">cleanup_groups- Failed to open People tab(&lt;type 'exceptions.AssertionError'&gt;, AssertionError('Browser- element_finder - No element returned for provided locator: peoples_group',), &lt;traceback object at 0x047C7828&gt;)</msg>
</errors>
</robot>
